"Kind","Agent_Id","Queue_Id","Stream_Id","Thread_Id","Dispatch_Id","Kernel_Id","Kernel_Name","Correlation_Id","Start_Timestamp","End_Timestamp","LDS_Block_Size","Scratch_Size","VGPR_Count","Accum_VGPR_Count","SGPR_Count","Workgroup_Size_X","Workgroup_Size_Y","Workgroup_Size_Z","Grid_Size_X","Grid_Size_Y","Grid_Size_Z"
"KERNEL_DISPATCH","Agent 2",1,1,1907135,2,9,"__amd_rocclr_copyBuffer",2,129713678088295,129713678092175,0,0,16,0,128,512,1,1,512,1,1
"KERNEL_DISPATCH","Agent 2",1,1,1907135,1,9,"__amd_rocclr_copyBuffer",1,129713678068014,129713678074494,0,0,16,0,128,512,1,1,512,1,1
"KERNEL_DISPATCH","Agent 2",1,1,1907135,3,22,"(anonymous namespace)::rotate_q_givens_f32_to_f16(float const*, __half*, float const*, float const*, int, int)",3,129713755557049,129713755602172,0,0,24,0,128,32,1,1,1572864,1,1
"KERNEL_DISPATCH","Agent 2",1,1,1907135,4,20,"void ck_tile::kentry<ck_tile::gfx11_t, 1, (anonymous namespace)::QuantizedFmhaKernel, (anonymous namespace)::QuantizedFmhaKernel::Kargs>((anonymous namespace)::QuantizedFmhaKernel::Kargs)",4,129713755794703,129713759226565,32768,400,256,0,128,128,1,1,3072,32,1
"KERNEL_DISPATCH","Agent 2",1,1,1907135,5,21,"(anonymous namespace)::convert_f16_to_f32(__half const*, float*, unsigned long)",5,129713759245767,129713759303490,0,0,8,0,128,256,1,1,6291456,1,1
"KERNEL_DISPATCH","Agent 2",1,1,1907135,6,22,"(anonymous namespace)::rotate_q_givens_f32_to_f16(float const*, __half*, float const*, float const*, int, int)",6,129713759307651,129713759501583,0,0,24,0,128,32,1,1,1572864,1,1
"KERNEL_DISPATCH","Agent 2",1,1,1907135,7,23,"hipfire::ck_attention::predecode_asym3_k_q8_v_f16(unsigned char const*, unsigned char const*, __half*, __half*, int, int, int)",7,129713759510584,129713759681115,0,0,16,0,128,32,1,1,65536,4,1
"KERNEL_DISPATCH","Agent 2",1,1,1907135,33,21,"(anonymous namespace)::convert_f16_to_f32(__half const*, float*, unsigned long)",33,129713778496931,129713778538094,0,0,8,0,128,256,1,1,6291456,1,1
"KERNEL_DISPATCH","Agent 2",1,1,1907135,28,23,"hipfire::ck_attention::predecode_asym3_k_q8_v_f16(unsigned char const*, unsigned char const*, __half*, __half*, int, int, int)",28,129713773989920,129713774112528,0,0,16,0,128,32,1,1,65536,4,1
"KERNEL_DISPATCH","Agent 2",1,1,1907135,23,21,"(anonymous namespace)::convert_f16_to_f32(__half const*, float*, unsigned long)",23,129713770439410,129713770482773,0,0,8,0,128,256,1,1,6291456,1,1
"KERNEL_DISPATCH","Agent 2",1,1,1907135,18,20,"void ck_tile::kentry<ck_tile::gfx11_t, 1, (anonymous namespace)::QuantizedFmhaKernel, (anonymous namespace)::QuantizedFmhaKernel::Kargs>((anonymous namespace)::QuantizedFmhaKernel::Kargs)",18,129713765924358,129713769084643,32768,400,256,0,128,128,1,1,3072,32,1
"KERNEL_DISPATCH","Agent 2",1,1,1907135,13,22,"(anonymous namespace)::rotate_q_givens_f32_to_f16(float const*, __half*, float const*, float const*, int, int)",13,129713764457104,129713764603953,0,0,24,0,128,32,1,1,1572864,1,1
"KERNEL_DISPATCH","Agent 2",1,1,1907135,8,24,"void ck_tile::kentry<ck_tile::gfx11_t, 1, ck_tile::FmhaFwdKernel<ck_tile::BlockFmhaPipelineQRKSVS<ck_tile::BlockFmhaPipelineProblem<_Float16, _Float16, _Float16, float, float, _Float16, unsigned char, float, _Float16, float, _Float16, ck_tile::TileFmhaShape<ck_tile::sequence<64, 64, 32, 256, 32, 256>, ck_tile::sequence<4, 1, 1>, ck_tile::sequence<16, 16, 16>, ck_tile::sequence<4, 1, 1>, ck_tile::sequence<16, 16, 16>, true>, false, ck_tile::ComposedAttention<0u, true>, ck_tile::SimplifiedGenericAttentionMask<true>, false, ck_tile::TileFmhaTraits<false, false, false, false, false, (ck_tile::BlockAttentionBiasEnum)0, false, false, false, (ck_tile::BlockAttentionQuantScaleEnum)0, -1, false> >, ck_tile::BlockFmhaPipelineQXKSVSCustomPolicy<true, false, 1, 1> >, ck_tile::DefaultGemm2DEpilogue<ck_tile::DefaultGemm2DEpilogueProblem<_Float16, _Float16, ck_tile::tuple<>, float, _Float16, ck_tile::tuple<>, ck_tile::tensor_layout::gemm::RowMajor, ck_tile::element_wise::PassThrough, 64, 256, false, false, 16, 16, 16, true, true, (ck_tile::memory_operation_enum)0>, void> >, ck_tile::FmhaFwdKernel<ck_tile::BlockFmhaPipelineQRKSVS<ck_tile::BlockFmhaPipelineProblem<_Float16, _Float16, _Float16, float, float, _Float16, unsigned char, float, _Float16, float, _Float16, ck_tile::TileFmhaShape<ck_tile::sequence<64, 64, 32, 256, 32, 256>, ck_tile::sequence<4, 1, 1>, ck_tile::sequence<16, 16, 16>, ck_tile::sequence<4, 1, 1>, ck_tile::sequence<16, 16, 16>, true>, false, ck_tile::ComposedAttention<0u, true>, ck_tile::SimplifiedGenericAttentionMask<true>, false, ck_tile::TileFmhaTraits<false, false, false, false, false, (ck_tile::BlockAttentionBiasEnum)0, false, false, false, (ck_tile::BlockAttentionQuantScaleEnum)0, -1, false> >, ck_tile::BlockFmhaPipelineQXKSVSCustomPolicy<true, false, 1, 1> >, ck_tile::DefaultGemm2DEpilogue<ck_tile::DefaultGemm2DEpilogueProblem<_Float16, _Float16, ck_tile::tuple<>, float, _Float16, ck_tile::tuple<>, ck_tile::tensor_layout::gemm::RowMajor, ck_tile::element_wise::PassThrough, 64, 256, false, false, 16, 16, 16, true, true, (ck_tile::memory_operation_enum)0>, void> >::FmhaFwdBatchModeKargs>(ck_tile::FmhaFwdKernel<ck_tile::BlockFmhaPipelineQRKSVS<ck_tile::BlockFmhaPipelineProblem<_Float16, _Float16, _Float16, float, float, _Float16, unsigned char, float, _Float16, float, _Float16, ck_tile::TileFmhaShape<ck_tile::sequence<64, 64, 32, 256, 32, 256>, ck_tile::sequence<4, 1, 1>, ck_tile::sequence<16, 16, 16>, ck_tile::sequence<4, 1, 1>, ck_tile::sequence<16, 16, 16>, true>, false, ck_tile::ComposedAttention<0u, true>, ck_tile::SimplifiedGenericAttentionMask<true>, false, ck_tile::TileFmhaTraits<false, false, false, false, false, (ck_tile::BlockAttentionBiasEnum)0, false, false, false, (ck_tile::BlockAttentionQuantScaleEnum)0, -1, false> >, ck_tile::BlockFmhaPipelineQXKSVSCustomPolicy<true, false, 1, 1> >, ck_tile::DefaultGemm2DEpilogue<ck_tile::DefaultGemm2DEpilogueProblem<_Float16, _Float16, ck_tile::tuple<>, float, _Float16, ck_tile::tuple<>, ck_tile::tensor_layout::gemm::RowMajor, ck_tile::element_wise::PassThrough, 64, 256, false, false, 16, 16, 16, true, true, (ck_tile::memory_operation_enum)0>, void> >::FmhaFwdBatchModeKargs)",8,129713759962973,129713761009161,32768,516,256,0,128,128,1,1,3072,32,1
"KERNEL_DISPATCH","Agent 2",1,1,1907135,9,21,"(anonymous namespace)::convert_f16_to_f32(__half const*, float*, unsigned long)",9,129713761028562,129713761075965,0,0,8,0,128,256,1,1,6291456,1,1
"KERNEL_DISPATCH","Agent 2",1,1,1907135,14,23,"hipfire::ck_attention::predecode_asym3_k_q8_v_f16(unsigned char const*, unsigned char const*, __half*, __half*, int, int, int)",14,129713764612274,129713764729521,0,0,16,0,128,32,1,1,65536,4,1
"KERNEL_DISPATCH","Agent 2",1,1,1907135,19,21,"(anonymous namespace)::convert_f16_to_f32(__half const*, float*, unsigned long)",19,129713769102644,129713769144607,0,0,8,0,128,256,1,1,6291456,1,1
"KERNEL_DISPATCH","Agent 2",1,1,1907135,24,22,"(anonymous namespace)::rotate_q_givens_f32_to_f16(float const*, __half*, float const*, float const*, int, int)",24,129713770486573,129713770628903,0,0,24,0,128,32,1,1,1572864,1,1
"KERNEL_DISPATCH","Agent 2",1,1,1907135,29,24,"void ck_tile::kentry<ck_tile::gfx11_t, 1, ck_tile::FmhaFwdKernel<ck_tile::BlockFmhaPipelineQRKSVS<ck_tile::BlockFmhaPipelineProblem<_Float16, _Float16, _Float16, float, float, _Float16, unsigned char, float, _Float16, float, _Float16, ck_tile::TileFmhaShape<ck_tile::sequence<64, 64, 32, 256, 32, 256>, ck_tile::sequence<4, 1, 1>, ck_tile::sequence<16, 16, 16>, ck_tile::sequence<4, 1, 1>, ck_tile::sequence<16, 16, 16>, true>, false, ck_tile::ComposedAttention<0u, true>, ck_tile::SimplifiedGenericAttentionMask<true>, false, ck_tile::TileFmhaTraits<false, false, false, false, false, (ck_tile::BlockAttentionBiasEnum)0, false, false, false, (ck_tile::BlockAttentionQuantScaleEnum)0, -1, false> >, ck_tile::BlockFmhaPipelineQXKSVSCustomPolicy<true, false, 1, 1> >, ck_tile::DefaultGemm2DEpilogue<ck_tile::DefaultGemm2DEpilogueProblem<_Float16, _Float16, ck_tile::tuple<>, float, _Float16, ck_tile::tuple<>, ck_tile::tensor_layout::gemm::RowMajor, ck_tile::element_wise::PassThrough, 64, 256, false, false, 16, 16, 16, true, true, (ck_tile::memory_operation_enum)0>, void> >, ck_tile::FmhaFwdKernel<ck_tile::BlockFmhaPipelineQRKSVS<ck_tile::BlockFmhaPipelineProblem<_Float16, _Float16, _Float16, float, float, _Float16, unsigned char, float, _Float16, float, _Float16, ck_tile::TileFmhaShape<ck_tile::sequence<64, 64, 32, 256, 32, 256>, ck_tile::sequence<4, 1, 1>, ck_tile::sequence<16, 16, 16>, ck_tile::sequence<4, 1, 1>, ck_tile::sequence<16, 16, 16>, true>, false, ck_tile::ComposedAttention<0u, true>, ck_tile::SimplifiedGenericAttentionMask<true>, false, ck_tile::TileFmhaTraits<false, false, false, false, false, (ck_tile::BlockAttentionBiasEnum)0, false, false, false, (ck_tile::BlockAttentionQuantScaleEnum)0, -1, false> >, ck_tile::BlockFmhaPipelineQXKSVSCustomPolicy<true, false, 1, 1> >, ck_tile::DefaultGemm2DEpilogue<ck_tile::DefaultGemm2DEpilogueProblem<_Float16, _Float16, ck_tile::tuple<>, float, _Float16, ck_tile::tuple<>, ck_tile::tensor_layout::gemm::RowMajor, ck_tile::element_wise::PassThrough, 64, 256, false, false, 16, 16, 16, true, true, (ck_tile::memory_operation_enum)0>, void> >::FmhaFwdBatchModeKargs>(ck_tile::FmhaFwdKernel<ck_tile::BlockFmhaPipelineQRKSVS<ck_tile::BlockFmhaPipelineProblem<_Float16, _Float16, _Float16, float, float, _Float16, unsigned char, float, _Float16, float, _Float16, ck_tile::TileFmhaShape<ck_tile::sequence<64, 64, 32, 256, 32, 256>, ck_tile::sequence<4, 1, 1>, ck_tile::sequence<16, 16, 16>, ck_tile::sequence<4, 1, 1>, ck_tile::sequence<16, 16, 16>, true>, false, ck_tile::ComposedAttention<0u, true>, ck_tile::SimplifiedGenericAttentionMask<true>, false, ck_tile::TileFmhaTraits<false, false, false, false, false, (ck_tile::BlockAttentionBiasEnum)0, false, false, false, (ck_tile::BlockAttentionQuantScaleEnum)0, -1, false> >, ck_tile::BlockFmhaPipelineQXKSVSCustomPolicy<true, false, 1, 1> >, ck_tile::DefaultGemm2DEpilogue<ck_tile::DefaultGemm2DEpilogueProblem<_Float16, _Float16, ck_tile::tuple<>, float, _Float16, ck_tile::tuple<>, ck_tile::tensor_layout::gemm::RowMajor, ck_tile::element_wise::PassThrough, 64, 256, false, false, 16, 16, 16, true, true, (ck_tile::memory_operation_enum)0>, void> >::FmhaFwdBatchModeKargs)",29,129713774121008,129713775164956,32768,516,256,0,128,128,1,1,3072,32,1
"KERNEL_DISPATCH","Agent 2",1,1,1907135,10,22,"(anonymous namespace)::rotate_q_givens_f32_to_f16(float const*, __half*, float const*, float const*, int, int)",10,129713761079725,129713761429508,0,0,24,0,128,32,1,1,1572864,1,1
"KERNEL_DISPATCH","Agent 2",1,1,1907135,15,24,"void ck_tile::kentry<ck_tile::gfx11_t, 1, ck_tile::FmhaFwdKernel<ck_tile::BlockFmhaPipelineQRKSVS<ck_tile::BlockFmhaPipelineProblem<_Float16, _Float16, _Float16, float, float, _Float16, unsigned char, float, _Float16, float, _Float16, ck_tile::TileFmhaShape<ck_tile::sequence<64, 64, 32, 256, 32, 256>, ck_tile::sequence<4, 1, 1>, ck_tile::sequence<16, 16, 16>, ck_tile::sequence<4, 1, 1>, ck_tile::sequence<16, 16, 16>, true>, false, ck_tile::ComposedAttention<0u, true>, ck_tile::SimplifiedGenericAttentionMask<true>, false, ck_tile::TileFmhaTraits<false, false, false, false, false, (ck_tile::BlockAttentionBiasEnum)0, false, false, false, (ck_tile::BlockAttentionQuantScaleEnum)0, -1, false> >, ck_tile::BlockFmhaPipelineQXKSVSCustomPolicy<true, false, 1, 1> >, ck_tile::DefaultGemm2DEpilogue<ck_tile::DefaultGemm2DEpilogueProblem<_Float16, _Float16, ck_tile::tuple<>, float, _Float16, ck_tile::tuple<>, ck_tile::tensor_layout::gemm::RowMajor, ck_tile::element_wise::PassThrough, 64, 256, false, false, 16, 16, 16, true, true, (ck_tile::memory_operation_enum)0>, void> >, ck_tile::FmhaFwdKernel<ck_tile::BlockFmhaPipelineQRKSVS<ck_tile::BlockFmhaPipelineProblem<_Float16, _Float16, _Float16, float, float, _Float16, unsigned char, float, _Float16, float, _Float16, ck_tile::TileFmhaShape<ck_tile::sequence<64, 64, 32, 256, 32, 256>, ck_tile::sequence<4, 1, 1>, ck_tile::sequence<16, 16, 16>, ck_tile::sequence<4, 1, 1>, ck_tile::sequence<16, 16, 16>, true>, false, ck_tile::ComposedAttention<0u, true>, ck_tile::SimplifiedGenericAttentionMask<true>, false, ck_tile::TileFmhaTraits<false, false, false, false, false, (ck_tile::BlockAttentionBiasEnum)0, false, false, false, (ck_tile::BlockAttentionQuantScaleEnum)0, -1, false> >, ck_tile::BlockFmhaPipelineQXKSVSCustomPolicy<true, false, 1, 1> >, ck_tile::DefaultGemm2DEpilogue<ck_tile::DefaultGemm2DEpilogueProblem<_Float16, _Float16, ck_tile::tuple<>, float, _Float16, ck_tile::tuple<>, ck_tile::tensor_layout::gemm::RowMajor, ck_tile::element_wise::PassThrough, 64, 256, false, false, 16, 16, 16, true, true, (ck_tile::memory_operation_enum)0>, void> >::FmhaFwdBatchModeKargs>(ck_tile::FmhaFwdKernel<ck_tile::BlockFmhaPipelineQRKSVS<ck_tile::BlockFmhaPipelineProblem<_Float16, _Float16, _Float16, float, float, _Float16, unsigned char, float, _Float16, float, _Float16, ck_tile::TileFmhaShape<ck_tile::sequence<64, 64, 32, 256, 32, 256>, ck_tile::sequence<4, 1, 1>, ck_tile::sequence<16, 16, 16>, ck_tile::sequence<4, 1, 1>, ck_tile::sequence<16, 16, 16>, true>, false, ck_tile::ComposedAttention<0u, true>, ck_tile::SimplifiedGenericAttentionMask<true>, false, ck_tile::TileFmhaTraits<false, false, false, false, false, (ck_tile::BlockAttentionBiasEnum)0, false, false, false, (ck_tile::BlockAttentionQuantScaleEnum)0, -1, false> >, ck_tile::BlockFmhaPipelineQXKSVSCustomPolicy<true, false, 1, 1> >, ck_tile::DefaultGemm2DEpilogue<ck_tile::DefaultGemm2DEpilogueProblem<_Float16, _Float16, ck_tile::tuple<>, float, _Float16, ck_tile::tuple<>, ck_tile::tensor_layout::gemm::RowMajor, ck_tile::element_wise::PassThrough, 64, 256, false, false, 16, 16, 16, true, true, (ck_tile::memory_operation_enum)0>, void> >::FmhaFwdBatchModeKargs)",15,129713764737882,129713765697904,32768,516,256,0,128,128,1,1,3072,32,1
"KERNEL_DISPATCH","Agent 2",1,1,1907135,20,22,"(anonymous namespace)::rotate_q_givens_f32_to_f16(float const*, __half*, float const*, float const*, int, int)",20,129713769148487,129713769295416,0,0,24,0,128,32,1,1,1572864,1,1
"KERNEL_DISPATCH","Agent 2",1,1,1907135,25,20,"void ck_tile::kentry<ck_tile::gfx11_t, 1, (anonymous namespace)::QuantizedFmhaKernel, (anonymous namespace)::QuantizedFmhaKernel::Kargs>((anonymous namespace)::QuantizedFmhaKernel::Kargs)",25,129713770637303,129713773772266,32768,400,256,0,128,128,1,1,3072,32,1
"KERNEL_DISPATCH","Agent 2",1,1,1907135,30,21,"(anonymous namespace)::convert_f16_to_f32(__half const*, float*, unsigned long)",30,129713775182117,129713775227320,0,0,8,0,128,256,1,1,6291456,1,1
"KERNEL_DISPATCH","Agent 2",1,1,1907135,34,22,"(anonymous namespace)::rotate_q_givens_f32_to_f16(float const*, __half*, float const*, float const*, int, int)",34,129713778541894,129713778689144,0,0,24,0,128,32,1,1,1572864,1,1
"KERNEL_DISPATCH","Agent 2",1,1,1907135,11,20,"void ck_tile::kentry<ck_tile::gfx11_t, 1, (anonymous namespace)::QuantizedFmhaKernel, (anonymous namespace)::QuantizedFmhaKernel::Kargs>((anonymous namespace)::QuantizedFmhaKernel::Kargs)",11,129713761438068,129713764394659,32768,400,256,0,128,128,1,1,3072,32,1
"KERNEL_DISPATCH","Agent 2",1,1,1907135,16,21,"(anonymous namespace)::convert_f16_to_f32(__half const*, float*, unsigned long)",16,129713765714945,129713765757748,0,0,8,0,128,256,1,1,6291456,1,1
"KERNEL_DISPATCH","Agent 2",1,1,1907135,21,23,"hipfire::ck_attention::predecode_asym3_k_q8_v_f16(unsigned char const*, unsigned char const*, __half*, __half*, int, int, int)",21,129713769304057,129713769430425,0,0,16,0,128,32,1,1,65536,4,1
"KERNEL_DISPATCH","Agent 2",1,1,1907135,26,21,"(anonymous namespace)::convert_f16_to_f32(__half const*, float*, unsigned long)",26,129713773789547,129713773831830,0,0,8,0,128,256,1,1,6291456,1,1
"KERNEL_DISPATCH","Agent 2",1,1,1907135,31,22,"(anonymous namespace)::rotate_q_givens_f32_to_f16(float const*, __half*, float const*, float const*, int, int)",31,129713775231440,129713775372689,0,0,24,0,128,32,1,1,1572864,1,1
"KERNEL_DISPATCH","Agent 2",1,1,1907135,12,21,"(anonymous namespace)::convert_f16_to_f32(__half const*, float*, unsigned long)",12,129713764411581,129713764453343,0,0,8,0,128,256,1,1,6291456,1,1
"KERNEL_DISPATCH","Agent 2",1,1,1907135,17,22,"(anonymous namespace)::rotate_q_givens_f32_to_f16(float const*, __half*, float const*, float const*, int, int)",17,129713765761508,129713765919798,0,0,24,0,128,32,1,1,1572864,1,1
"KERNEL_DISPATCH","Agent 2",1,1,1907135,22,24,"void ck_tile::kentry<ck_tile::gfx11_t, 1, ck_tile::FmhaFwdKernel<ck_tile::BlockFmhaPipelineQRKSVS<ck_tile::BlockFmhaPipelineProblem<_Float16, _Float16, _Float16, float, float, _Float16, unsigned char, float, _Float16, float, _Float16, ck_tile::TileFmhaShape<ck_tile::sequence<64, 64, 32, 256, 32, 256>, ck_tile::sequence<4, 1, 1>, ck_tile::sequence<16, 16, 16>, ck_tile::sequence<4, 1, 1>, ck_tile::sequence<16, 16, 16>, true>, false, ck_tile::ComposedAttention<0u, true>, ck_tile::SimplifiedGenericAttentionMask<true>, false, ck_tile::TileFmhaTraits<false, false, false, false, false, (ck_tile::BlockAttentionBiasEnum)0, false, false, false, (ck_tile::BlockAttentionQuantScaleEnum)0, -1, false> >, ck_tile::BlockFmhaPipelineQXKSVSCustomPolicy<true, false, 1, 1> >, ck_tile::DefaultGemm2DEpilogue<ck_tile::DefaultGemm2DEpilogueProblem<_Float16, _Float16, ck_tile::tuple<>, float, _Float16, ck_tile::tuple<>, ck_tile::tensor_layout::gemm::RowMajor, ck_tile::element_wise::PassThrough, 64, 256, false, false, 16, 16, 16, true, true, (ck_tile::memory_operation_enum)0>, void> >, ck_tile::FmhaFwdKernel<ck_tile::BlockFmhaPipelineQRKSVS<ck_tile::BlockFmhaPipelineProblem<_Float16, _Float16, _Float16, float, float, _Float16, unsigned char, float, _Float16, float, _Float16, ck_tile::TileFmhaShape<ck_tile::sequence<64, 64, 32, 256, 32, 256>, ck_tile::sequence<4, 1, 1>, ck_tile::sequence<16, 16, 16>, ck_tile::sequence<4, 1, 1>, ck_tile::sequence<16, 16, 16>, true>, false, ck_tile::ComposedAttention<0u, true>, ck_tile::SimplifiedGenericAttentionMask<true>, false, ck_tile::TileFmhaTraits<false, false, false, false, false, (ck_tile::BlockAttentionBiasEnum)0, false, false, false, (ck_tile::BlockAttentionQuantScaleEnum)0, -1, false> >, ck_tile::BlockFmhaPipelineQXKSVSCustomPolicy<true, false, 1, 1> >, ck_tile::DefaultGemm2DEpilogue<ck_tile::DefaultGemm2DEpilogueProblem<_Float16, _Float16, ck_tile::tuple<>, float, _Float16, ck_tile::tuple<>, ck_tile::tensor_layout::gemm::RowMajor, ck_tile::element_wise::PassThrough, 64, 256, false, false, 16, 16, 16, true, true, (ck_tile::memory_operation_enum)0>, void> >::FmhaFwdBatchModeKargs>(ck_tile::FmhaFwdKernel<ck_tile::BlockFmhaPipelineQRKSVS<ck_tile::BlockFmhaPipelineProblem<_Float16, _Float16, _Float16, float, float, _Float16, unsigned char, float, _Float16, float, _Float16, ck_tile::TileFmhaShape<ck_tile::sequence<64, 64, 32, 256, 32, 256>, ck_tile::sequence<4, 1, 1>, ck_tile::sequence<16, 16, 16>, ck_tile::sequence<4, 1, 1>, ck_tile::sequence<16, 16, 16>, true>, false, ck_tile::ComposedAttention<0u, true>, ck_tile::SimplifiedGenericAttentionMask<true>, false, ck_tile::TileFmhaTraits<false, false, false, false, false, (ck_tile::BlockAttentionBiasEnum)0, false, false, false, (ck_tile::BlockAttentionQuantScaleEnum)0, -1, false> >, ck_tile::BlockFmhaPipelineQXKSVSCustomPolicy<true, false, 1, 1> >, ck_tile::DefaultGemm2DEpilogue<ck_tile::DefaultGemm2DEpilogueProblem<_Float16, _Float16, ck_tile::tuple<>, float, _Float16, ck_tile::tuple<>, ck_tile::tensor_layout::gemm::RowMajor, ck_tile::element_wise::PassThrough, 64, 256, false, false, 16, 16, 16, true, true, (ck_tile::memory_operation_enum)0>, void> >::FmhaFwdBatchModeKargs)",22,129713769438786,129713770422329,32768,516,256,0,128,128,1,1,3072,32,1
"KERNEL_DISPATCH","Agent 2",1,1,1907135,27,22,"(anonymous namespace)::rotate_q_givens_f32_to_f16(float const*, __half*, float const*, float const*, int, int)",27,129713773835710,129713773981479,0,0,24,0,128,32,1,1,1572864,1,1
"KERNEL_DISPATCH","Agent 2",1,1,1907135,32,20,"void ck_tile::kentry<ck_tile::gfx11_t, 1, (anonymous namespace)::QuantizedFmhaKernel, (anonymous namespace)::QuantizedFmhaKernel::Kargs>((anonymous namespace)::QuantizedFmhaKernel::Kargs)",32,129713775381090,129713778479930,32768,400,256,0,128,128,1,1,3072,32,1
"KERNEL_DISPATCH","Agent 2",1,1,1907135,35,23,"hipfire::ck_attention::predecode_asym3_k_q8_v_f16(unsigned char const*, unsigned char const*, __half*, __half*, int, int, int)",35,129713778697544,129713778792311,0,0,16,0,128,32,1,1,65536,4,1
"KERNEL_DISPATCH","Agent 2",1,1,1907135,36,24,"void ck_tile::kentry<ck_tile::gfx11_t, 1, ck_tile::FmhaFwdKernel<ck_tile::BlockFmhaPipelineQRKSVS<ck_tile::BlockFmhaPipelineProblem<_Float16, _Float16, _Float16, float, float, _Float16, unsigned char, float, _Float16, float, _Float16, ck_tile::TileFmhaShape<ck_tile::sequence<64, 64, 32, 256, 32, 256>, ck_tile::sequence<4, 1, 1>, ck_tile::sequence<16, 16, 16>, ck_tile::sequence<4, 1, 1>, ck_tile::sequence<16, 16, 16>, true>, false, ck_tile::ComposedAttention<0u, true>, ck_tile::SimplifiedGenericAttentionMask<true>, false, ck_tile::TileFmhaTraits<false, false, false, false, false, (ck_tile::BlockAttentionBiasEnum)0, false, false, false, (ck_tile::BlockAttentionQuantScaleEnum)0, -1, false> >, ck_tile::BlockFmhaPipelineQXKSVSCustomPolicy<true, false, 1, 1> >, ck_tile::DefaultGemm2DEpilogue<ck_tile::DefaultGemm2DEpilogueProblem<_Float16, _Float16, ck_tile::tuple<>, float, _Float16, ck_tile::tuple<>, ck_tile::tensor_layout::gemm::RowMajor, ck_tile::element_wise::PassThrough, 64, 256, false, false, 16, 16, 16, true, true, (ck_tile::memory_operation_enum)0>, void> >, ck_tile::FmhaFwdKernel<ck_tile::BlockFmhaPipelineQRKSVS<ck_tile::BlockFmhaPipelineProblem<_Float16, _Float16, _Float16, float, float, _Float16, unsigned char, float, _Float16, float, _Float16, ck_tile::TileFmhaShape<ck_tile::sequence<64, 64, 32, 256, 32, 256>, ck_tile::sequence<4, 1, 1>, ck_tile::sequence<16, 16, 16>, ck_tile::sequence<4, 1, 1>, ck_tile::sequence<16, 16, 16>, true>, false, ck_tile::ComposedAttention<0u, true>, ck_tile::SimplifiedGenericAttentionMask<true>, false, ck_tile::TileFmhaTraits<false, false, false, false, false, (ck_tile::BlockAttentionBiasEnum)0, false, false, false, (ck_tile::BlockAttentionQuantScaleEnum)0, -1, false> >, ck_tile::BlockFmhaPipelineQXKSVSCustomPolicy<true, false, 1, 1> >, ck_tile::DefaultGemm2DEpilogue<ck_tile::DefaultGemm2DEpilogueProblem<_Float16, _Float16, ck_tile::tuple<>, float, _Float16, ck_tile::tuple<>, ck_tile::tensor_layout::gemm::RowMajor, ck_tile::element_wise::PassThrough, 64, 256, false, false, 16, 16, 16, true, true, (ck_tile::memory_operation_enum)0>, void> >::FmhaFwdBatchModeKargs>(ck_tile::FmhaFwdKernel<ck_tile::BlockFmhaPipelineQRKSVS<ck_tile::BlockFmhaPipelineProblem<_Float16, _Float16, _Float16, float, float, _Float16, unsigned char, float, _Float16, float, _Float16, ck_tile::TileFmhaShape<ck_tile::sequence<64, 64, 32, 256, 32, 256>, ck_tile::sequence<4, 1, 1>, ck_tile::sequence<16, 16, 16>, ck_tile::sequence<4, 1, 1>, ck_tile::sequence<16, 16, 16>, true>, false, ck_tile::ComposedAttention<0u, true>, ck_tile::SimplifiedGenericAttentionMask<true>, false, ck_tile::TileFmhaTraits<false, false, false, false, false, (ck_tile::BlockAttentionBiasEnum)0, false, false, false, (ck_tile::BlockAttentionQuantScaleEnum)0, -1, false> >, ck_tile::BlockFmhaPipelineQXKSVSCustomPolicy<true, false, 1, 1> >, ck_tile::DefaultGemm2DEpilogue<ck_tile::DefaultGemm2DEpilogueProblem<_Float16, _Float16, ck_tile::tuple<>, float, _Float16, ck_tile::tuple<>, ck_tile::tensor_layout::gemm::RowMajor, ck_tile::element_wise::PassThrough, 64, 256, false, false, 16, 16, 16, true, true, (ck_tile::memory_operation_enum)0>, void> >::FmhaFwdBatchModeKargs)",36,129713778800671,129713779816937,32768,516,256,0,128,128,1,1,3072,32,1
"KERNEL_DISPATCH","Agent 2",1,1,1907135,37,21,"(anonymous namespace)::convert_f16_to_f32(__half const*, float*, unsigned long)",37,129713779834298,129713779879501,0,0,8,0,128,256,1,1,6291456,1,1
"KERNEL_DISPATCH","Agent 2",1,1,1907135,38,22,"(anonymous namespace)::rotate_q_givens_f32_to_f16(float const*, __half*, float const*, float const*, int, int)",38,129713779949505,129713780087394,0,0,24,0,128,32,1,1,1572864,1,1
"KERNEL_DISPATCH","Agent 2",1,1,1907135,39,20,"void ck_tile::kentry<ck_tile::gfx11_t, 1, (anonymous namespace)::QuantizedFmhaKernel, (anonymous namespace)::QuantizedFmhaKernel::Kargs>((anonymous namespace)::QuantizedFmhaKernel::Kargs)",39,129713780097475,129713783228277,32768,400,256,0,128,128,1,1,3072,32,1
"KERNEL_DISPATCH","Agent 2",1,1,1907135,40,21,"(anonymous namespace)::convert_f16_to_f32(__half const*, float*, unsigned long)",40,129713783245238,129713783286521,0,0,8,0,128,256,1,1,6291456,1,1
"KERNEL_DISPATCH","Agent 2",1,1,1907135,41,22,"(anonymous namespace)::rotate_q_givens_f32_to_f16(float const*, __half*, float const*, float const*, int, int)",41,129713783321163,129713783464053,0,0,24,0,128,32,1,1,1572864,1,1
"KERNEL_DISPATCH","Agent 2",1,1,1907135,42,23,"hipfire::ck_attention::predecode_asym3_k_q8_v_f16(unsigned char const*, unsigned char const*, __half*, __half*, int, int, int)",42,129713783472533,129713783597861,0,0,16,0,128,32,1,1,65536,4,1
"KERNEL_DISPATCH","Agent 2",1,1,1907135,43,24,"void ck_tile::kentry<ck_tile::gfx11_t, 1, ck_tile::FmhaFwdKernel<ck_tile::BlockFmhaPipelineQRKSVS<ck_tile::BlockFmhaPipelineProblem<_Float16, _Float16, _Float16, float, float, _Float16, unsigned char, float, _Float16, float, _Float16, ck_tile::TileFmhaShape<ck_tile::sequence<64, 64, 32, 256, 32, 256>, ck_tile::sequence<4, 1, 1>, ck_tile::sequence<16, 16, 16>, ck_tile::sequence<4, 1, 1>, ck_tile::sequence<16, 16, 16>, true>, false, ck_tile::ComposedAttention<0u, true>, ck_tile::SimplifiedGenericAttentionMask<true>, false, ck_tile::TileFmhaTraits<false, false, false, false, false, (ck_tile::BlockAttentionBiasEnum)0, false, false, false, (ck_tile::BlockAttentionQuantScaleEnum)0, -1, false> >, ck_tile::BlockFmhaPipelineQXKSVSCustomPolicy<true, false, 1, 1> >, ck_tile::DefaultGemm2DEpilogue<ck_tile::DefaultGemm2DEpilogueProblem<_Float16, _Float16, ck_tile::tuple<>, float, _Float16, ck_tile::tuple<>, ck_tile::tensor_layout::gemm::RowMajor, ck_tile::element_wise::PassThrough, 64, 256, false, false, 16, 16, 16, true, true, (ck_tile::memory_operation_enum)0>, void> >, ck_tile::FmhaFwdKernel<ck_tile::BlockFmhaPipelineQRKSVS<ck_tile::BlockFmhaPipelineProblem<_Float16, _Float16, _Float16, float, float, _Float16, unsigned char, float, _Float16, float, _Float16, ck_tile::TileFmhaShape<ck_tile::sequence<64, 64, 32, 256, 32, 256>, ck_tile::sequence<4, 1, 1>, ck_tile::sequence<16, 16, 16>, ck_tile::sequence<4, 1, 1>, ck_tile::sequence<16, 16, 16>, true>, false, ck_tile::ComposedAttention<0u, true>, ck_tile::SimplifiedGenericAttentionMask<true>, false, ck_tile::TileFmhaTraits<false, false, false, false, false, (ck_tile::BlockAttentionBiasEnum)0, false, false, false, (ck_tile::BlockAttentionQuantScaleEnum)0, -1, false> >, ck_tile::BlockFmhaPipelineQXKSVSCustomPolicy<true, false, 1, 1> >, ck_tile::DefaultGemm2DEpilogue<ck_tile::DefaultGemm2DEpilogueProblem<_Float16, _Float16, ck_tile::tuple<>, float, _Float16, ck_tile::tuple<>, ck_tile::tensor_layout::gemm::RowMajor, ck_tile::element_wise::PassThrough, 64, 256, false, false, 16, 16, 16, true, true, (ck_tile::memory_operation_enum)0>, void> >::FmhaFwdBatchModeKargs>(ck_tile::FmhaFwdKernel<ck_tile::BlockFmhaPipelineQRKSVS<ck_tile::BlockFmhaPipelineProblem<_Float16, _Float16, _Float16, float, float, _Float16, unsigned char, float, _Float16, float, _Float16, ck_tile::TileFmhaShape<ck_tile::sequence<64, 64, 32, 256, 32, 256>, ck_tile::sequence<4, 1, 1>, ck_tile::sequence<16, 16, 16>, ck_tile::sequence<4, 1, 1>, ck_tile::sequence<16, 16, 16>, true>, false, ck_tile::ComposedAttention<0u, true>, ck_tile::SimplifiedGenericAttentionMask<true>, false, ck_tile::TileFmhaTraits<false, false, false, false, false, (ck_tile::BlockAttentionBiasEnum)0, false, false, false, (ck_tile::BlockAttentionQuantScaleEnum)0, -1, false> >, ck_tile::BlockFmhaPipelineQXKSVSCustomPolicy<true, false, 1, 1> >, ck_tile::DefaultGemm2DEpilogue<ck_tile::DefaultGemm2DEpilogueProblem<_Float16, _Float16, ck_tile::tuple<>, float, _Float16, ck_tile::tuple<>, ck_tile::tensor_layout::gemm::RowMajor, ck_tile::element_wise::PassThrough, 64, 256, false, false, 16, 16, 16, true, true, (ck_tile::memory_operation_enum)0>, void> >::FmhaFwdBatchModeKargs)",43,129713783606582,129713784639489,32768,516,256,0,128,128,1,1,3072,32,1
"KERNEL_DISPATCH","Agent 2",1,1,1907135,44,21,"(anonymous namespace)::convert_f16_to_f32(__half const*, float*, unsigned long)",44,129713784656650,129713784702173,0,0,8,0,128,256,1,1,6291456,1,1
"KERNEL_DISPATCH","Agent 2",1,1,1907135,45,22,"(anonymous namespace)::rotate_q_givens_f32_to_f16(float const*, __half*, float const*, float const*, int, int)",45,129713784733545,129713784870034,0,0,24,0,128,32,1,1,1572864,1,1
"KERNEL_DISPATCH","Agent 2",1,1,1907135,46,23,"hipfire::ck_attention::predecode_asym3_k_q8_v_f16(unsigned char const*, unsigned char const*, __half*, __half*, int, int, int)",46,129713784878554,129713784996242,0,0,16,0,128,32,1,1,65536,4,1
"KERNEL_DISPATCH","Agent 2",1,1,1907135,47,24,"void ck_tile::kentry<ck_tile::gfx11_t, 1, ck_tile::FmhaFwdKernel<ck_tile::BlockFmhaPipelineQRKSVS<ck_tile::BlockFmhaPipelineProblem<_Float16, _Float16, _Float16, float, float, _Float16, unsigned char, float, _Float16, float, _Float16, ck_tile::TileFmhaShape<ck_tile::sequence<64, 64, 32, 256, 32, 256>, ck_tile::sequence<4, 1, 1>, ck_tile::sequence<16, 16, 16>, ck_tile::sequence<4, 1, 1>, ck_tile::sequence<16, 16, 16>, true>, false, ck_tile::ComposedAttention<0u, true>, ck_tile::SimplifiedGenericAttentionMask<true>, false, ck_tile::TileFmhaTraits<false, false, false, false, false, (ck_tile::BlockAttentionBiasEnum)0, false, false, false, (ck_tile::BlockAttentionQuantScaleEnum)0, -1, false> >, ck_tile::BlockFmhaPipelineQXKSVSCustomPolicy<true, false, 1, 1> >, ck_tile::DefaultGemm2DEpilogue<ck_tile::DefaultGemm2DEpilogueProblem<_Float16, _Float16, ck_tile::tuple<>, float, _Float16, ck_tile::tuple<>, ck_tile::tensor_layout::gemm::RowMajor, ck_tile::element_wise::PassThrough, 64, 256, false, false, 16, 16, 16, true, true, (ck_tile::memory_operation_enum)0>, void> >, ck_tile::FmhaFwdKernel<ck_tile::BlockFmhaPipelineQRKSVS<ck_tile::BlockFmhaPipelineProblem<_Float16, _Float16, _Float16, float, float, _Float16, unsigned char, float, _Float16, float, _Float16, ck_tile::TileFmhaShape<ck_tile::sequence<64, 64, 32, 256, 32, 256>, ck_tile::sequence<4, 1, 1>, ck_tile::sequence<16, 16, 16>, ck_tile::sequence<4, 1, 1>, ck_tile::sequence<16, 16, 16>, true>, false, ck_tile::ComposedAttention<0u, true>, ck_tile::SimplifiedGenericAttentionMask<true>, false, ck_tile::TileFmhaTraits<false, false, false, false, false, (ck_tile::BlockAttentionBiasEnum)0, false, false, false, (ck_tile::BlockAttentionQuantScaleEnum)0, -1, false> >, ck_tile::BlockFmhaPipelineQXKSVSCustomPolicy<true, false, 1, 1> >, ck_tile::DefaultGemm2DEpilogue<ck_tile::DefaultGemm2DEpilogueProblem<_Float16, _Float16, ck_tile::tuple<>, float, _Float16, ck_tile::tuple<>, ck_tile::tensor_layout::gemm::RowMajor, ck_tile::element_wise::PassThrough, 64, 256, false, false, 16, 16, 16, true, true, (ck_tile::memory_operation_enum)0>, void> >::FmhaFwdBatchModeKargs>(ck_tile::FmhaFwdKernel<ck_tile::BlockFmhaPipelineQRKSVS<ck_tile::BlockFmhaPipelineProblem<_Float16, _Float16, _Float16, float, float, _Float16, unsigned char, float, _Float16, float, _Float16, ck_tile::TileFmhaShape<ck_tile::sequence<64, 64, 32, 256, 32, 256>, ck_tile::sequence<4, 1, 1>, ck_tile::sequence<16, 16, 16>, ck_tile::sequence<4, 1, 1>, ck_tile::sequence<16, 16, 16>, true>, false, ck_tile::ComposedAttention<0u, true>, ck_tile::SimplifiedGenericAttentionMask<true>, false, ck_tile::TileFmhaTraits<false, false, false, false, false, (ck_tile::BlockAttentionBiasEnum)0, false, false, false, (ck_tile::BlockAttentionQuantScaleEnum)0, -1, false> >, ck_tile::BlockFmhaPipelineQXKSVSCustomPolicy<true, false, 1, 1> >, ck_tile::DefaultGemm2DEpilogue<ck_tile::DefaultGemm2DEpilogueProblem<_Float16, _Float16, ck_tile::tuple<>, float, _Float16, ck_tile::tuple<>, ck_tile::tensor_layout::gemm::RowMajor, ck_tile::element_wise::PassThrough, 64, 256, false, false, 16, 16, 16, true, true, (ck_tile::memory_operation_enum)0>, void> >::FmhaFwdBatchModeKargs)",47,129713785004642,129713786023068,32768,516,256,0,128,128,1,1,3072,32,1
"KERNEL_DISPATCH","Agent 2",1,1,1907135,48,21,"(anonymous namespace)::convert_f16_to_f32(__half const*, float*, unsigned long)",48,129713786040349,129713786085472,0,0,8,0,128,256,1,1,6291456,1,1
"KERNEL_DISPATCH","Agent 2",1,1,1907135,49,22,"(anonymous namespace)::rotate_q_givens_f32_to_f16(float const*, __half*, float const*, float const*, int, int)",49,129713786121254,129713786256983,0,0,24,0,128,32,1,1,1572864,1,1
"KERNEL_DISPATCH","Agent 2",1,1,1907135,50,20,"void ck_tile::kentry<ck_tile::gfx11_t, 1, (anonymous namespace)::QuantizedFmhaKernel, (anonymous namespace)::QuantizedFmhaKernel::Kargs>((anonymous namespace)::QuantizedFmhaKernel::Kargs)",50,129713786265373,129713789415776,32768,400,256,0,128,128,1,1,3072,32,1
"KERNEL_DISPATCH","Agent 2",1,1,1907135,51,21,"(anonymous namespace)::convert_f16_to_f32(__half const*, float*, unsigned long)",51,129713789432937,129713789474499,0,0,8,0,128,256,1,1,6291456,1,1
"KERNEL_DISPATCH","Agent 2",1,1,1907135,52,22,"(anonymous namespace)::rotate_q_givens_f32_to_f16(float const*, __half*, float const*, float const*, int, int)",52,129713789505151,129713789661881,0,0,24,0,128,32,1,1,1572864,1,1
"KERNEL_DISPATCH","Agent 2",1,1,1907135,53,20,"void ck_tile::kentry<ck_tile::gfx11_t, 1, (anonymous namespace)::QuantizedFmhaKernel, (anonymous namespace)::QuantizedFmhaKernel::Kargs>((anonymous namespace)::QuantizedFmhaKernel::Kargs)",53,129713789666441,129713792828125,32768,400,256,0,128,128,1,1,3072,32,1
"KERNEL_DISPATCH","Agent 2",1,1,1907135,54,21,"(anonymous namespace)::convert_f16_to_f32(__half const*, float*, unsigned long)",54,129713792845126,129713792887929,0,0,8,0,128,256,1,1,6291456,1,1
"KERNEL_DISPATCH","Agent 2",1,1,1907135,55,22,"(anonymous namespace)::rotate_q_givens_f32_to_f16(float const*, __half*, float const*, float const*, int, int)",55,129713792919791,129713793062000,0,0,24,0,128,32,1,1,1572864,1,1
"KERNEL_DISPATCH","Agent 2",1,1,1907135,56,23,"hipfire::ck_attention::predecode_asym3_k_q8_v_f16(unsigned char const*, unsigned char const*, __half*, __half*, int, int, int)",56,129713793070480,129713793184448,0,0,16,0,128,32,1,1,65536,4,1
"KERNEL_DISPATCH","Agent 2",1,1,1907135,57,24,"void ck_tile::kentry<ck_tile::gfx11_t, 1, ck_tile::FmhaFwdKernel<ck_tile::BlockFmhaPipelineQRKSVS<ck_tile::BlockFmhaPipelineProblem<_Float16, _Float16, _Float16, float, float, _Float16, unsigned char, float, _Float16, float, _Float16, ck_tile::TileFmhaShape<ck_tile::sequence<64, 64, 32, 256, 32, 256>, ck_tile::sequence<4, 1, 1>, ck_tile::sequence<16, 16, 16>, ck_tile::sequence<4, 1, 1>, ck_tile::sequence<16, 16, 16>, true>, false, ck_tile::ComposedAttention<0u, true>, ck_tile::SimplifiedGenericAttentionMask<true>, false, ck_tile::TileFmhaTraits<false, false, false, false, false, (ck_tile::BlockAttentionBiasEnum)0, false, false, false, (ck_tile::BlockAttentionQuantScaleEnum)0, -1, false> >, ck_tile::BlockFmhaPipelineQXKSVSCustomPolicy<true, false, 1, 1> >, ck_tile::DefaultGemm2DEpilogue<ck_tile::DefaultGemm2DEpilogueProblem<_Float16, _Float16, ck_tile::tuple<>, float, _Float16, ck_tile::tuple<>, ck_tile::tensor_layout::gemm::RowMajor, ck_tile::element_wise::PassThrough, 64, 256, false, false, 16, 16, 16, true, true, (ck_tile::memory_operation_enum)0>, void> >, ck_tile::FmhaFwdKernel<ck_tile::BlockFmhaPipelineQRKSVS<ck_tile::BlockFmhaPipelineProblem<_Float16, _Float16, _Float16, float, float, _Float16, unsigned char, float, _Float16, float, _Float16, ck_tile::TileFmhaShape<ck_tile::sequence<64, 64, 32, 256, 32, 256>, ck_tile::sequence<4, 1, 1>, ck_tile::sequence<16, 16, 16>, ck_tile::sequence<4, 1, 1>, ck_tile::sequence<16, 16, 16>, true>, false, ck_tile::ComposedAttention<0u, true>, ck_tile::SimplifiedGenericAttentionMask<true>, false, ck_tile::TileFmhaTraits<false, false, false, false, false, (ck_tile::BlockAttentionBiasEnum)0, false, false, false, (ck_tile::BlockAttentionQuantScaleEnum)0, -1, false> >, ck_tile::BlockFmhaPipelineQXKSVSCustomPolicy<true, false, 1, 1> >, ck_tile::DefaultGemm2DEpilogue<ck_tile::DefaultGemm2DEpilogueProblem<_Float16, _Float16, ck_tile::tuple<>, float, _Float16, ck_tile::tuple<>, ck_tile::tensor_layout::gemm::RowMajor, ck_tile::element_wise::PassThrough, 64, 256, false, false, 16, 16, 16, true, true, (ck_tile::memory_operation_enum)0>, void> >::FmhaFwdBatchModeKargs>(ck_tile::FmhaFwdKernel<ck_tile::BlockFmhaPipelineQRKSVS<ck_tile::BlockFmhaPipelineProblem<_Float16, _Float16, _Float16, float, float, _Float16, unsigned char, float, _Float16, float, _Float16, ck_tile::TileFmhaShape<ck_tile::sequence<64, 64, 32, 256, 32, 256>, ck_tile::sequence<4, 1, 1>, ck_tile::sequence<16, 16, 16>, ck_tile::sequence<4, 1, 1>, ck_tile::sequence<16, 16, 16>, true>, false, ck_tile::ComposedAttention<0u, true>, ck_tile::SimplifiedGenericAttentionMask<true>, false, ck_tile::TileFmhaTraits<false, false, false, false, false, (ck_tile::BlockAttentionBiasEnum)0, false, false, false, (ck_tile::BlockAttentionQuantScaleEnum)0, -1, false> >, ck_tile::BlockFmhaPipelineQXKSVSCustomPolicy<true, false, 1, 1> >, ck_tile::DefaultGemm2DEpilogue<ck_tile::DefaultGemm2DEpilogueProblem<_Float16, _Float16, ck_tile::tuple<>, float, _Float16, ck_tile::tuple<>, ck_tile::tensor_layout::gemm::RowMajor, ck_tile::element_wise::PassThrough, 64, 256, false, false, 16, 16, 16, true, true, (ck_tile::memory_operation_enum)0>, void> >::FmhaFwdBatchModeKargs)",57,129713793192848,129713794222554,32768,516,256,0,128,128,1,1,3072,32,1
"KERNEL_DISPATCH","Agent 2",1,1,1907135,58,21,"(anonymous namespace)::convert_f16_to_f32(__half const*, float*, unsigned long)",58,129713794239555,129713794285958,0,0,8,0,128,256,1,1,6291456,1,1
"KERNEL_DISPATCH","Agent 2",1,1,1907135,59,22,"(anonymous namespace)::rotate_q_givens_f32_to_f16(float const*, __half*, float const*, float const*, int, int)",59,129713794316600,129713794454129,0,0,24,0,128,32,1,1,1572864,1,1
"KERNEL_DISPATCH","Agent 2",1,1,1907135,60,23,"hipfire::ck_attention::predecode_asym3_k_q8_v_f16(unsigned char const*, unsigned char const*, __half*, __half*, int, int, int)",60,129713794462490,129713794590898,0,0,16,0,128,32,1,1,65536,4,1
"KERNEL_DISPATCH","Agent 2",1,1,1907135,61,24,"void ck_tile::kentry<ck_tile::gfx11_t, 1, ck_tile::FmhaFwdKernel<ck_tile::BlockFmhaPipelineQRKSVS<ck_tile::BlockFmhaPipelineProblem<_Float16, _Float16, _Float16, float, float, _Float16, unsigned char, float, _Float16, float, _Float16, ck_tile::TileFmhaShape<ck_tile::sequence<64, 64, 32, 256, 32, 256>, ck_tile::sequence<4, 1, 1>, ck_tile::sequence<16, 16, 16>, ck_tile::sequence<4, 1, 1>, ck_tile::sequence<16, 16, 16>, true>, false, ck_tile::ComposedAttention<0u, true>, ck_tile::SimplifiedGenericAttentionMask<true>, false, ck_tile::TileFmhaTraits<false, false, false, false, false, (ck_tile::BlockAttentionBiasEnum)0, false, false, false, (ck_tile::BlockAttentionQuantScaleEnum)0, -1, false> >, ck_tile::BlockFmhaPipelineQXKSVSCustomPolicy<true, false, 1, 1> >, ck_tile::DefaultGemm2DEpilogue<ck_tile::DefaultGemm2DEpilogueProblem<_Float16, _Float16, ck_tile::tuple<>, float, _Float16, ck_tile::tuple<>, ck_tile::tensor_layout::gemm::RowMajor, ck_tile::element_wise::PassThrough, 64, 256, false, false, 16, 16, 16, true, true, (ck_tile::memory_operation_enum)0>, void> >, ck_tile::FmhaFwdKernel<ck_tile::BlockFmhaPipelineQRKSVS<ck_tile::BlockFmhaPipelineProblem<_Float16, _Float16, _Float16, float, float, _Float16, unsigned char, float, _Float16, float, _Float16, ck_tile::TileFmhaShape<ck_tile::sequence<64, 64, 32, 256, 32, 256>, ck_tile::sequence<4, 1, 1>, ck_tile::sequence<16, 16, 16>, ck_tile::sequence<4, 1, 1>, ck_tile::sequence<16, 16, 16>, true>, false, ck_tile::ComposedAttention<0u, true>, ck_tile::SimplifiedGenericAttentionMask<true>, false, ck_tile::TileFmhaTraits<false, false, false, false, false, (ck_tile::BlockAttentionBiasEnum)0, false, false, false, (ck_tile::BlockAttentionQuantScaleEnum)0, -1, false> >, ck_tile::BlockFmhaPipelineQXKSVSCustomPolicy<true, false, 1, 1> >, ck_tile::DefaultGemm2DEpilogue<ck_tile::DefaultGemm2DEpilogueProblem<_Float16, _Float16, ck_tile::tuple<>, float, _Float16, ck_tile::tuple<>, ck_tile::tensor_layout::gemm::RowMajor, ck_tile::element_wise::PassThrough, 64, 256, false, false, 16, 16, 16, true, true, (ck_tile::memory_operation_enum)0>, void> >::FmhaFwdBatchModeKargs>(ck_tile::FmhaFwdKernel<ck_tile::BlockFmhaPipelineQRKSVS<ck_tile::BlockFmhaPipelineProblem<_Float16, _Float16, _Float16, float, float, _Float16, unsigned char, float, _Float16, float, _Float16, ck_tile::TileFmhaShape<ck_tile::sequence<64, 64, 32, 256, 32, 256>, ck_tile::sequence<4, 1, 1>, ck_tile::sequence<16, 16, 16>, ck_tile::sequence<4, 1, 1>, ck_tile::sequence<16, 16, 16>, true>, false, ck_tile::ComposedAttention<0u, true>, ck_tile::SimplifiedGenericAttentionMask<true>, false, ck_tile::TileFmhaTraits<false, false, false, false, false, (ck_tile::BlockAttentionBiasEnum)0, false, false, false, (ck_tile::BlockAttentionQuantScaleEnum)0, -1, false> >, ck_tile::BlockFmhaPipelineQXKSVSCustomPolicy<true, false, 1, 1> >, ck_tile::DefaultGemm2DEpilogue<ck_tile::DefaultGemm2DEpilogueProblem<_Float16, _Float16, ck_tile::tuple<>, float, _Float16, ck_tile::tuple<>, ck_tile::tensor_layout::gemm::RowMajor, ck_tile::element_wise::PassThrough, 64, 256, false, false, 16, 16, 16, true, true, (ck_tile::memory_operation_enum)0>, void> >::FmhaFwdBatchModeKargs)",61,129713794599379,129713795610284,32768,516,256,0,128,128,1,1,3072,32,1
"KERNEL_DISPATCH","Agent 2",1,1,1907135,62,21,"(anonymous namespace)::convert_f16_to_f32(__half const*, float*, unsigned long)",62,129713795627765,129713795671328,0,0,8,0,128,256,1,1,6291456,1,1
"KERNEL_DISPATCH","Agent 2",1,1,1907135,63,22,"(anonymous namespace)::rotate_q_givens_f32_to_f16(float const*, __half*, float const*, float const*, int, int)",63,129713795701300,129713795838268,0,0,24,0,128,32,1,1,1572864,1,1
"KERNEL_DISPATCH","Agent 2",1,1,1907135,64,20,"void ck_tile::kentry<ck_tile::gfx11_t, 1, (anonymous namespace)::QuantizedFmhaKernel, (anonymous namespace)::QuantizedFmhaKernel::Kargs>((anonymous namespace)::QuantizedFmhaKernel::Kargs)",64,129713795846789,129713798987711,32768,400,256,0,128,128,1,1,3072,32,1
"KERNEL_DISPATCH","Agent 2",1,1,1907135,65,21,"(anonymous namespace)::convert_f16_to_f32(__half const*, float*, unsigned long)",65,129713799004672,129713799046315,0,0,8,0,128,256,1,1,6291456,1,1
"KERNEL_DISPATCH","Agent 2",1,1,1907135,66,22,"(anonymous namespace)::rotate_q_givens_f32_to_f16(float const*, __half*, float const*, float const*, int, int)",66,129713799076957,129713799234047,0,0,24,0,128,32,1,1,1572864,1,1
"KERNEL_DISPATCH","Agent 2",1,1,1907135,67,20,"void ck_tile::kentry<ck_tile::gfx11_t, 1, (anonymous namespace)::QuantizedFmhaKernel, (anonymous namespace)::QuantizedFmhaKernel::Kargs>((anonymous namespace)::QuantizedFmhaKernel::Kargs)",67,129713799238887,129713802396850,32768,400,256,0,128,128,1,1,3072,32,1
"KERNEL_DISPATCH","Agent 2",1,1,1907135,68,21,"(anonymous namespace)::convert_f16_to_f32(__half const*, float*, unsigned long)",68,129713802414932,129713802458014,0,0,8,0,128,256,1,1,6291456,1,1
"KERNEL_DISPATCH","Agent 2",1,1,1907135,69,22,"(anonymous namespace)::rotate_q_givens_f32_to_f16(float const*, __half*, float const*, float const*, int, int)",69,129713802489906,129713802633236,0,0,24,0,128,32,1,1,1572864,1,1
"KERNEL_DISPATCH","Agent 2",1,1,1907135,70,23,"hipfire::ck_attention::predecode_asym3_k_q8_v_f16(unsigned char const*, unsigned char const*, __half*, __half*, int, int, int)",70,129713802643036,129713802760404,0,0,16,0,128,32,1,1,65536,4,1
"KERNEL_DISPATCH","Agent 2",1,1,1907135,71,24,"void ck_tile::kentry<ck_tile::gfx11_t, 1, ck_tile::FmhaFwdKernel<ck_tile::BlockFmhaPipelineQRKSVS<ck_tile::BlockFmhaPipelineProblem<_Float16, _Float16, _Float16, float, float, _Float16, unsigned char, float, _Float16, float, _Float16, ck_tile::TileFmhaShape<ck_tile::sequence<64, 64, 32, 256, 32, 256>, ck_tile::sequence<4, 1, 1>, ck_tile::sequence<16, 16, 16>, ck_tile::sequence<4, 1, 1>, ck_tile::sequence<16, 16, 16>, true>, false, ck_tile::ComposedAttention<0u, true>, ck_tile::SimplifiedGenericAttentionMask<true>, false, ck_tile::TileFmhaTraits<false, false, false, false, false, (ck_tile::BlockAttentionBiasEnum)0, false, false, false, (ck_tile::BlockAttentionQuantScaleEnum)0, -1, false> >, ck_tile::BlockFmhaPipelineQXKSVSCustomPolicy<true, false, 1, 1> >, ck_tile::DefaultGemm2DEpilogue<ck_tile::DefaultGemm2DEpilogueProblem<_Float16, _Float16, ck_tile::tuple<>, float, _Float16, ck_tile::tuple<>, ck_tile::tensor_layout::gemm::RowMajor, ck_tile::element_wise::PassThrough, 64, 256, false, false, 16, 16, 16, true, true, (ck_tile::memory_operation_enum)0>, void> >, ck_tile::FmhaFwdKernel<ck_tile::BlockFmhaPipelineQRKSVS<ck_tile::BlockFmhaPipelineProblem<_Float16, _Float16, _Float16, float, float, _Float16, unsigned char, float, _Float16, float, _Float16, ck_tile::TileFmhaShape<ck_tile::sequence<64, 64, 32, 256, 32, 256>, ck_tile::sequence<4, 1, 1>, ck_tile::sequence<16, 16, 16>, ck_tile::sequence<4, 1, 1>, ck_tile::sequence<16, 16, 16>, true>, false, ck_tile::ComposedAttention<0u, true>, ck_tile::SimplifiedGenericAttentionMask<true>, false, ck_tile::TileFmhaTraits<false, false, false, false, false, (ck_tile::BlockAttentionBiasEnum)0, false, false, false, (ck_tile::BlockAttentionQuantScaleEnum)0, -1, false> >, ck_tile::BlockFmhaPipelineQXKSVSCustomPolicy<true, false, 1, 1> >, ck_tile::DefaultGemm2DEpilogue<ck_tile::DefaultGemm2DEpilogueProblem<_Float16, _Float16, ck_tile::tuple<>, float, _Float16, ck_tile::tuple<>, ck_tile::tensor_layout::gemm::RowMajor, ck_tile::element_wise::PassThrough, 64, 256, false, false, 16, 16, 16, true, true, (ck_tile::memory_operation_enum)0>, void> >::FmhaFwdBatchModeKargs>(ck_tile::FmhaFwdKernel<ck_tile::BlockFmhaPipelineQRKSVS<ck_tile::BlockFmhaPipelineProblem<_Float16, _Float16, _Float16, float, float, _Float16, unsigned char, float, _Float16, float, _Float16, ck_tile::TileFmhaShape<ck_tile::sequence<64, 64, 32, 256, 32, 256>, ck_tile::sequence<4, 1, 1>, ck_tile::sequence<16, 16, 16>, ck_tile::sequence<4, 1, 1>, ck_tile::sequence<16, 16, 16>, true>, false, ck_tile::ComposedAttention<0u, true>, ck_tile::SimplifiedGenericAttentionMask<true>, false, ck_tile::TileFmhaTraits<false, false, false, false, false, (ck_tile::BlockAttentionBiasEnum)0, false, false, false, (ck_tile::BlockAttentionQuantScaleEnum)0, -1, false> >, ck_tile::BlockFmhaPipelineQXKSVSCustomPolicy<true, false, 1, 1> >, ck_tile::DefaultGemm2DEpilogue<ck_tile::DefaultGemm2DEpilogueProblem<_Float16, _Float16, ck_tile::tuple<>, float, _Float16, ck_tile::tuple<>, ck_tile::tensor_layout::gemm::RowMajor, ck_tile::element_wise::PassThrough, 64, 256, false, false, 16, 16, 16, true, true, (ck_tile::memory_operation_enum)0>, void> >::FmhaFwdBatchModeKargs)",71,129713802769044,129713803799471,32768,516,256,0,128,128,1,1,3072,32,1
"KERNEL_DISPATCH","Agent 2",1,1,1907135,72,21,"(anonymous namespace)::convert_f16_to_f32(__half const*, float*, unsigned long)",72,129713803816712,129713803862755,0,0,8,0,128,256,1,1,6291456,1,1
"KERNEL_DISPATCH","Agent 2",1,1,1907135,73,22,"(anonymous namespace)::rotate_q_givens_f32_to_f16(float const*, __half*, float const*, float const*, int, int)",73,129713803894947,129713804032596,0,0,24,0,128,32,1,1,1572864,1,1
"KERNEL_DISPATCH","Agent 2",1,1,1907135,74,23,"hipfire::ck_attention::predecode_asym3_k_q8_v_f16(unsigned char const*, unsigned char const*, __half*, __half*, int, int, int)",74,129713804041156,129713804162364,0,0,16,0,128,32,1,1,65536,4,1
"KERNEL_DISPATCH","Agent 2",1,1,1907135,75,24,"void ck_tile::kentry<ck_tile::gfx11_t, 1, ck_tile::FmhaFwdKernel<ck_tile::BlockFmhaPipelineQRKSVS<ck_tile::BlockFmhaPipelineProblem<_Float16, _Float16, _Float16, float, float, _Float16, unsigned char, float, _Float16, float, _Float16, ck_tile::TileFmhaShape<ck_tile::sequence<64, 64, 32, 256, 32, 256>, ck_tile::sequence<4, 1, 1>, ck_tile::sequence<16, 16, 16>, ck_tile::sequence<4, 1, 1>, ck_tile::sequence<16, 16, 16>, true>, false, ck_tile::ComposedAttention<0u, true>, ck_tile::SimplifiedGenericAttentionMask<true>, false, ck_tile::TileFmhaTraits<false, false, false, false, false, (ck_tile::BlockAttentionBiasEnum)0, false, false, false, (ck_tile::BlockAttentionQuantScaleEnum)0, -1, false> >, ck_tile::BlockFmhaPipelineQXKSVSCustomPolicy<true, false, 1, 1> >, ck_tile::DefaultGemm2DEpilogue<ck_tile::DefaultGemm2DEpilogueProblem<_Float16, _Float16, ck_tile::tuple<>, float, _Float16, ck_tile::tuple<>, ck_tile::tensor_layout::gemm::RowMajor, ck_tile::element_wise::PassThrough, 64, 256, false, false, 16, 16, 16, true, true, (ck_tile::memory_operation_enum)0>, void> >, ck_tile::FmhaFwdKernel<ck_tile::BlockFmhaPipelineQRKSVS<ck_tile::BlockFmhaPipelineProblem<_Float16, _Float16, _Float16, float, float, _Float16, unsigned char, float, _Float16, float, _Float16, ck_tile::TileFmhaShape<ck_tile::sequence<64, 64, 32, 256, 32, 256>, ck_tile::sequence<4, 1, 1>, ck_tile::sequence<16, 16, 16>, ck_tile::sequence<4, 1, 1>, ck_tile::sequence<16, 16, 16>, true>, false, ck_tile::ComposedAttention<0u, true>, ck_tile::SimplifiedGenericAttentionMask<true>, false, ck_tile::TileFmhaTraits<false, false, false, false, false, (ck_tile::BlockAttentionBiasEnum)0, false, false, false, (ck_tile::BlockAttentionQuantScaleEnum)0, -1, false> >, ck_tile::BlockFmhaPipelineQXKSVSCustomPolicy<true, false, 1, 1> >, ck_tile::DefaultGemm2DEpilogue<ck_tile::DefaultGemm2DEpilogueProblem<_Float16, _Float16, ck_tile::tuple<>, float, _Float16, ck_tile::tuple<>, ck_tile::tensor_layout::gemm::RowMajor, ck_tile::element_wise::PassThrough, 64, 256, false, false, 16, 16, 16, true, true, (ck_tile::memory_operation_enum)0>, void> >::FmhaFwdBatchModeKargs>(ck_tile::FmhaFwdKernel<ck_tile::BlockFmhaPipelineQRKSVS<ck_tile::BlockFmhaPipelineProblem<_Float16, _Float16, _Float16, float, float, _Float16, unsigned char, float, _Float16, float, _Float16, ck_tile::TileFmhaShape<ck_tile::sequence<64, 64, 32, 256, 32, 256>, ck_tile::sequence<4, 1, 1>, ck_tile::sequence<16, 16, 16>, ck_tile::sequence<4, 1, 1>, ck_tile::sequence<16, 16, 16>, true>, false, ck_tile::ComposedAttention<0u, true>, ck_tile::SimplifiedGenericAttentionMask<true>, false, ck_tile::TileFmhaTraits<false, false, false, false, false, (ck_tile::BlockAttentionBiasEnum)0, false, false, false, (ck_tile::BlockAttentionQuantScaleEnum)0, -1, false> >, ck_tile::BlockFmhaPipelineQXKSVSCustomPolicy<true, false, 1, 1> >, ck_tile::DefaultGemm2DEpilogue<ck_tile::DefaultGemm2DEpilogueProblem<_Float16, _Float16, ck_tile::tuple<>, float, _Float16, ck_tile::tuple<>, ck_tile::tensor_layout::gemm::RowMajor, ck_tile::element_wise::PassThrough, 64, 256, false, false, 16, 16, 16, true, true, (ck_tile::memory_operation_enum)0>, void> >::FmhaFwdBatchModeKargs)",75,129713804167084,129713805193190,32768,516,256,0,128,128,1,1,3072,32,1
"KERNEL_DISPATCH","Agent 2",1,1,1907135,76,21,"(anonymous namespace)::convert_f16_to_f32(__half const*, float*, unsigned long)",76,129713805210352,129713805254634,0,0,8,0,128,256,1,1,6291456,1,1
"KERNEL_DISPATCH","Agent 2",1,1,1907135,77,22,"(anonymous namespace)::rotate_q_givens_f32_to_f16(float const*, __half*, float const*, float const*, int, int)",77,129713805287096,129713805424545,0,0,24,0,128,32,1,1,1572864,1,1
"KERNEL_DISPATCH","Agent 2",1,1,1907135,78,20,"void ck_tile::kentry<ck_tile::gfx11_t, 1, (anonymous namespace)::QuantizedFmhaKernel, (anonymous namespace)::QuantizedFmhaKernel::Kargs>((anonymous namespace)::QuantizedFmhaKernel::Kargs)",78,129713805435226,129713808621271,32768,400,256,0,128,128,1,1,3072,32,1
"KERNEL_DISPATCH","Agent 2",1,1,1907135,79,21,"(anonymous namespace)::convert_f16_to_f32(__half const*, float*, unsigned long)",79,129713808638552,129713808679995,0,0,8,0,128,256,1,1,6291456,1,1
"KERNEL_DISPATCH","Agent 2",1,1,1907135,80,22,"(anonymous namespace)::rotate_q_givens_f32_to_f16(float const*, __half*, float const*, float const*, int, int)",80,129713808710037,129713808853366,0,0,24,0,128,32,1,1,1572864,1,1
"KERNEL_DISPATCH","Agent 2",1,1,1907135,81,20,"void ck_tile::kentry<ck_tile::gfx11_t, 1, (anonymous namespace)::QuantizedFmhaKernel, (anonymous namespace)::QuantizedFmhaKernel::Kargs>((anonymous namespace)::QuantizedFmhaKernel::Kargs)",81,129713808862647,129713812022090,32768,400,256,0,128,128,1,1,3072,32,1
"KERNEL_DISPATCH","Agent 2",1,1,1907135,82,21,"(anonymous namespace)::convert_f16_to_f32(__half const*, float*, unsigned long)",82,129713812039051,129713812081134,0,0,8,0,128,256,1,1,6291456,1,1
"KERNEL_DISPATCH","Agent 2",1,1,1907135,83,22,"(anonymous namespace)::rotate_q_givens_f32_to_f16(float const*, __half*, float const*, float const*, int, int)",83,129713812111626,129713812254555,0,0,24,0,128,32,1,1,1572864,1,1
"KERNEL_DISPATCH","Agent 2",1,1,1907135,84,23,"hipfire::ck_attention::predecode_asym3_k_q8_v_f16(unsigned char const*, unsigned char const*, __half*, __half*, int, int, int)",84,129713812263115,129713812374403,0,0,16,0,128,32,1,1,65536,4,1
"KERNEL_DISPATCH","Agent 2",1,1,1907135,85,24,"void ck_tile::kentry<ck_tile::gfx11_t, 1, ck_tile::FmhaFwdKernel<ck_tile::BlockFmhaPipelineQRKSVS<ck_tile::BlockFmhaPipelineProblem<_Float16, _Float16, _Float16, float, float, _Float16, unsigned char, float, _Float16, float, _Float16, ck_tile::TileFmhaShape<ck_tile::sequence<64, 64, 32, 256, 32, 256>, ck_tile::sequence<4, 1, 1>, ck_tile::sequence<16, 16, 16>, ck_tile::sequence<4, 1, 1>, ck_tile::sequence<16, 16, 16>, true>, false, ck_tile::ComposedAttention<0u, true>, ck_tile::SimplifiedGenericAttentionMask<true>, false, ck_tile::TileFmhaTraits<false, false, false, false, false, (ck_tile::BlockAttentionBiasEnum)0, false, false, false, (ck_tile::BlockAttentionQuantScaleEnum)0, -1, false> >, ck_tile::BlockFmhaPipelineQXKSVSCustomPolicy<true, false, 1, 1> >, ck_tile::DefaultGemm2DEpilogue<ck_tile::DefaultGemm2DEpilogueProblem<_Float16, _Float16, ck_tile::tuple<>, float, _Float16, ck_tile::tuple<>, ck_tile::tensor_layout::gemm::RowMajor, ck_tile::element_wise::PassThrough, 64, 256, false, false, 16, 16, 16, true, true, (ck_tile::memory_operation_enum)0>, void> >, ck_tile::FmhaFwdKernel<ck_tile::BlockFmhaPipelineQRKSVS<ck_tile::BlockFmhaPipelineProblem<_Float16, _Float16, _Float16, float, float, _Float16, unsigned char, float, _Float16, float, _Float16, ck_tile::TileFmhaShape<ck_tile::sequence<64, 64, 32, 256, 32, 256>, ck_tile::sequence<4, 1, 1>, ck_tile::sequence<16, 16, 16>, ck_tile::sequence<4, 1, 1>, ck_tile::sequence<16, 16, 16>, true>, false, ck_tile::ComposedAttention<0u, true>, ck_tile::SimplifiedGenericAttentionMask<true>, false, ck_tile::TileFmhaTraits<false, false, false, false, false, (ck_tile::BlockAttentionBiasEnum)0, false, false, false, (ck_tile::BlockAttentionQuantScaleEnum)0, -1, false> >, ck_tile::BlockFmhaPipelineQXKSVSCustomPolicy<true, false, 1, 1> >, ck_tile::DefaultGemm2DEpilogue<ck_tile::DefaultGemm2DEpilogueProblem<_Float16, _Float16, ck_tile::tuple<>, float, _Float16, ck_tile::tuple<>, ck_tile::tensor_layout::gemm::RowMajor, ck_tile::element_wise::PassThrough, 64, 256, false, false, 16, 16, 16, true, true, (ck_tile::memory_operation_enum)0>, void> >::FmhaFwdBatchModeKargs>(ck_tile::FmhaFwdKernel<ck_tile::BlockFmhaPipelineQRKSVS<ck_tile::BlockFmhaPipelineProblem<_Float16, _Float16, _Float16, float, float, _Float16, unsigned char, float, _Float16, float, _Float16, ck_tile::TileFmhaShape<ck_tile::sequence<64, 64, 32, 256, 32, 256>, ck_tile::sequence<4, 1, 1>, ck_tile::sequence<16, 16, 16>, ck_tile::sequence<4, 1, 1>, ck_tile::sequence<16, 16, 16>, true>, false, ck_tile::ComposedAttention<0u, true>, ck_tile::SimplifiedGenericAttentionMask<true>, false, ck_tile::TileFmhaTraits<false, false, false, false, false, (ck_tile::BlockAttentionBiasEnum)0, false, false, false, (ck_tile::BlockAttentionQuantScaleEnum)0, -1, false> >, ck_tile::BlockFmhaPipelineQXKSVSCustomPolicy<true, false, 1, 1> >, ck_tile::DefaultGemm2DEpilogue<ck_tile::DefaultGemm2DEpilogueProblem<_Float16, _Float16, ck_tile::tuple<>, float, _Float16, ck_tile::tuple<>, ck_tile::tensor_layout::gemm::RowMajor, ck_tile::element_wise::PassThrough, 64, 256, false, false, 16, 16, 16, true, true, (ck_tile::memory_operation_enum)0>, void> >::FmhaFwdBatchModeKargs)",85,129713812382883,129713813409349,32768,516,256,0,128,128,1,1,3072,32,1
"KERNEL_DISPATCH","Agent 2",1,1,1907135,86,21,"(anonymous namespace)::convert_f16_to_f32(__half const*, float*, unsigned long)",86,129713813426390,129713813472113,0,0,8,0,128,256,1,1,6291456,1,1
"KERNEL_DISPATCH","Agent 2",1,1,1907135,87,22,"(anonymous namespace)::rotate_q_givens_f32_to_f16(float const*, __half*, float const*, float const*, int, int)",87,129713813503465,129713813641194,0,0,24,0,128,32,1,1,1572864,1,1
"KERNEL_DISPATCH","Agent 2",1,1,1907135,88,20,"void ck_tile::kentry<ck_tile::gfx11_t, 1, (anonymous namespace)::QuantizedFmhaKernel, (anonymous namespace)::QuantizedFmhaKernel::Kargs>((anonymous namespace)::QuantizedFmhaKernel::Kargs)",88,129713813650355,129713816813638,32768,400,256,0,128,128,1,1,3072,32,1
"KERNEL_DISPATCH","Agent 2",1,1,1907135,89,21,"(anonymous namespace)::convert_f16_to_f32(__half const*, float*, unsigned long)",89,129713816830719,129713816872242,0,0,8,0,128,256,1,1,6291456,1,1
"KERNEL_DISPATCH","Agent 2",1,1,1907135,90,22,"(anonymous namespace)::rotate_q_givens_f32_to_f16(float const*, __half*, float const*, float const*, int, int)",90,129713816876042,129713817020692,0,0,24,0,128,32,1,1,1572864,1,1
"KERNEL_DISPATCH","Agent 2",1,1,1907135,91,23,"hipfire::ck_attention::predecode_asym3_k_q8_v_f16(unsigned char const*, unsigned char const*, __half*, __half*, int, int, int)",91,129713817029092,129713817159220,0,0,16,0,128,32,1,1,65536,4,1
"KERNEL_DISPATCH","Agent 2",1,1,1907135,92,24,"void ck_tile::kentry<ck_tile::gfx11_t, 1, ck_tile::FmhaFwdKernel<ck_tile::BlockFmhaPipelineQRKSVS<ck_tile::BlockFmhaPipelineProblem<_Float16, _Float16, _Float16, float, float, _Float16, unsigned char, float, _Float16, float, _Float16, ck_tile::TileFmhaShape<ck_tile::sequence<64, 64, 32, 256, 32, 256>, ck_tile::sequence<4, 1, 1>, ck_tile::sequence<16, 16, 16>, ck_tile::sequence<4, 1, 1>, ck_tile::sequence<16, 16, 16>, true>, false, ck_tile::ComposedAttention<0u, true>, ck_tile::SimplifiedGenericAttentionMask<true>, false, ck_tile::TileFmhaTraits<false, false, false, false, false, (ck_tile::BlockAttentionBiasEnum)0, false, false, false, (ck_tile::BlockAttentionQuantScaleEnum)0, -1, false> >, ck_tile::BlockFmhaPipelineQXKSVSCustomPolicy<true, false, 1, 1> >, ck_tile::DefaultGemm2DEpilogue<ck_tile::DefaultGemm2DEpilogueProblem<_Float16, _Float16, ck_tile::tuple<>, float, _Float16, ck_tile::tuple<>, ck_tile::tensor_layout::gemm::RowMajor, ck_tile::element_wise::PassThrough, 64, 256, false, false, 16, 16, 16, true, true, (ck_tile::memory_operation_enum)0>, void> >, ck_tile::FmhaFwdKernel<ck_tile::BlockFmhaPipelineQRKSVS<ck_tile::BlockFmhaPipelineProblem<_Float16, _Float16, _Float16, float, float, _Float16, unsigned char, float, _Float16, float, _Float16, ck_tile::TileFmhaShape<ck_tile::sequence<64, 64, 32, 256, 32, 256>, ck_tile::sequence<4, 1, 1>, ck_tile::sequence<16, 16, 16>, ck_tile::sequence<4, 1, 1>, ck_tile::sequence<16, 16, 16>, true>, false, ck_tile::ComposedAttention<0u, true>, ck_tile::SimplifiedGenericAttentionMask<true>, false, ck_tile::TileFmhaTraits<false, false, false, false, false, (ck_tile::BlockAttentionBiasEnum)0, false, false, false, (ck_tile::BlockAttentionQuantScaleEnum)0, -1, false> >, ck_tile::BlockFmhaPipelineQXKSVSCustomPolicy<true, false, 1, 1> >, ck_tile::DefaultGemm2DEpilogue<ck_tile::DefaultGemm2DEpilogueProblem<_Float16, _Float16, ck_tile::tuple<>, float, _Float16, ck_tile::tuple<>, ck_tile::tensor_layout::gemm::RowMajor, ck_tile::element_wise::PassThrough, 64, 256, false, false, 16, 16, 16, true, true, (ck_tile::memory_operation_enum)0>, void> >::FmhaFwdBatchModeKargs>(ck_tile::FmhaFwdKernel<ck_tile::BlockFmhaPipelineQRKSVS<ck_tile::BlockFmhaPipelineProblem<_Float16, _Float16, _Float16, float, float, _Float16, unsigned char, float, _Float16, float, _Float16, ck_tile::TileFmhaShape<ck_tile::sequence<64, 64, 32, 256, 32, 256>, ck_tile::sequence<4, 1, 1>, ck_tile::sequence<16, 16, 16>, ck_tile::sequence<4, 1, 1>, ck_tile::sequence<16, 16, 16>, true>, false, ck_tile::ComposedAttention<0u, true>, ck_tile::SimplifiedGenericAttentionMask<true>, false, ck_tile::TileFmhaTraits<false, false, false, false, false, (ck_tile::BlockAttentionBiasEnum)0, false, false, false, (ck_tile::BlockAttentionQuantScaleEnum)0, -1, false> >, ck_tile::BlockFmhaPipelineQXKSVSCustomPolicy<true, false, 1, 1> >, ck_tile::DefaultGemm2DEpilogue<ck_tile::DefaultGemm2DEpilogueProblem<_Float16, _Float16, ck_tile::tuple<>, float, _Float16, ck_tile::tuple<>, ck_tile::tensor_layout::gemm::RowMajor, ck_tile::element_wise::PassThrough, 64, 256, false, false, 16, 16, 16, true, true, (ck_tile::memory_operation_enum)0>, void> >::FmhaFwdBatchModeKargs)",92,129713817167621,129713818192927,32768,516,256,0,128,128,1,1,3072,32,1
"KERNEL_DISPATCH","Agent 2",1,1,1907135,93,21,"(anonymous namespace)::convert_f16_to_f32(__half const*, float*, unsigned long)",93,129713818210048,129713818256691,0,0,8,0,128,256,1,1,6291456,1,1
"KERNEL_DISPATCH","Agent 2",2,2,1907135,94,9,"__amd_rocclr_copyBuffer",94,129713970155664,129713970164625,0,0,16,0,128,512,1,1,512,1,1
"KERNEL_DISPATCH","Agent 2",2,2,1907135,95,9,"__amd_rocclr_copyBuffer",95,129713970171065,129713970173905,0,0,16,0,128,512,1,1,512,1,1
"KERNEL_DISPATCH","Agent 2",2,2,1907135,96,22,"(anonymous namespace)::rotate_q_givens_f32_to_f16(float const*, __half*, float const*, float const*, int, int)",96,129713970217467,129713970249069,0,0,24,0,128,32,1,1,1572864,1,1
"KERNEL_DISPATCH","Agent 2",2,2,1907135,98,21,"(anonymous namespace)::convert_f16_to_f32(__half const*, float*, unsigned long)",98,129713978946468,129713978995311,0,0,8,0,128,256,1,1,6291456,1,1
"KERNEL_DISPATCH","Agent 2",2,2,1907135,99,22,"(anonymous namespace)::rotate_q_givens_f32_to_f16(float const*, __half*, float const*, float const*, int, int)",99,129713978998951,129713979139320,0,0,24,0,128,32,1,1,1572864,1,1
"KERNEL_DISPATCH","Agent 2",2,2,1907135,126,21,"(anonymous namespace)::convert_f16_to_f32(__half const*, float*, unsigned long)",126,129714030302445,129714030346207,0,0,8,0,128,256,1,1,6291456,1,1
"KERNEL_DISPATCH","Agent 2",2,2,1907135,121,23,"hipfire::ck_attention::predecode_asym3_k_q8_v_f16(unsigned char const*, unsigned char const*, __half*, __half*, int, int, int)",121,129714017771320,129714018043058,0,0,16,0,128,32,1,1,131072,4,1
"KERNEL_DISPATCH","Agent 2",2,2,1907135,116,21,"(anonymous namespace)::convert_f16_to_f32(__half const*, float*, unsigned long)",116,129714008030335,129714008077298,0,0,8,0,128,256,1,1,6291456,1,1
"KERNEL_DISPATCH","Agent 2",2,2,1907135,111,20,"void ck_tile::kentry<ck_tile::gfx11_t, 1, (anonymous namespace)::QuantizedFmhaKernel, (anonymous namespace)::QuantizedFmhaKernel::Kargs>((anonymous namespace)::QuantizedFmhaKernel::Kargs)",111,129713995413285,129714004693601,32768,400,256,0,128,128,1,1,3072,32,1
"KERNEL_DISPATCH","Agent 2",2,2,1907135,106,22,"(anonymous namespace)::rotate_q_givens_f32_to_f16(float const*, __half*, float const*, float const*, int, int)",106,129713991959143,129713992102872,0,0,24,0,128,32,1,1,1572864,1,1
"KERNEL_DISPATCH","Agent 2",2,2,1907135,101,24,"void ck_tile::kentry<ck_tile::gfx11_t, 1, ck_tile::FmhaFwdKernel<ck_tile::BlockFmhaPipelineQRKSVS<ck_tile::BlockFmhaPipelineProblem<_Float16, _Float16, _Float16, float, float, _Float16, unsigned char, float, _Float16, float, _Float16, ck_tile::TileFmhaShape<ck_tile::sequence<64, 64, 32, 256, 32, 256>, ck_tile::sequence<4, 1, 1>, ck_tile::sequence<16, 16, 16>, ck_tile::sequence<4, 1, 1>, ck_tile::sequence<16, 16, 16>, true>, false, ck_tile::ComposedAttention<0u, true>, ck_tile::SimplifiedGenericAttentionMask<true>, false, ck_tile::TileFmhaTraits<false, false, false, false, false, (ck_tile::BlockAttentionBiasEnum)0, false, false, false, (ck_tile::BlockAttentionQuantScaleEnum)0, -1, false> >, ck_tile::BlockFmhaPipelineQXKSVSCustomPolicy<true, false, 1, 1> >, ck_tile::DefaultGemm2DEpilogue<ck_tile::DefaultGemm2DEpilogueProblem<_Float16, _Float16, ck_tile::tuple<>, float, _Float16, ck_tile::tuple<>, ck_tile::tensor_layout::gemm::RowMajor, ck_tile::element_wise::PassThrough, 64, 256, false, false, 16, 16, 16, true, true, (ck_tile::memory_operation_enum)0>, void> >, ck_tile::FmhaFwdKernel<ck_tile::BlockFmhaPipelineQRKSVS<ck_tile::BlockFmhaPipelineProblem<_Float16, _Float16, _Float16, float, float, _Float16, unsigned char, float, _Float16, float, _Float16, ck_tile::TileFmhaShape<ck_tile::sequence<64, 64, 32, 256, 32, 256>, ck_tile::sequence<4, 1, 1>, ck_tile::sequence<16, 16, 16>, ck_tile::sequence<4, 1, 1>, ck_tile::sequence<16, 16, 16>, true>, false, ck_tile::ComposedAttention<0u, true>, ck_tile::SimplifiedGenericAttentionMask<true>, false, ck_tile::TileFmhaTraits<false, false, false, false, false, (ck_tile::BlockAttentionBiasEnum)0, false, false, false, (ck_tile::BlockAttentionQuantScaleEnum)0, -1, false> >, ck_tile::BlockFmhaPipelineQXKSVSCustomPolicy<true, false, 1, 1> >, ck_tile::DefaultGemm2DEpilogue<ck_tile::DefaultGemm2DEpilogueProblem<_Float16, _Float16, ck_tile::tuple<>, float, _Float16, ck_tile::tuple<>, ck_tile::tensor_layout::gemm::RowMajor, ck_tile::element_wise::PassThrough, 64, 256, false, false, 16, 16, 16, true, true, (ck_tile::memory_operation_enum)0>, void> >::FmhaFwdBatchModeKargs>(ck_tile::FmhaFwdKernel<ck_tile::BlockFmhaPipelineQRKSVS<ck_tile::BlockFmhaPipelineProblem<_Float16, _Float16, _Float16, float, float, _Float16, unsigned char, float, _Float16, float, _Float16, ck_tile::TileFmhaShape<ck_tile::sequence<64, 64, 32, 256, 32, 256>, ck_tile::sequence<4, 1, 1>, ck_tile::sequence<16, 16, 16>, ck_tile::sequence<4, 1, 1>, ck_tile::sequence<16, 16, 16>, true>, false, ck_tile::ComposedAttention<0u, true>, ck_tile::SimplifiedGenericAttentionMask<true>, false, ck_tile::TileFmhaTraits<false, false, false, false, false, (ck_tile::BlockAttentionBiasEnum)0, false, false, false, (ck_tile::BlockAttentionQuantScaleEnum)0, -1, false> >, ck_tile::BlockFmhaPipelineQXKSVSCustomPolicy<true, false, 1, 1> >, ck_tile::DefaultGemm2DEpilogue<ck_tile::DefaultGemm2DEpilogueProblem<_Float16, _Float16, ck_tile::tuple<>, float, _Float16, ck_tile::tuple<>, ck_tile::tensor_layout::gemm::RowMajor, ck_tile::element_wise::PassThrough, 64, 256, false, false, 16, 16, 16, true, true, (ck_tile::memory_operation_enum)0>, void> >::FmhaFwdBatchModeKargs)",101,129713979715837,129713982372567,32768,516,256,0,128,128,1,1,3072,32,1
"KERNEL_DISPATCH","Agent 2",2,2,1907135,97,20,"void ck_tile::kentry<ck_tile::gfx11_t, 1, (anonymous namespace)::QuantizedFmhaKernel, (anonymous namespace)::QuantizedFmhaKernel::Kargs>((anonymous namespace)::QuantizedFmhaKernel::Kargs)",97,129713970357276,129713978927306,32768,400,256,0,128,128,1,1,3072,32,1
"KERNEL_DISPATCH","Agent 2",2,2,1907135,102,21,"(anonymous namespace)::convert_f16_to_f32(__half const*, float*, unsigned long)",102,129713982391809,129713982445252,0,0,8,0,128,256,1,1,6291456,1,1
"KERNEL_DISPATCH","Agent 2",2,2,1907135,107,23,"hipfire::ck_attention::predecode_asym3_k_q8_v_f16(unsigned char const*, unsigned char const*, __half*, __half*, int, int, int)",107,129713992111113,129713992347448,0,0,16,0,128,32,1,1,131072,4,1
"KERNEL_DISPATCH","Agent 2",2,2,1907135,112,21,"(anonymous namespace)::convert_f16_to_f32(__half const*, float*, unsigned long)",112,129714004710762,129714004754644,0,0,8,0,128,256,1,1,6291456,1,1
"KERNEL_DISPATCH","Agent 2",2,2,1907135,117,22,"(anonymous namespace)::rotate_q_givens_f32_to_f16(float const*, __half*, float const*, float const*, int, int)",117,129714008080938,129714008220147,0,0,24,0,128,32,1,1,1572864,1,1
"KERNEL_DISPATCH","Agent 2",2,2,1907135,122,24,"void ck_tile::kentry<ck_tile::gfx11_t, 1, ck_tile::FmhaFwdKernel<ck_tile::BlockFmhaPipelineQRKSVS<ck_tile::BlockFmhaPipelineProblem<_Float16, _Float16, _Float16, float, float, _Float16, unsigned char, float, _Float16, float, _Float16, ck_tile::TileFmhaShape<ck_tile::sequence<64, 64, 32, 256, 32, 256>, ck_tile::sequence<4, 1, 1>, ck_tile::sequence<16, 16, 16>, ck_tile::sequence<4, 1, 1>, ck_tile::sequence<16, 16, 16>, true>, false, ck_tile::ComposedAttention<0u, true>, ck_tile::SimplifiedGenericAttentionMask<true>, false, ck_tile::TileFmhaTraits<false, false, false, false, false, (ck_tile::BlockAttentionBiasEnum)0, false, false, false, (ck_tile::BlockAttentionQuantScaleEnum)0, -1, false> >, ck_tile::BlockFmhaPipelineQXKSVSCustomPolicy<true, false, 1, 1> >, ck_tile::DefaultGemm2DEpilogue<ck_tile::DefaultGemm2DEpilogueProblem<_Float16, _Float16, ck_tile::tuple<>, float, _Float16, ck_tile::tuple<>, ck_tile::tensor_layout::gemm::RowMajor, ck_tile::element_wise::PassThrough, 64, 256, false, false, 16, 16, 16, true, true, (ck_tile::memory_operation_enum)0>, void> >, ck_tile::FmhaFwdKernel<ck_tile::BlockFmhaPipelineQRKSVS<ck_tile::BlockFmhaPipelineProblem<_Float16, _Float16, _Float16, float, float, _Float16, unsigned char, float, _Float16, float, _Float16, ck_tile::TileFmhaShape<ck_tile::sequence<64, 64, 32, 256, 32, 256>, ck_tile::sequence<4, 1, 1>, ck_tile::sequence<16, 16, 16>, ck_tile::sequence<4, 1, 1>, ck_tile::sequence<16, 16, 16>, true>, false, ck_tile::ComposedAttention<0u, true>, ck_tile::SimplifiedGenericAttentionMask<true>, false, ck_tile::TileFmhaTraits<false, false, false, false, false, (ck_tile::BlockAttentionBiasEnum)0, false, false, false, (ck_tile::BlockAttentionQuantScaleEnum)0, -1, false> >, ck_tile::BlockFmhaPipelineQXKSVSCustomPolicy<true, false, 1, 1> >, ck_tile::DefaultGemm2DEpilogue<ck_tile::DefaultGemm2DEpilogueProblem<_Float16, _Float16, ck_tile::tuple<>, float, _Float16, ck_tile::tuple<>, ck_tile::tensor_layout::gemm::RowMajor, ck_tile::element_wise::PassThrough, 64, 256, false, false, 16, 16, 16, true, true, (ck_tile::memory_operation_enum)0>, void> >::FmhaFwdBatchModeKargs>(ck_tile::FmhaFwdKernel<ck_tile::BlockFmhaPipelineQRKSVS<ck_tile::BlockFmhaPipelineProblem<_Float16, _Float16, _Float16, float, float, _Float16, unsigned char, float, _Float16, float, _Float16, ck_tile::TileFmhaShape<ck_tile::sequence<64, 64, 32, 256, 32, 256>, ck_tile::sequence<4, 1, 1>, ck_tile::sequence<16, 16, 16>, ck_tile::sequence<4, 1, 1>, ck_tile::sequence<16, 16, 16>, true>, false, ck_tile::ComposedAttention<0u, true>, ck_tile::SimplifiedGenericAttentionMask<true>, false, ck_tile::TileFmhaTraits<false, false, false, false, false, (ck_tile::BlockAttentionBiasEnum)0, false, false, false, (ck_tile::BlockAttentionQuantScaleEnum)0, -1, false> >, ck_tile::BlockFmhaPipelineQXKSVSCustomPolicy<true, false, 1, 1> >, ck_tile::DefaultGemm2DEpilogue<ck_tile::DefaultGemm2DEpilogueProblem<_Float16, _Float16, ck_tile::tuple<>, float, _Float16, ck_tile::tuple<>, ck_tile::tensor_layout::gemm::RowMajor, ck_tile::element_wise::PassThrough, 64, 256, false, false, 16, 16, 16, true, true, (ck_tile::memory_operation_enum)0>, void> >::FmhaFwdBatchModeKargs)",122,129714018047458,129714020902721,32768,516,256,0,128,128,1,1,3072,32,1
"KERNEL_DISPATCH","Agent 2",2,2,1907135,103,22,"(anonymous namespace)::rotate_q_givens_f32_to_f16(float const*, __half*, float const*, float const*, int, int)",103,129713982448932,129713982589501,0,0,24,0,128,32,1,1,1572864,1,1
"KERNEL_DISPATCH","Agent 2",2,2,1907135,108,24,"void ck_tile::kentry<ck_tile::gfx11_t, 1, ck_tile::FmhaFwdKernel<ck_tile::BlockFmhaPipelineQRKSVS<ck_tile::BlockFmhaPipelineProblem<_Float16, _Float16, _Float16, float, float, _Float16, unsigned char, float, _Float16, float, _Float16, ck_tile::TileFmhaShape<ck_tile::sequence<64, 64, 32, 256, 32, 256>, ck_tile::sequence<4, 1, 1>, ck_tile::sequence<16, 16, 16>, ck_tile::sequence<4, 1, 1>, ck_tile::sequence<16, 16, 16>, true>, false, ck_tile::ComposedAttention<0u, true>, ck_tile::SimplifiedGenericAttentionMask<true>, false, ck_tile::TileFmhaTraits<false, false, false, false, false, (ck_tile::BlockAttentionBiasEnum)0, false, false, false, (ck_tile::BlockAttentionQuantScaleEnum)0, -1, false> >, ck_tile::BlockFmhaPipelineQXKSVSCustomPolicy<true, false, 1, 1> >, ck_tile::DefaultGemm2DEpilogue<ck_tile::DefaultGemm2DEpilogueProblem<_Float16, _Float16, ck_tile::tuple<>, float, _Float16, ck_tile::tuple<>, ck_tile::tensor_layout::gemm::RowMajor, ck_tile::element_wise::PassThrough, 64, 256, false, false, 16, 16, 16, true, true, (ck_tile::memory_operation_enum)0>, void> >, ck_tile::FmhaFwdKernel<ck_tile::BlockFmhaPipelineQRKSVS<ck_tile::BlockFmhaPipelineProblem<_Float16, _Float16, _Float16, float, float, _Float16, unsigned char, float, _Float16, float, _Float16, ck_tile::TileFmhaShape<ck_tile::sequence<64, 64, 32, 256, 32, 256>, ck_tile::sequence<4, 1, 1>, ck_tile::sequence<16, 16, 16>, ck_tile::sequence<4, 1, 1>, ck_tile::sequence<16, 16, 16>, true>, false, ck_tile::ComposedAttention<0u, true>, ck_tile::SimplifiedGenericAttentionMask<true>, false, ck_tile::TileFmhaTraits<false, false, false, false, false, (ck_tile::BlockAttentionBiasEnum)0, false, false, false, (ck_tile::BlockAttentionQuantScaleEnum)0, -1, false> >, ck_tile::BlockFmhaPipelineQXKSVSCustomPolicy<true, false, 1, 1> >, ck_tile::DefaultGemm2DEpilogue<ck_tile::DefaultGemm2DEpilogueProblem<_Float16, _Float16, ck_tile::tuple<>, float, _Float16, ck_tile::tuple<>, ck_tile::tensor_layout::gemm::RowMajor, ck_tile::element_wise::PassThrough, 64, 256, false, false, 16, 16, 16, true, true, (ck_tile::memory_operation_enum)0>, void> >::FmhaFwdBatchModeKargs>(ck_tile::FmhaFwdKernel<ck_tile::BlockFmhaPipelineQRKSVS<ck_tile::BlockFmhaPipelineProblem<_Float16, _Float16, _Float16, float, float, _Float16, unsigned char, float, _Float16, float, _Float16, ck_tile::TileFmhaShape<ck_tile::sequence<64, 64, 32, 256, 32, 256>, ck_tile::sequence<4, 1, 1>, ck_tile::sequence<16, 16, 16>, ck_tile::sequence<4, 1, 1>, ck_tile::sequence<16, 16, 16>, true>, false, ck_tile::ComposedAttention<0u, true>, ck_tile::SimplifiedGenericAttentionMask<true>, false, ck_tile::TileFmhaTraits<false, false, false, false, false, (ck_tile::BlockAttentionBiasEnum)0, false, false, false, (ck_tile::BlockAttentionQuantScaleEnum)0, -1, false> >, ck_tile::BlockFmhaPipelineQXKSVSCustomPolicy<true, false, 1, 1> >, ck_tile::DefaultGemm2DEpilogue<ck_tile::DefaultGemm2DEpilogueProblem<_Float16, _Float16, ck_tile::tuple<>, float, _Float16, ck_tile::tuple<>, ck_tile::tensor_layout::gemm::RowMajor, ck_tile::element_wise::PassThrough, 64, 256, false, false, 16, 16, 16, true, true, (ck_tile::memory_operation_enum)0>, void> >::FmhaFwdBatchModeKargs)",108,129713992352088,129713995196631,32768,516,256,0,128,128,1,1,3072,32,1
"KERNEL_DISPATCH","Agent 2",2,2,1907135,113,22,"(anonymous namespace)::rotate_q_givens_f32_to_f16(float const*, __half*, float const*, float const*, int, int)",113,129714004758765,129714004902614,0,0,24,0,128,32,1,1,1572864,1,1
"KERNEL_DISPATCH","Agent 2",2,2,1907135,118,20,"void ck_tile::kentry<ck_tile::gfx11_t, 1, (anonymous namespace)::QuantizedFmhaKernel, (anonymous namespace)::QuantizedFmhaKernel::Kargs>((anonymous namespace)::QuantizedFmhaKernel::Kargs)",118,129714008228347,129714017555466,32768,400,256,0,128,128,1,1,3072,32,1
"KERNEL_DISPATCH","Agent 2",2,2,1907135,123,21,"(anonymous namespace)::convert_f16_to_f32(__half const*, float*, unsigned long)",123,129714020919722,129714020966965,0,0,8,0,128,256,1,1,6291456,1,1
"KERNEL_DISPATCH","Agent 2",2,2,1907135,104,20,"void ck_tile::kentry<ck_tile::gfx11_t, 1, (anonymous namespace)::QuantizedFmhaKernel, (anonymous namespace)::QuantizedFmhaKernel::Kargs>((anonymous namespace)::QuantizedFmhaKernel::Kargs)",104,129713982598222,129713991893339,32768,400,256,0,128,128,1,1,3072,32,1
"KERNEL_DISPATCH","Agent 2",2,2,1907135,109,21,"(anonymous namespace)::convert_f16_to_f32(__half const*, float*, unsigned long)",109,129713995214312,129713995262515,0,0,8,0,128,256,1,1,6291456,1,1
"KERNEL_DISPATCH","Agent 2",2,2,1907135,114,23,"hipfire::ck_attention::predecode_asym3_k_q8_v_f16(unsigned char const*, unsigned char const*, __half*, __half*, int, int, int)",114,129714004911014,129714005156870,0,0,16,0,128,32,1,1,131072,4,1
"KERNEL_DISPATCH","Agent 2",2,2,1907135,119,21,"(anonymous namespace)::convert_f16_to_f32(__half const*, float*, unsigned long)",119,129714017572547,129714017614990,0,0,8,0,128,256,1,1,6291456,1,1
"KERNEL_DISPATCH","Agent 2",2,2,1907135,124,22,"(anonymous namespace)::rotate_q_givens_f32_to_f16(float const*, __half*, float const*, float const*, int, int)",124,129714020970766,129714021111415,0,0,24,0,128,32,1,1,1572864,1,1
"KERNEL_DISPATCH","Agent 2",2,2,1907135,100,23,"hipfire::ck_attention::predecode_asym3_k_q8_v_f16(unsigned char const*, unsigned char const*, __half*, __half*, int, int, int)",100,129713979147520,129713979435459,0,0,16,0,128,32,1,1,131072,4,1
"KERNEL_DISPATCH","Agent 2",2,2,1907135,105,21,"(anonymous namespace)::convert_f16_to_f32(__half const*, float*, unsigned long)",105,129713991910300,129713991955463,0,0,8,0,128,256,1,1,6291456,1,1
"KERNEL_DISPATCH","Agent 2",2,2,1907135,110,22,"(anonymous namespace)::rotate_q_givens_f32_to_f16(float const*, __half*, float const*, float const*, int, int)",110,129713995266115,129713995405124,0,0,24,0,128,32,1,1,1572864,1,1
"KERNEL_DISPATCH","Agent 2",2,2,1907135,115,24,"void ck_tile::kentry<ck_tile::gfx11_t, 1, ck_tile::FmhaFwdKernel<ck_tile::BlockFmhaPipelineQRKSVS<ck_tile::BlockFmhaPipelineProblem<_Float16, _Float16, _Float16, float, float, _Float16, unsigned char, float, _Float16, float, _Float16, ck_tile::TileFmhaShape<ck_tile::sequence<64, 64, 32, 256, 32, 256>, ck_tile::sequence<4, 1, 1>, ck_tile::sequence<16, 16, 16>, ck_tile::sequence<4, 1, 1>, ck_tile::sequence<16, 16, 16>, true>, false, ck_tile::ComposedAttention<0u, true>, ck_tile::SimplifiedGenericAttentionMask<true>, false, ck_tile::TileFmhaTraits<false, false, false, false, false, (ck_tile::BlockAttentionBiasEnum)0, false, false, false, (ck_tile::BlockAttentionQuantScaleEnum)0, -1, false> >, ck_tile::BlockFmhaPipelineQXKSVSCustomPolicy<true, false, 1, 1> >, ck_tile::DefaultGemm2DEpilogue<ck_tile::DefaultGemm2DEpilogueProblem<_Float16, _Float16, ck_tile::tuple<>, float, _Float16, ck_tile::tuple<>, ck_tile::tensor_layout::gemm::RowMajor, ck_tile::element_wise::PassThrough, 64, 256, false, false, 16, 16, 16, true, true, (ck_tile::memory_operation_enum)0>, void> >, ck_tile::FmhaFwdKernel<ck_tile::BlockFmhaPipelineQRKSVS<ck_tile::BlockFmhaPipelineProblem<_Float16, _Float16, _Float16, float, float, _Float16, unsigned char, float, _Float16, float, _Float16, ck_tile::TileFmhaShape<ck_tile::sequence<64, 64, 32, 256, 32, 256>, ck_tile::sequence<4, 1, 1>, ck_tile::sequence<16, 16, 16>, ck_tile::sequence<4, 1, 1>, ck_tile::sequence<16, 16, 16>, true>, false, ck_tile::ComposedAttention<0u, true>, ck_tile::SimplifiedGenericAttentionMask<true>, false, ck_tile::TileFmhaTraits<false, false, false, false, false, (ck_tile::BlockAttentionBiasEnum)0, false, false, false, (ck_tile::BlockAttentionQuantScaleEnum)0, -1, false> >, ck_tile::BlockFmhaPipelineQXKSVSCustomPolicy<true, false, 1, 1> >, ck_tile::DefaultGemm2DEpilogue<ck_tile::DefaultGemm2DEpilogueProblem<_Float16, _Float16, ck_tile::tuple<>, float, _Float16, ck_tile::tuple<>, ck_tile::tensor_layout::gemm::RowMajor, ck_tile::element_wise::PassThrough, 64, 256, false, false, 16, 16, 16, true, true, (ck_tile::memory_operation_enum)0>, void> >::FmhaFwdBatchModeKargs>(ck_tile::FmhaFwdKernel<ck_tile::BlockFmhaPipelineQRKSVS<ck_tile::BlockFmhaPipelineProblem<_Float16, _Float16, _Float16, float, float, _Float16, unsigned char, float, _Float16, float, _Float16, ck_tile::TileFmhaShape<ck_tile::sequence<64, 64, 32, 256, 32, 256>, ck_tile::sequence<4, 1, 1>, ck_tile::sequence<16, 16, 16>, ck_tile::sequence<4, 1, 1>, ck_tile::sequence<16, 16, 16>, true>, false, ck_tile::ComposedAttention<0u, true>, ck_tile::SimplifiedGenericAttentionMask<true>, false, ck_tile::TileFmhaTraits<false, false, false, false, false, (ck_tile::BlockAttentionBiasEnum)0, false, false, false, (ck_tile::BlockAttentionQuantScaleEnum)0, -1, false> >, ck_tile::BlockFmhaPipelineQXKSVSCustomPolicy<true, false, 1, 1> >, ck_tile::DefaultGemm2DEpilogue<ck_tile::DefaultGemm2DEpilogueProblem<_Float16, _Float16, ck_tile::tuple<>, float, _Float16, ck_tile::tuple<>, ck_tile::tensor_layout::gemm::RowMajor, ck_tile::element_wise::PassThrough, 64, 256, false, false, 16, 16, 16, true, true, (ck_tile::memory_operation_enum)0>, void> >::FmhaFwdBatchModeKargs)",115,129714005161551,129714008013334,32768,516,256,0,128,128,1,1,3072,32,1
"KERNEL_DISPATCH","Agent 2",2,2,1907135,120,22,"(anonymous namespace)::rotate_q_givens_f32_to_f16(float const*, __half*, float const*, float const*, int, int)",120,129714017618870,129714017762960,0,0,24,0,128,32,1,1,1572864,1,1
"KERNEL_DISPATCH","Agent 2",2,2,1907135,125,20,"void ck_tile::kentry<ck_tile::gfx11_t, 1, (anonymous namespace)::QuantizedFmhaKernel, (anonymous namespace)::QuantizedFmhaKernel::Kargs>((anonymous namespace)::QuantizedFmhaKernel::Kargs)",125,129714021119615,129714030285084,32768,400,256,0,128,128,1,1,3072,32,1
"KERNEL_DISPATCH","Agent 2",2,2,1907135,127,22,"(anonymous namespace)::rotate_q_givens_f32_to_f16(float const*, __half*, float const*, float const*, int, int)",127,129714030350088,129714030495697,0,0,24,0,128,32,1,1,1572864,1,1
"KERNEL_DISPATCH","Agent 2",2,2,1907135,128,23,"hipfire::ck_attention::predecode_asym3_k_q8_v_f16(unsigned char const*, unsigned char const*, __half*, __half*, int, int, int)",128,129714030504138,129714030761874,0,0,16,0,128,32,1,1,131072,4,1
"KERNEL_DISPATCH","Agent 2",2,2,1907135,129,24,"void ck_tile::kentry<ck_tile::gfx11_t, 1, ck_tile::FmhaFwdKernel<ck_tile::BlockFmhaPipelineQRKSVS<ck_tile::BlockFmhaPipelineProblem<_Float16, _Float16, _Float16, float, float, _Float16, unsigned char, float, _Float16, float, _Float16, ck_tile::TileFmhaShape<ck_tile::sequence<64, 64, 32, 256, 32, 256>, ck_tile::sequence<4, 1, 1>, ck_tile::sequence<16, 16, 16>, ck_tile::sequence<4, 1, 1>, ck_tile::sequence<16, 16, 16>, true>, false, ck_tile::ComposedAttention<0u, true>, ck_tile::SimplifiedGenericAttentionMask<true>, false, ck_tile::TileFmhaTraits<false, false, false, false, false, (ck_tile::BlockAttentionBiasEnum)0, false, false, false, (ck_tile::BlockAttentionQuantScaleEnum)0, -1, false> >, ck_tile::BlockFmhaPipelineQXKSVSCustomPolicy<true, false, 1, 1> >, ck_tile::DefaultGemm2DEpilogue<ck_tile::DefaultGemm2DEpilogueProblem<_Float16, _Float16, ck_tile::tuple<>, float, _Float16, ck_tile::tuple<>, ck_tile::tensor_layout::gemm::RowMajor, ck_tile::element_wise::PassThrough, 64, 256, false, false, 16, 16, 16, true, true, (ck_tile::memory_operation_enum)0>, void> >, ck_tile::FmhaFwdKernel<ck_tile::BlockFmhaPipelineQRKSVS<ck_tile::BlockFmhaPipelineProblem<_Float16, _Float16, _Float16, float, float, _Float16, unsigned char, float, _Float16, float, _Float16, ck_tile::TileFmhaShape<ck_tile::sequence<64, 64, 32, 256, 32, 256>, ck_tile::sequence<4, 1, 1>, ck_tile::sequence<16, 16, 16>, ck_tile::sequence<4, 1, 1>, ck_tile::sequence<16, 16, 16>, true>, false, ck_tile::ComposedAttention<0u, true>, ck_tile::SimplifiedGenericAttentionMask<true>, false, ck_tile::TileFmhaTraits<false, false, false, false, false, (ck_tile::BlockAttentionBiasEnum)0, false, false, false, (ck_tile::BlockAttentionQuantScaleEnum)0, -1, false> >, ck_tile::BlockFmhaPipelineQXKSVSCustomPolicy<true, false, 1, 1> >, ck_tile::DefaultGemm2DEpilogue<ck_tile::DefaultGemm2DEpilogueProblem<_Float16, _Float16, ck_tile::tuple<>, float, _Float16, ck_tile::tuple<>, ck_tile::tensor_layout::gemm::RowMajor, ck_tile::element_wise::PassThrough, 64, 256, false, false, 16, 16, 16, true, true, (ck_tile::memory_operation_enum)0>, void> >::FmhaFwdBatchModeKargs>(ck_tile::FmhaFwdKernel<ck_tile::BlockFmhaPipelineQRKSVS<ck_tile::BlockFmhaPipelineProblem<_Float16, _Float16, _Float16, float, float, _Float16, unsigned char, float, _Float16, float, _Float16, ck_tile::TileFmhaShape<ck_tile::sequence<64, 64, 32, 256, 32, 256>, ck_tile::sequence<4, 1, 1>, ck_tile::sequence<16, 16, 16>, ck_tile::sequence<4, 1, 1>, ck_tile::sequence<16, 16, 16>, true>, false, ck_tile::ComposedAttention<0u, true>, ck_tile::SimplifiedGenericAttentionMask<true>, false, ck_tile::TileFmhaTraits<false, false, false, false, false, (ck_tile::BlockAttentionBiasEnum)0, false, false, false, (ck_tile::BlockAttentionQuantScaleEnum)0, -1, false> >, ck_tile::BlockFmhaPipelineQXKSVSCustomPolicy<true, false, 1, 1> >, ck_tile::DefaultGemm2DEpilogue<ck_tile::DefaultGemm2DEpilogueProblem<_Float16, _Float16, ck_tile::tuple<>, float, _Float16, ck_tile::tuple<>, ck_tile::tensor_layout::gemm::RowMajor, ck_tile::element_wise::PassThrough, 64, 256, false, false, 16, 16, 16, true, true, (ck_tile::memory_operation_enum)0>, void> >::FmhaFwdBatchModeKargs)",129,129714030766232,129714033628494,32768,516,256,0,128,128,1,1,3072,32,1
"KERNEL_DISPATCH","Agent 2",2,2,1907135,130,21,"(anonymous namespace)::convert_f16_to_f32(__half const*, float*, unsigned long)",130,129714033645535,129714033693697,0,0,8,0,128,256,1,1,6291456,1,1
"KERNEL_DISPATCH","Agent 2",2,2,1907135,131,22,"(anonymous namespace)::rotate_q_givens_f32_to_f16(float const*, __half*, float const*, float const*, int, int)",131,129714033741821,129714033874869,0,0,24,0,128,32,1,1,1572864,1,1
"KERNEL_DISPATCH","Agent 2",2,2,1907135,132,20,"void ck_tile::kentry<ck_tile::gfx11_t, 1, (anonymous namespace)::QuantizedFmhaKernel, (anonymous namespace)::QuantizedFmhaKernel::Kargs>((anonymous namespace)::QuantizedFmhaKernel::Kargs)",132,129714033884990,129714043057094,32768,400,256,0,128,128,1,1,3072,32,1
"KERNEL_DISPATCH","Agent 2",2,2,1907135,133,21,"(anonymous namespace)::convert_f16_to_f32(__half const*, float*, unsigned long)",133,129714043074255,129714043118218,0,0,8,0,128,256,1,1,6291456,1,1
"KERNEL_DISPATCH","Agent 2",2,2,1907135,134,22,"(anonymous namespace)::rotate_q_givens_f32_to_f16(float const*, __half*, float const*, float const*, int, int)",134,129714043153770,129714043294979,0,0,24,0,128,32,1,1,1572864,1,1
"KERNEL_DISPATCH","Agent 2",2,2,1907135,135,23,"hipfire::ck_attention::predecode_asym3_k_q8_v_f16(unsigned char const*, unsigned char const*, __half*, __half*, int, int, int)",135,129714043303580,129714043583918,0,0,16,0,128,32,1,1,131072,4,1
"KERNEL_DISPATCH","Agent 2",2,2,1907135,136,24,"void ck_tile::kentry<ck_tile::gfx11_t, 1, ck_tile::FmhaFwdKernel<ck_tile::BlockFmhaPipelineQRKSVS<ck_tile::BlockFmhaPipelineProblem<_Float16, _Float16, _Float16, float, float, _Float16, unsigned char, float, _Float16, float, _Float16, ck_tile::TileFmhaShape<ck_tile::sequence<64, 64, 32, 256, 32, 256>, ck_tile::sequence<4, 1, 1>, ck_tile::sequence<16, 16, 16>, ck_tile::sequence<4, 1, 1>, ck_tile::sequence<16, 16, 16>, true>, false, ck_tile::ComposedAttention<0u, true>, ck_tile::SimplifiedGenericAttentionMask<true>, false, ck_tile::TileFmhaTraits<false, false, false, false, false, (ck_tile::BlockAttentionBiasEnum)0, false, false, false, (ck_tile::BlockAttentionQuantScaleEnum)0, -1, false> >, ck_tile::BlockFmhaPipelineQXKSVSCustomPolicy<true, false, 1, 1> >, ck_tile::DefaultGemm2DEpilogue<ck_tile::DefaultGemm2DEpilogueProblem<_Float16, _Float16, ck_tile::tuple<>, float, _Float16, ck_tile::tuple<>, ck_tile::tensor_layout::gemm::RowMajor, ck_tile::element_wise::PassThrough, 64, 256, false, false, 16, 16, 16, true, true, (ck_tile::memory_operation_enum)0>, void> >, ck_tile::FmhaFwdKernel<ck_tile::BlockFmhaPipelineQRKSVS<ck_tile::BlockFmhaPipelineProblem<_Float16, _Float16, _Float16, float, float, _Float16, unsigned char, float, _Float16, float, _Float16, ck_tile::TileFmhaShape<ck_tile::sequence<64, 64, 32, 256, 32, 256>, ck_tile::sequence<4, 1, 1>, ck_tile::sequence<16, 16, 16>, ck_tile::sequence<4, 1, 1>, ck_tile::sequence<16, 16, 16>, true>, false, ck_tile::ComposedAttention<0u, true>, ck_tile::SimplifiedGenericAttentionMask<true>, false, ck_tile::TileFmhaTraits<false, false, false, false, false, (ck_tile::BlockAttentionBiasEnum)0, false, false, false, (ck_tile::BlockAttentionQuantScaleEnum)0, -1, false> >, ck_tile::BlockFmhaPipelineQXKSVSCustomPolicy<true, false, 1, 1> >, ck_tile::DefaultGemm2DEpilogue<ck_tile::DefaultGemm2DEpilogueProblem<_Float16, _Float16, ck_tile::tuple<>, float, _Float16, ck_tile::tuple<>, ck_tile::tensor_layout::gemm::RowMajor, ck_tile::element_wise::PassThrough, 64, 256, false, false, 16, 16, 16, true, true, (ck_tile::memory_operation_enum)0>, void> >::FmhaFwdBatchModeKargs>(ck_tile::FmhaFwdKernel<ck_tile::BlockFmhaPipelineQRKSVS<ck_tile::BlockFmhaPipelineProblem<_Float16, _Float16, _Float16, float, float, _Float16, unsigned char, float, _Float16, float, _Float16, ck_tile::TileFmhaShape<ck_tile::sequence<64, 64, 32, 256, 32, 256>, ck_tile::sequence<4, 1, 1>, ck_tile::sequence<16, 16, 16>, ck_tile::sequence<4, 1, 1>, ck_tile::sequence<16, 16, 16>, true>, false, ck_tile::ComposedAttention<0u, true>, ck_tile::SimplifiedGenericAttentionMask<true>, false, ck_tile::TileFmhaTraits<false, false, false, false, false, (ck_tile::BlockAttentionBiasEnum)0, false, false, false, (ck_tile::BlockAttentionQuantScaleEnum)0, -1, false> >, ck_tile::BlockFmhaPipelineQXKSVSCustomPolicy<true, false, 1, 1> >, ck_tile::DefaultGemm2DEpilogue<ck_tile::DefaultGemm2DEpilogueProblem<_Float16, _Float16, ck_tile::tuple<>, float, _Float16, ck_tile::tuple<>, ck_tile::tensor_layout::gemm::RowMajor, ck_tile::element_wise::PassThrough, 64, 256, false, false, 16, 16, 16, true, true, (ck_tile::memory_operation_enum)0>, void> >::FmhaFwdBatchModeKargs)",136,129714043588358,129714046419018,32768,516,256,0,128,128,1,1,3072,32,1
"KERNEL_DISPATCH","Agent 2",2,2,1907135,137,21,"(anonymous namespace)::convert_f16_to_f32(__half const*, float*, unsigned long)",137,129714046436019,129714046483742,0,0,8,0,128,256,1,1,6291456,1,1
"KERNEL_DISPATCH","Agent 2",2,2,1907135,138,22,"(anonymous namespace)::rotate_q_givens_f32_to_f16(float const*, __half*, float const*, float const*, int, int)",138,129714046516624,129714046666914,0,0,24,0,128,32,1,1,1572864,1,1
"KERNEL_DISPATCH","Agent 2",2,2,1907135,139,23,"hipfire::ck_attention::predecode_asym3_k_q8_v_f16(unsigned char const*, unsigned char const*, __half*, __half*, int, int, int)",139,129714046672074,129714046904689,0,0,16,0,128,32,1,1,131072,4,1
"KERNEL_DISPATCH","Agent 2",2,2,1907135,140,24,"void ck_tile::kentry<ck_tile::gfx11_t, 1, ck_tile::FmhaFwdKernel<ck_tile::BlockFmhaPipelineQRKSVS<ck_tile::BlockFmhaPipelineProblem<_Float16, _Float16, _Float16, float, float, _Float16, unsigned char, float, _Float16, float, _Float16, ck_tile::TileFmhaShape<ck_tile::sequence<64, 64, 32, 256, 32, 256>, ck_tile::sequence<4, 1, 1>, ck_tile::sequence<16, 16, 16>, ck_tile::sequence<4, 1, 1>, ck_tile::sequence<16, 16, 16>, true>, false, ck_tile::ComposedAttention<0u, true>, ck_tile::SimplifiedGenericAttentionMask<true>, false, ck_tile::TileFmhaTraits<false, false, false, false, false, (ck_tile::BlockAttentionBiasEnum)0, false, false, false, (ck_tile::BlockAttentionQuantScaleEnum)0, -1, false> >, ck_tile::BlockFmhaPipelineQXKSVSCustomPolicy<true, false, 1, 1> >, ck_tile::DefaultGemm2DEpilogue<ck_tile::DefaultGemm2DEpilogueProblem<_Float16, _Float16, ck_tile::tuple<>, float, _Float16, ck_tile::tuple<>, ck_tile::tensor_layout::gemm::RowMajor, ck_tile::element_wise::PassThrough, 64, 256, false, false, 16, 16, 16, true, true, (ck_tile::memory_operation_enum)0>, void> >, ck_tile::FmhaFwdKernel<ck_tile::BlockFmhaPipelineQRKSVS<ck_tile::BlockFmhaPipelineProblem<_Float16, _Float16, _Float16, float, float, _Float16, unsigned char, float, _Float16, float, _Float16, ck_tile::TileFmhaShape<ck_tile::sequence<64, 64, 32, 256, 32, 256>, ck_tile::sequence<4, 1, 1>, ck_tile::sequence<16, 16, 16>, ck_tile::sequence<4, 1, 1>, ck_tile::sequence<16, 16, 16>, true>, false, ck_tile::ComposedAttention<0u, true>, ck_tile::SimplifiedGenericAttentionMask<true>, false, ck_tile::TileFmhaTraits<false, false, false, false, false, (ck_tile::BlockAttentionBiasEnum)0, false, false, false, (ck_tile::BlockAttentionQuantScaleEnum)0, -1, false> >, ck_tile::BlockFmhaPipelineQXKSVSCustomPolicy<true, false, 1, 1> >, ck_tile::DefaultGemm2DEpilogue<ck_tile::DefaultGemm2DEpilogueProblem<_Float16, _Float16, ck_tile::tuple<>, float, _Float16, ck_tile::tuple<>, ck_tile::tensor_layout::gemm::RowMajor, ck_tile::element_wise::PassThrough, 64, 256, false, false, 16, 16, 16, true, true, (ck_tile::memory_operation_enum)0>, void> >::FmhaFwdBatchModeKargs>(ck_tile::FmhaFwdKernel<ck_tile::BlockFmhaPipelineQRKSVS<ck_tile::BlockFmhaPipelineProblem<_Float16, _Float16, _Float16, float, float, _Float16, unsigned char, float, _Float16, float, _Float16, ck_tile::TileFmhaShape<ck_tile::sequence<64, 64, 32, 256, 32, 256>, ck_tile::sequence<4, 1, 1>, ck_tile::sequence<16, 16, 16>, ck_tile::sequence<4, 1, 1>, ck_tile::sequence<16, 16, 16>, true>, false, ck_tile::ComposedAttention<0u, true>, ck_tile::SimplifiedGenericAttentionMask<true>, false, ck_tile::TileFmhaTraits<false, false, false, false, false, (ck_tile::BlockAttentionBiasEnum)0, false, false, false, (ck_tile::BlockAttentionQuantScaleEnum)0, -1, false> >, ck_tile::BlockFmhaPipelineQXKSVSCustomPolicy<true, false, 1, 1> >, ck_tile::DefaultGemm2DEpilogue<ck_tile::DefaultGemm2DEpilogueProblem<_Float16, _Float16, ck_tile::tuple<>, float, _Float16, ck_tile::tuple<>, ck_tile::tensor_layout::gemm::RowMajor, ck_tile::element_wise::PassThrough, 64, 256, false, false, 16, 16, 16, true, true, (ck_tile::memory_operation_enum)0>, void> >::FmhaFwdBatchModeKargs)",140,129714046910369,129714049915281,32768,516,256,0,128,128,1,1,3072,32,1
"KERNEL_DISPATCH","Agent 2",2,2,1907135,141,21,"(anonymous namespace)::convert_f16_to_f32(__half const*, float*, unsigned long)",141,129714049954923,129714050008847,0,0,8,0,128,256,1,1,6291456,1,1
"KERNEL_DISPATCH","Agent 2",2,2,1907135,142,22,"(anonymous namespace)::rotate_q_givens_f32_to_f16(float const*, __half*, float const*, float const*, int, int)",142,129714050041909,129714050198159,0,0,24,0,128,32,1,1,1572864,1,1
"KERNEL_DISPATCH","Agent 2",2,2,1907135,143,20,"void ck_tile::kentry<ck_tile::gfx11_t, 1, (anonymous namespace)::QuantizedFmhaKernel, (anonymous namespace)::QuantizedFmhaKernel::Kargs>((anonymous namespace)::QuantizedFmhaKernel::Kargs)",143,129714050207599,129714059778209,32768,400,256,0,128,128,1,1,3072,32,1
"KERNEL_DISPATCH","Agent 2",2,2,1907135,144,21,"(anonymous namespace)::convert_f16_to_f32(__half const*, float*, unsigned long)",144,129714059795250,129714059837213,0,0,8,0,128,256,1,1,6291456,1,1
"KERNEL_DISPATCH","Agent 2",2,2,1907135,145,22,"(anonymous namespace)::rotate_q_givens_f32_to_f16(float const*, __half*, float const*, float const*, int, int)",145,129714059868595,129714060023165,0,0,24,0,128,32,1,1,1572864,1,1
"KERNEL_DISPATCH","Agent 2",2,2,1907135,146,20,"void ck_tile::kentry<ck_tile::gfx11_t, 1, (anonymous namespace)::QuantizedFmhaKernel, (anonymous namespace)::QuantizedFmhaKernel::Kargs>((anonymous namespace)::QuantizedFmhaKernel::Kargs)",146,129714060028085,129714068835406,32768,400,256,0,128,128,1,1,3072,32,1
"KERNEL_DISPATCH","Agent 2",2,2,1907135,147,21,"(anonymous namespace)::convert_f16_to_f32(__half const*, float*, unsigned long)",147,129714068852447,129714068895370,0,0,8,0,128,256,1,1,6291456,1,1
"KERNEL_DISPATCH","Agent 2",2,2,1907135,148,22,"(anonymous namespace)::rotate_q_givens_f32_to_f16(float const*, __half*, float const*, float const*, int, int)",148,129714068927542,129714069071151,0,0,24,0,128,32,1,1,1572864,1,1
"KERNEL_DISPATCH","Agent 2",2,2,1907135,149,23,"hipfire::ck_attention::predecode_asym3_k_q8_v_f16(unsigned char const*, unsigned char const*, __half*, __half*, int, int, int)",149,129714069079752,129714069345809,0,0,16,0,128,32,1,1,131072,4,1
"KERNEL_DISPATCH","Agent 2",2,2,1907135,150,24,"void ck_tile::kentry<ck_tile::gfx11_t, 1, ck_tile::FmhaFwdKernel<ck_tile::BlockFmhaPipelineQRKSVS<ck_tile::BlockFmhaPipelineProblem<_Float16, _Float16, _Float16, float, float, _Float16, unsigned char, float, _Float16, float, _Float16, ck_tile::TileFmhaShape<ck_tile::sequence<64, 64, 32, 256, 32, 256>, ck_tile::sequence<4, 1, 1>, ck_tile::sequence<16, 16, 16>, ck_tile::sequence<4, 1, 1>, ck_tile::sequence<16, 16, 16>, true>, false, ck_tile::ComposedAttention<0u, true>, ck_tile::SimplifiedGenericAttentionMask<true>, false, ck_tile::TileFmhaTraits<false, false, false, false, false, (ck_tile::BlockAttentionBiasEnum)0, false, false, false, (ck_tile::BlockAttentionQuantScaleEnum)0, -1, false> >, ck_tile::BlockFmhaPipelineQXKSVSCustomPolicy<true, false, 1, 1> >, ck_tile::DefaultGemm2DEpilogue<ck_tile::DefaultGemm2DEpilogueProblem<_Float16, _Float16, ck_tile::tuple<>, float, _Float16, ck_tile::tuple<>, ck_tile::tensor_layout::gemm::RowMajor, ck_tile::element_wise::PassThrough, 64, 256, false, false, 16, 16, 16, true, true, (ck_tile::memory_operation_enum)0>, void> >, ck_tile::FmhaFwdKernel<ck_tile::BlockFmhaPipelineQRKSVS<ck_tile::BlockFmhaPipelineProblem<_Float16, _Float16, _Float16, float, float, _Float16, unsigned char, float, _Float16, float, _Float16, ck_tile::TileFmhaShape<ck_tile::sequence<64, 64, 32, 256, 32, 256>, ck_tile::sequence<4, 1, 1>, ck_tile::sequence<16, 16, 16>, ck_tile::sequence<4, 1, 1>, ck_tile::sequence<16, 16, 16>, true>, false, ck_tile::ComposedAttention<0u, true>, ck_tile::SimplifiedGenericAttentionMask<true>, false, ck_tile::TileFmhaTraits<false, false, false, false, false, (ck_tile::BlockAttentionBiasEnum)0, false, false, false, (ck_tile::BlockAttentionQuantScaleEnum)0, -1, false> >, ck_tile::BlockFmhaPipelineQXKSVSCustomPolicy<true, false, 1, 1> >, ck_tile::DefaultGemm2DEpilogue<ck_tile::DefaultGemm2DEpilogueProblem<_Float16, _Float16, ck_tile::tuple<>, float, _Float16, ck_tile::tuple<>, ck_tile::tensor_layout::gemm::RowMajor, ck_tile::element_wise::PassThrough, 64, 256, false, false, 16, 16, 16, true, true, (ck_tile::memory_operation_enum)0>, void> >::FmhaFwdBatchModeKargs>(ck_tile::FmhaFwdKernel<ck_tile::BlockFmhaPipelineQRKSVS<ck_tile::BlockFmhaPipelineProblem<_Float16, _Float16, _Float16, float, float, _Float16, unsigned char, float, _Float16, float, _Float16, ck_tile::TileFmhaShape<ck_tile::sequence<64, 64, 32, 256, 32, 256>, ck_tile::sequence<4, 1, 1>, ck_tile::sequence<16, 16, 16>, ck_tile::sequence<4, 1, 1>, ck_tile::sequence<16, 16, 16>, true>, false, ck_tile::ComposedAttention<0u, true>, ck_tile::SimplifiedGenericAttentionMask<true>, false, ck_tile::TileFmhaTraits<false, false, false, false, false, (ck_tile::BlockAttentionBiasEnum)0, false, false, false, (ck_tile::BlockAttentionQuantScaleEnum)0, -1, false> >, ck_tile::BlockFmhaPipelineQXKSVSCustomPolicy<true, false, 1, 1> >, ck_tile::DefaultGemm2DEpilogue<ck_tile::DefaultGemm2DEpilogueProblem<_Float16, _Float16, ck_tile::tuple<>, float, _Float16, ck_tile::tuple<>, ck_tile::tensor_layout::gemm::RowMajor, ck_tile::element_wise::PassThrough, 64, 256, false, false, 16, 16, 16, true, true, (ck_tile::memory_operation_enum)0>, void> >::FmhaFwdBatchModeKargs)",150,129714069350489,129714072050941,32768,516,256,0,128,128,1,1,3072,32,1
"KERNEL_DISPATCH","Agent 2",2,2,1907135,151,21,"(anonymous namespace)::convert_f16_to_f32(__half const*, float*, unsigned long)",151,129714072068022,129714072117385,0,0,8,0,128,256,1,1,6291456,1,1
"KERNEL_DISPATCH","Agent 2",2,2,1907135,152,22,"(anonymous namespace)::rotate_q_givens_f32_to_f16(float const*, __half*, float const*, float const*, int, int)",152,129714072150037,129714072300367,0,0,24,0,128,32,1,1,1572864,1,1
"KERNEL_DISPATCH","Agent 2",2,2,1907135,153,23,"hipfire::ck_attention::predecode_asym3_k_q8_v_f16(unsigned char const*, unsigned char const*, __half*, __half*, int, int, int)",153,129714072305047,129714072593666,0,0,16,0,128,32,1,1,131072,4,1
"KERNEL_DISPATCH","Agent 2",2,2,1907135,154,24,"void ck_tile::kentry<ck_tile::gfx11_t, 1, ck_tile::FmhaFwdKernel<ck_tile::BlockFmhaPipelineQRKSVS<ck_tile::BlockFmhaPipelineProblem<_Float16, _Float16, _Float16, float, float, _Float16, unsigned char, float, _Float16, float, _Float16, ck_tile::TileFmhaShape<ck_tile::sequence<64, 64, 32, 256, 32, 256>, ck_tile::sequence<4, 1, 1>, ck_tile::sequence<16, 16, 16>, ck_tile::sequence<4, 1, 1>, ck_tile::sequence<16, 16, 16>, true>, false, ck_tile::ComposedAttention<0u, true>, ck_tile::SimplifiedGenericAttentionMask<true>, false, ck_tile::TileFmhaTraits<false, false, false, false, false, (ck_tile::BlockAttentionBiasEnum)0, false, false, false, (ck_tile::BlockAttentionQuantScaleEnum)0, -1, false> >, ck_tile::BlockFmhaPipelineQXKSVSCustomPolicy<true, false, 1, 1> >, ck_tile::DefaultGemm2DEpilogue<ck_tile::DefaultGemm2DEpilogueProblem<_Float16, _Float16, ck_tile::tuple<>, float, _Float16, ck_tile::tuple<>, ck_tile::tensor_layout::gemm::RowMajor, ck_tile::element_wise::PassThrough, 64, 256, false, false, 16, 16, 16, true, true, (ck_tile::memory_operation_enum)0>, void> >, ck_tile::FmhaFwdKernel<ck_tile::BlockFmhaPipelineQRKSVS<ck_tile::BlockFmhaPipelineProblem<_Float16, _Float16, _Float16, float, float, _Float16, unsigned char, float, _Float16, float, _Float16, ck_tile::TileFmhaShape<ck_tile::sequence<64, 64, 32, 256, 32, 256>, ck_tile::sequence<4, 1, 1>, ck_tile::sequence<16, 16, 16>, ck_tile::sequence<4, 1, 1>, ck_tile::sequence<16, 16, 16>, true>, false, ck_tile::ComposedAttention<0u, true>, ck_tile::SimplifiedGenericAttentionMask<true>, false, ck_tile::TileFmhaTraits<false, false, false, false, false, (ck_tile::BlockAttentionBiasEnum)0, false, false, false, (ck_tile::BlockAttentionQuantScaleEnum)0, -1, false> >, ck_tile::BlockFmhaPipelineQXKSVSCustomPolicy<true, false, 1, 1> >, ck_tile::DefaultGemm2DEpilogue<ck_tile::DefaultGemm2DEpilogueProblem<_Float16, _Float16, ck_tile::tuple<>, float, _Float16, ck_tile::tuple<>, ck_tile::tensor_layout::gemm::RowMajor, ck_tile::element_wise::PassThrough, 64, 256, false, false, 16, 16, 16, true, true, (ck_tile::memory_operation_enum)0>, void> >::FmhaFwdBatchModeKargs>(ck_tile::FmhaFwdKernel<ck_tile::BlockFmhaPipelineQRKSVS<ck_tile::BlockFmhaPipelineProblem<_Float16, _Float16, _Float16, float, float, _Float16, unsigned char, float, _Float16, float, _Float16, ck_tile::TileFmhaShape<ck_tile::sequence<64, 64, 32, 256, 32, 256>, ck_tile::sequence<4, 1, 1>, ck_tile::sequence<16, 16, 16>, ck_tile::sequence<4, 1, 1>, ck_tile::sequence<16, 16, 16>, true>, false, ck_tile::ComposedAttention<0u, true>, ck_tile::SimplifiedGenericAttentionMask<true>, false, ck_tile::TileFmhaTraits<false, false, false, false, false, (ck_tile::BlockAttentionBiasEnum)0, false, false, false, (ck_tile::BlockAttentionQuantScaleEnum)0, -1, false> >, ck_tile::BlockFmhaPipelineQXKSVSCustomPolicy<true, false, 1, 1> >, ck_tile::DefaultGemm2DEpilogue<ck_tile::DefaultGemm2DEpilogueProblem<_Float16, _Float16, ck_tile::tuple<>, float, _Float16, ck_tile::tuple<>, ck_tile::tensor_layout::gemm::RowMajor, ck_tile::element_wise::PassThrough, 64, 256, false, false, 16, 16, 16, true, true, (ck_tile::memory_operation_enum)0>, void> >::FmhaFwdBatchModeKargs)",154,129714072602146,129714076120090,32768,516,256,0,128,128,1,1,3072,32,1
"KERNEL_DISPATCH","Agent 2",2,2,1907135,155,21,"(anonymous namespace)::convert_f16_to_f32(__half const*, float*, unsigned long)",155,129714076137931,129714076202015,0,0,8,0,128,256,1,1,6291456,1,1
"KERNEL_DISPATCH","Agent 2",2,2,1907135,156,22,"(anonymous namespace)::rotate_q_givens_f32_to_f16(float const*, __half*, float const*, float const*, int, int)",156,129714076238258,129714076392108,0,0,24,0,128,32,1,1,1572864,1,1
"KERNEL_DISPATCH","Agent 2",2,2,1907135,157,20,"void ck_tile::kentry<ck_tile::gfx11_t, 1, (anonymous namespace)::QuantizedFmhaKernel, (anonymous namespace)::QuantizedFmhaKernel::Kargs>((anonymous namespace)::QuantizedFmhaKernel::Kargs)",157,129714076401388,129714085768945,32768,400,256,0,128,128,1,1,3072,32,1
"KERNEL_DISPATCH","Agent 2",2,2,1907135,158,21,"(anonymous namespace)::convert_f16_to_f32(__half const*, float*, unsigned long)",158,129714085785946,129714085826829,0,0,8,0,128,256,1,1,6291456,1,1
"KERNEL_DISPATCH","Agent 2",2,2,1907135,159,22,"(anonymous namespace)::rotate_q_givens_f32_to_f16(float const*, __half*, float const*, float const*, int, int)",159,129714085857181,129714085997829,0,0,24,0,128,32,1,1,1572864,1,1
"KERNEL_DISPATCH","Agent 2",2,2,1907135,160,20,"void ck_tile::kentry<ck_tile::gfx11_t, 1, (anonymous namespace)::QuantizedFmhaKernel, (anonymous namespace)::QuantizedFmhaKernel::Kargs>((anonymous namespace)::QuantizedFmhaKernel::Kargs)",160,129714086006430,129714094641980,32768,400,256,0,128,128,1,1,3072,32,1
"KERNEL_DISPATCH","Agent 2",2,2,1907135,161,21,"(anonymous namespace)::convert_f16_to_f32(__half const*, float*, unsigned long)",161,129714094659181,129714094701104,0,0,8,0,128,256,1,1,6291456,1,1
"KERNEL_DISPATCH","Agent 2",2,2,1907135,162,22,"(anonymous namespace)::rotate_q_givens_f32_to_f16(float const*, __half*, float const*, float const*, int, int)",162,129714094732856,129714094889906,0,0,24,0,128,32,1,1,1572864,1,1
"KERNEL_DISPATCH","Agent 2",2,2,1907135,163,23,"hipfire::ck_attention::predecode_asym3_k_q8_v_f16(unsigned char const*, unsigned char const*, __half*, __half*, int, int, int)",163,129714094894786,129714095192525,0,0,16,0,128,32,1,1,131072,4,1
"KERNEL_DISPATCH","Agent 2",2,2,1907135,164,24,"void ck_tile::kentry<ck_tile::gfx11_t, 1, ck_tile::FmhaFwdKernel<ck_tile::BlockFmhaPipelineQRKSVS<ck_tile::BlockFmhaPipelineProblem<_Float16, _Float16, _Float16, float, float, _Float16, unsigned char, float, _Float16, float, _Float16, ck_tile::TileFmhaShape<ck_tile::sequence<64, 64, 32, 256, 32, 256>, ck_tile::sequence<4, 1, 1>, ck_tile::sequence<16, 16, 16>, ck_tile::sequence<4, 1, 1>, ck_tile::sequence<16, 16, 16>, true>, false, ck_tile::ComposedAttention<0u, true>, ck_tile::SimplifiedGenericAttentionMask<true>, false, ck_tile::TileFmhaTraits<false, false, false, false, false, (ck_tile::BlockAttentionBiasEnum)0, false, false, false, (ck_tile::BlockAttentionQuantScaleEnum)0, -1, false> >, ck_tile::BlockFmhaPipelineQXKSVSCustomPolicy<true, false, 1, 1> >, ck_tile::DefaultGemm2DEpilogue<ck_tile::DefaultGemm2DEpilogueProblem<_Float16, _Float16, ck_tile::tuple<>, float, _Float16, ck_tile::tuple<>, ck_tile::tensor_layout::gemm::RowMajor, ck_tile::element_wise::PassThrough, 64, 256, false, false, 16, 16, 16, true, true, (ck_tile::memory_operation_enum)0>, void> >, ck_tile::FmhaFwdKernel<ck_tile::BlockFmhaPipelineQRKSVS<ck_tile::BlockFmhaPipelineProblem<_Float16, _Float16, _Float16, float, float, _Float16, unsigned char, float, _Float16, float, _Float16, ck_tile::TileFmhaShape<ck_tile::sequence<64, 64, 32, 256, 32, 256>, ck_tile::sequence<4, 1, 1>, ck_tile::sequence<16, 16, 16>, ck_tile::sequence<4, 1, 1>, ck_tile::sequence<16, 16, 16>, true>, false, ck_tile::ComposedAttention<0u, true>, ck_tile::SimplifiedGenericAttentionMask<true>, false, ck_tile::TileFmhaTraits<false, false, false, false, false, (ck_tile::BlockAttentionBiasEnum)0, false, false, false, (ck_tile::BlockAttentionQuantScaleEnum)0, -1, false> >, ck_tile::BlockFmhaPipelineQXKSVSCustomPolicy<true, false, 1, 1> >, ck_tile::DefaultGemm2DEpilogue<ck_tile::DefaultGemm2DEpilogueProblem<_Float16, _Float16, ck_tile::tuple<>, float, _Float16, ck_tile::tuple<>, ck_tile::tensor_layout::gemm::RowMajor, ck_tile::element_wise::PassThrough, 64, 256, false, false, 16, 16, 16, true, true, (ck_tile::memory_operation_enum)0>, void> >::FmhaFwdBatchModeKargs>(ck_tile::FmhaFwdKernel<ck_tile::BlockFmhaPipelineQRKSVS<ck_tile::BlockFmhaPipelineProblem<_Float16, _Float16, _Float16, float, float, _Float16, unsigned char, float, _Float16, float, _Float16, ck_tile::TileFmhaShape<ck_tile::sequence<64, 64, 32, 256, 32, 256>, ck_tile::sequence<4, 1, 1>, ck_tile::sequence<16, 16, 16>, ck_tile::sequence<4, 1, 1>, ck_tile::sequence<16, 16, 16>, true>, false, ck_tile::ComposedAttention<0u, true>, ck_tile::SimplifiedGenericAttentionMask<true>, false, ck_tile::TileFmhaTraits<false, false, false, false, false, (ck_tile::BlockAttentionBiasEnum)0, false, false, false, (ck_tile::BlockAttentionQuantScaleEnum)0, -1, false> >, ck_tile::BlockFmhaPipelineQXKSVSCustomPolicy<true, false, 1, 1> >, ck_tile::DefaultGemm2DEpilogue<ck_tile::DefaultGemm2DEpilogueProblem<_Float16, _Float16, ck_tile::tuple<>, float, _Float16, ck_tile::tuple<>, ck_tile::tensor_layout::gemm::RowMajor, ck_tile::element_wise::PassThrough, 64, 256, false, false, 16, 16, 16, true, true, (ck_tile::memory_operation_enum)0>, void> >::FmhaFwdBatchModeKargs)",164,129714095197214,129714097893306,32768,516,256,0,128,128,1,1,3072,32,1
"KERNEL_DISPATCH","Agent 2",2,2,1907135,165,21,"(anonymous namespace)::convert_f16_to_f32(__half const*, float*, unsigned long)",165,129714097910427,129714097958749,0,0,8,0,128,256,1,1,6291456,1,1
"KERNEL_DISPATCH","Agent 2",2,2,1907135,166,22,"(anonymous namespace)::rotate_q_givens_f32_to_f16(float const*, __half*, float const*, float const*, int, int)",166,129714097990231,129714098147281,0,0,24,0,128,32,1,1,1572864,1,1
"KERNEL_DISPATCH","Agent 2",2,2,1907135,167,23,"hipfire::ck_attention::predecode_asym3_k_q8_v_f16(unsigned char const*, unsigned char const*, __half*, __half*, int, int, int)",167,129714098155802,129714098434940,0,0,16,0,128,32,1,1,131072,4,1
"KERNEL_DISPATCH","Agent 2",2,2,1907135,168,24,"void ck_tile::kentry<ck_tile::gfx11_t, 1, ck_tile::FmhaFwdKernel<ck_tile::BlockFmhaPipelineQRKSVS<ck_tile::BlockFmhaPipelineProblem<_Float16, _Float16, _Float16, float, float, _Float16, unsigned char, float, _Float16, float, _Float16, ck_tile::TileFmhaShape<ck_tile::sequence<64, 64, 32, 256, 32, 256>, ck_tile::sequence<4, 1, 1>, ck_tile::sequence<16, 16, 16>, ck_tile::sequence<4, 1, 1>, ck_tile::sequence<16, 16, 16>, true>, false, ck_tile::ComposedAttention<0u, true>, ck_tile::SimplifiedGenericAttentionMask<true>, false, ck_tile::TileFmhaTraits<false, false, false, false, false, (ck_tile::BlockAttentionBiasEnum)0, false, false, false, (ck_tile::BlockAttentionQuantScaleEnum)0, -1, false> >, ck_tile::BlockFmhaPipelineQXKSVSCustomPolicy<true, false, 1, 1> >, ck_tile::DefaultGemm2DEpilogue<ck_tile::DefaultGemm2DEpilogueProblem<_Float16, _Float16, ck_tile::tuple<>, float, _Float16, ck_tile::tuple<>, ck_tile::tensor_layout::gemm::RowMajor, ck_tile::element_wise::PassThrough, 64, 256, false, false, 16, 16, 16, true, true, (ck_tile::memory_operation_enum)0>, void> >, ck_tile::FmhaFwdKernel<ck_tile::BlockFmhaPipelineQRKSVS<ck_tile::BlockFmhaPipelineProblem<_Float16, _Float16, _Float16, float, float, _Float16, unsigned char, float, _Float16, float, _Float16, ck_tile::TileFmhaShape<ck_tile::sequence<64, 64, 32, 256, 32, 256>, ck_tile::sequence<4, 1, 1>, ck_tile::sequence<16, 16, 16>, ck_tile::sequence<4, 1, 1>, ck_tile::sequence<16, 16, 16>, true>, false, ck_tile::ComposedAttention<0u, true>, ck_tile::SimplifiedGenericAttentionMask<true>, false, ck_tile::TileFmhaTraits<false, false, false, false, false, (ck_tile::BlockAttentionBiasEnum)0, false, false, false, (ck_tile::BlockAttentionQuantScaleEnum)0, -1, false> >, ck_tile::BlockFmhaPipelineQXKSVSCustomPolicy<true, false, 1, 1> >, ck_tile::DefaultGemm2DEpilogue<ck_tile::DefaultGemm2DEpilogueProblem<_Float16, _Float16, ck_tile::tuple<>, float, _Float16, ck_tile::tuple<>, ck_tile::tensor_layout::gemm::RowMajor, ck_tile::element_wise::PassThrough, 64, 256, false, false, 16, 16, 16, true, true, (ck_tile::memory_operation_enum)0>, void> >::FmhaFwdBatchModeKargs>(ck_tile::FmhaFwdKernel<ck_tile::BlockFmhaPipelineQRKSVS<ck_tile::BlockFmhaPipelineProblem<_Float16, _Float16, _Float16, float, float, _Float16, unsigned char, float, _Float16, float, _Float16, ck_tile::TileFmhaShape<ck_tile::sequence<64, 64, 32, 256, 32, 256>, ck_tile::sequence<4, 1, 1>, ck_tile::sequence<16, 16, 16>, ck_tile::sequence<4, 1, 1>, ck_tile::sequence<16, 16, 16>, true>, false, ck_tile::ComposedAttention<0u, true>, ck_tile::SimplifiedGenericAttentionMask<true>, false, ck_tile::TileFmhaTraits<false, false, false, false, false, (ck_tile::BlockAttentionBiasEnum)0, false, false, false, (ck_tile::BlockAttentionQuantScaleEnum)0, -1, false> >, ck_tile::BlockFmhaPipelineQXKSVSCustomPolicy<true, false, 1, 1> >, ck_tile::DefaultGemm2DEpilogue<ck_tile::DefaultGemm2DEpilogueProblem<_Float16, _Float16, ck_tile::tuple<>, float, _Float16, ck_tile::tuple<>, ck_tile::tensor_layout::gemm::RowMajor, ck_tile::element_wise::PassThrough, 64, 256, false, false, 16, 16, 16, true, true, (ck_tile::memory_operation_enum)0>, void> >::FmhaFwdBatchModeKargs)",168,129714098439500,129714101576781,32768,516,256,0,128,128,1,1,3072,32,1
"KERNEL_DISPATCH","Agent 2",2,2,1907135,169,21,"(anonymous namespace)::convert_f16_to_f32(__half const*, float*, unsigned long)",169,129714101594062,129714101647985,0,0,8,0,128,256,1,1,6291456,1,1
"KERNEL_DISPATCH","Agent 2",2,2,1907135,170,22,"(anonymous namespace)::rotate_q_givens_f32_to_f16(float const*, __half*, float const*, float const*, int, int)",170,129714101680017,129714101813546,0,0,24,0,128,32,1,1,1572864,1,1
"KERNEL_DISPATCH","Agent 2",2,2,1907135,171,20,"void ck_tile::kentry<ck_tile::gfx11_t, 1, (anonymous namespace)::QuantizedFmhaKernel, (anonymous namespace)::QuantizedFmhaKernel::Kargs>((anonymous namespace)::QuantizedFmhaKernel::Kargs)",171,129714101824027,129714110803881,32768,400,256,0,128,128,1,1,3072,32,1
"KERNEL_DISPATCH","Agent 2",2,2,1907135,172,21,"(anonymous namespace)::convert_f16_to_f32(__half const*, float*, unsigned long)",172,129714110820922,129714110862045,0,0,8,0,128,256,1,1,6291456,1,1
"KERNEL_DISPATCH","Agent 2",2,2,1907135,173,22,"(anonymous namespace)::rotate_q_givens_f32_to_f16(float const*, __half*, float const*, float const*, int, int)",173,129714110893707,129714111035876,0,0,24,0,128,32,1,1,1572864,1,1
"KERNEL_DISPATCH","Agent 2",2,2,1907135,174,20,"void ck_tile::kentry<ck_tile::gfx11_t, 1, (anonymous namespace)::QuantizedFmhaKernel, (anonymous namespace)::QuantizedFmhaKernel::Kargs>((anonymous namespace)::QuantizedFmhaKernel::Kargs)",174,129714111044437,129714119632026,32768,400,256,0,128,128,1,1,3072,32,1
"KERNEL_DISPATCH","Agent 2",2,2,1907135,175,21,"(anonymous namespace)::convert_f16_to_f32(__half const*, float*, unsigned long)",175,129714119649027,129714119691470,0,0,8,0,128,256,1,1,6291456,1,1
"KERNEL_DISPATCH","Agent 2",2,2,1907135,176,22,"(anonymous namespace)::rotate_q_givens_f32_to_f16(float const*, __half*, float const*, float const*, int, int)",176,129714119722592,129714119864601,0,0,24,0,128,32,1,1,1572864,1,1
"KERNEL_DISPATCH","Agent 2",2,2,1907135,177,23,"hipfire::ck_attention::predecode_asym3_k_q8_v_f16(unsigned char const*, unsigned char const*, __half*, __half*, int, int, int)",177,129714119873081,129714120153379,0,0,16,0,128,32,1,1,131072,4,1
"KERNEL_DISPATCH","Agent 2",2,2,1907135,178,24,"void ck_tile::kentry<ck_tile::gfx11_t, 1, ck_tile::FmhaFwdKernel<ck_tile::BlockFmhaPipelineQRKSVS<ck_tile::BlockFmhaPipelineProblem<_Float16, _Float16, _Float16, float, float, _Float16, unsigned char, float, _Float16, float, _Float16, ck_tile::TileFmhaShape<ck_tile::sequence<64, 64, 32, 256, 32, 256>, ck_tile::sequence<4, 1, 1>, ck_tile::sequence<16, 16, 16>, ck_tile::sequence<4, 1, 1>, ck_tile::sequence<16, 16, 16>, true>, false, ck_tile::ComposedAttention<0u, true>, ck_tile::SimplifiedGenericAttentionMask<true>, false, ck_tile::TileFmhaTraits<false, false, false, false, false, (ck_tile::BlockAttentionBiasEnum)0, false, false, false, (ck_tile::BlockAttentionQuantScaleEnum)0, -1, false> >, ck_tile::BlockFmhaPipelineQXKSVSCustomPolicy<true, false, 1, 1> >, ck_tile::DefaultGemm2DEpilogue<ck_tile::DefaultGemm2DEpilogueProblem<_Float16, _Float16, ck_tile::tuple<>, float, _Float16, ck_tile::tuple<>, ck_tile::tensor_layout::gemm::RowMajor, ck_tile::element_wise::PassThrough, 64, 256, false, false, 16, 16, 16, true, true, (ck_tile::memory_operation_enum)0>, void> >, ck_tile::FmhaFwdKernel<ck_tile::BlockFmhaPipelineQRKSVS<ck_tile::BlockFmhaPipelineProblem<_Float16, _Float16, _Float16, float, float, _Float16, unsigned char, float, _Float16, float, _Float16, ck_tile::TileFmhaShape<ck_tile::sequence<64, 64, 32, 256, 32, 256>, ck_tile::sequence<4, 1, 1>, ck_tile::sequence<16, 16, 16>, ck_tile::sequence<4, 1, 1>, ck_tile::sequence<16, 16, 16>, true>, false, ck_tile::ComposedAttention<0u, true>, ck_tile::SimplifiedGenericAttentionMask<true>, false, ck_tile::TileFmhaTraits<false, false, false, false, false, (ck_tile::BlockAttentionBiasEnum)0, false, false, false, (ck_tile::BlockAttentionQuantScaleEnum)0, -1, false> >, ck_tile::BlockFmhaPipelineQXKSVSCustomPolicy<true, false, 1, 1> >, ck_tile::DefaultGemm2DEpilogue<ck_tile::DefaultGemm2DEpilogueProblem<_Float16, _Float16, ck_tile::tuple<>, float, _Float16, ck_tile::tuple<>, ck_tile::tensor_layout::gemm::RowMajor, ck_tile::element_wise::PassThrough, 64, 256, false, false, 16, 16, 16, true, true, (ck_tile::memory_operation_enum)0>, void> >::FmhaFwdBatchModeKargs>(ck_tile::FmhaFwdKernel<ck_tile::BlockFmhaPipelineQRKSVS<ck_tile::BlockFmhaPipelineProblem<_Float16, _Float16, _Float16, float, float, _Float16, unsigned char, float, _Float16, float, _Float16, ck_tile::TileFmhaShape<ck_tile::sequence<64, 64, 32, 256, 32, 256>, ck_tile::sequence<4, 1, 1>, ck_tile::sequence<16, 16, 16>, ck_tile::sequence<4, 1, 1>, ck_tile::sequence<16, 16, 16>, true>, false, ck_tile::ComposedAttention<0u, true>, ck_tile::SimplifiedGenericAttentionMask<true>, false, ck_tile::TileFmhaTraits<false, false, false, false, false, (ck_tile::BlockAttentionBiasEnum)0, false, false, false, (ck_tile::BlockAttentionQuantScaleEnum)0, -1, false> >, ck_tile::BlockFmhaPipelineQXKSVSCustomPolicy<true, false, 1, 1> >, ck_tile::DefaultGemm2DEpilogue<ck_tile::DefaultGemm2DEpilogueProblem<_Float16, _Float16, ck_tile::tuple<>, float, _Float16, ck_tile::tuple<>, ck_tile::tensor_layout::gemm::RowMajor, ck_tile::element_wise::PassThrough, 64, 256, false, false, 16, 16, 16, true, true, (ck_tile::memory_operation_enum)0>, void> >::FmhaFwdBatchModeKargs)",178,129714120158060,129714122828070,32768,516,256,0,128,128,1,1,3072,32,1
"KERNEL_DISPATCH","Agent 2",2,2,1907135,179,21,"(anonymous namespace)::convert_f16_to_f32(__half const*, float*, unsigned long)",179,129714122845151,129714122894155,0,0,8,0,128,256,1,1,6291456,1,1
"KERNEL_DISPATCH","Agent 2",2,2,1907135,181,20,"void ck_tile::kentry<ck_tile::gfx11_t, 1, (anonymous namespace)::QuantizedFmhaKernel, (anonymous namespace)::QuantizedFmhaKernel::Kargs>((anonymous namespace)::QuantizedFmhaKernel::Kargs)",181,129714123071506,129714132010238,32768,400,256,0,128,128,1,1,3072,32,1
"KERNEL_DISPATCH","Agent 2",2,2,1907135,182,21,"(anonymous namespace)::convert_f16_to_f32(__half const*, float*, unsigned long)",182,129714132027479,129714132068762,0,0,8,0,128,256,1,1,6291456,1,1
"KERNEL_DISPATCH","Agent 2",2,2,1907135,180,22,"(anonymous namespace)::rotate_q_givens_f32_to_f16(float const*, __half*, float const*, float const*, int, int)",180,129714122927257,129714123061065,0,0,24,0,128,32,1,1,1572864,1,1
"KERNEL_DISPATCH","Agent 2",2,2,1907135,183,22,"(anonymous namespace)::rotate_q_givens_f32_to_f16(float const*, __half*, float const*, float const*, int, int)",183,129714132072562,129714132218651,0,0,24,0,128,32,1,1,1572864,1,1
"KERNEL_DISPATCH","Agent 2",2,2,1907135,184,23,"hipfire::ck_attention::predecode_asym3_k_q8_v_f16(unsigned char const*, unsigned char const*, __half*, __half*, int, int, int)",184,129714132226972,129714132509030,0,0,16,0,128,32,1,1,131072,4,1
"KERNEL_DISPATCH","Agent 2",2,2,1907135,185,24,"void ck_tile::kentry<ck_tile::gfx11_t, 1, ck_tile::FmhaFwdKernel<ck_tile::BlockFmhaPipelineQRKSVS<ck_tile::BlockFmhaPipelineProblem<_Float16, _Float16, _Float16, float, float, _Float16, unsigned char, float, _Float16, float, _Float16, ck_tile::TileFmhaShape<ck_tile::sequence<64, 64, 32, 256, 32, 256>, ck_tile::sequence<4, 1, 1>, ck_tile::sequence<16, 16, 16>, ck_tile::sequence<4, 1, 1>, ck_tile::sequence<16, 16, 16>, true>, false, ck_tile::ComposedAttention<0u, true>, ck_tile::SimplifiedGenericAttentionMask<true>, false, ck_tile::TileFmhaTraits<false, false, false, false, false, (ck_tile::BlockAttentionBiasEnum)0, false, false, false, (ck_tile::BlockAttentionQuantScaleEnum)0, -1, false> >, ck_tile::BlockFmhaPipelineQXKSVSCustomPolicy<true, false, 1, 1> >, ck_tile::DefaultGemm2DEpilogue<ck_tile::DefaultGemm2DEpilogueProblem<_Float16, _Float16, ck_tile::tuple<>, float, _Float16, ck_tile::tuple<>, ck_tile::tensor_layout::gemm::RowMajor, ck_tile::element_wise::PassThrough, 64, 256, false, false, 16, 16, 16, true, true, (ck_tile::memory_operation_enum)0>, void> >, ck_tile::FmhaFwdKernel<ck_tile::BlockFmhaPipelineQRKSVS<ck_tile::BlockFmhaPipelineProblem<_Float16, _Float16, _Float16, float, float, _Float16, unsigned char, float, _Float16, float, _Float16, ck_tile::TileFmhaShape<ck_tile::sequence<64, 64, 32, 256, 32, 256>, ck_tile::sequence<4, 1, 1>, ck_tile::sequence<16, 16, 16>, ck_tile::sequence<4, 1, 1>, ck_tile::sequence<16, 16, 16>, true>, false, ck_tile::ComposedAttention<0u, true>, ck_tile::SimplifiedGenericAttentionMask<true>, false, ck_tile::TileFmhaTraits<false, false, false, false, false, (ck_tile::BlockAttentionBiasEnum)0, false, false, false, (ck_tile::BlockAttentionQuantScaleEnum)0, -1, false> >, ck_tile::BlockFmhaPipelineQXKSVSCustomPolicy<true, false, 1, 1> >, ck_tile::DefaultGemm2DEpilogue<ck_tile::DefaultGemm2DEpilogueProblem<_Float16, _Float16, ck_tile::tuple<>, float, _Float16, ck_tile::tuple<>, ck_tile::tensor_layout::gemm::RowMajor, ck_tile::element_wise::PassThrough, 64, 256, false, false, 16, 16, 16, true, true, (ck_tile::memory_operation_enum)0>, void> >::FmhaFwdBatchModeKargs>(ck_tile::FmhaFwdKernel<ck_tile::BlockFmhaPipelineQRKSVS<ck_tile::BlockFmhaPipelineProblem<_Float16, _Float16, _Float16, float, float, _Float16, unsigned char, float, _Float16, float, _Float16, ck_tile::TileFmhaShape<ck_tile::sequence<64, 64, 32, 256, 32, 256>, ck_tile::sequence<4, 1, 1>, ck_tile::sequence<16, 16, 16>, ck_tile::sequence<4, 1, 1>, ck_tile::sequence<16, 16, 16>, true>, false, ck_tile::ComposedAttention<0u, true>, ck_tile::SimplifiedGenericAttentionMask<true>, false, ck_tile::TileFmhaTraits<false, false, false, false, false, (ck_tile::BlockAttentionBiasEnum)0, false, false, false, (ck_tile::BlockAttentionQuantScaleEnum)0, -1, false> >, ck_tile::BlockFmhaPipelineQXKSVSCustomPolicy<true, false, 1, 1> >, ck_tile::DefaultGemm2DEpilogue<ck_tile::DefaultGemm2DEpilogueProblem<_Float16, _Float16, ck_tile::tuple<>, float, _Float16, ck_tile::tuple<>, ck_tile::tensor_layout::gemm::RowMajor, ck_tile::element_wise::PassThrough, 64, 256, false, false, 16, 16, 16, true, true, (ck_tile::memory_operation_enum)0>, void> >::FmhaFwdBatchModeKargs)",185,129714132513390,129714135217203,32768,516,256,0,128,128,1,1,3072,32,1
"KERNEL_DISPATCH","Agent 2",2,2,1907135,186,21,"(anonymous namespace)::convert_f16_to_f32(__half const*, float*, unsigned long)",186,129714135234204,129714135284287,0,0,8,0,128,256,1,1,6291456,1,1
"KERNEL_DISPATCH","Agent 2",3,3,1907135,187,9,"__amd_rocclr_copyBuffer",187,129714305303020,129714305311981,0,0,16,0,128,512,1,1,512,1,1
"KERNEL_DISPATCH","Agent 2",3,3,1907135,188,9,"__amd_rocclr_copyBuffer",188,129714305318301,129714305321021,0,0,16,0,128,512,1,1,512,1,1
"KERNEL_DISPATCH","Agent 2",3,3,1907135,189,22,"(anonymous namespace)::rotate_q_givens_f32_to_f16(float const*, __half*, float const*, float const*, int, int)",189,129714305361563,129714305392965,0,0,24,0,128,32,1,1,1572864,1,1
"KERNEL_DISPATCH","Agent 2",3,3,1907135,190,20,"void ck_tile::kentry<ck_tile::gfx11_t, 1, (anonymous namespace)::QuantizedFmhaKernel, (anonymous namespace)::QuantizedFmhaKernel::Kargs>((anonymous namespace)::QuantizedFmhaKernel::Kargs)",190,129714305501092,129714319730116,32768,400,256,0,128,128,1,1,3072,32,1
"KERNEL_DISPATCH","Agent 2",3,3,1907135,191,21,"(anonymous namespace)::convert_f16_to_f32(__half const*, float*, unsigned long)",191,129714319749317,129714319798200,0,0,8,0,128,256,1,1,6291456,1,1
"KERNEL_DISPATCH","Agent 2",3,3,1907135,192,22,"(anonymous namespace)::rotate_q_givens_f32_to_f16(float const*, __half*, float const*, float const*, int, int)",192,129714319801880,129714319942169,0,0,24,0,128,32,1,1,1572864,1,1
"KERNEL_DISPATCH","Agent 2",3,3,1907135,193,23,"hipfire::ck_attention::predecode_asym3_k_q8_v_f16(unsigned char const*, unsigned char const*, __half*, __half*, int, int, int)",193,129714319950450,129714320435760,0,0,16,0,128,32,1,1,196608,4,1
"KERNEL_DISPATCH","Agent 2",3,3,1907135,219,21,"(anonymous namespace)::convert_f16_to_f32(__half const*, float*, unsigned long)",219,129714404102204,129714404147447,0,0,8,0,128,256,1,1,6291456,1,1
"KERNEL_DISPATCH","Agent 2",3,3,1907135,214,23,"hipfire::ck_attention::predecode_asym3_k_q8_v_f16(unsigned char const*, unsigned char const*, __half*, __half*, int, int, int)",214,129714383631661,129714384053008,0,0,16,0,128,32,1,1,196608,4,1
"KERNEL_DISPATCH","Agent 2",3,3,1907135,209,21,"(anonymous namespace)::convert_f16_to_f32(__half const*, float*, unsigned long)",209,129714367893859,129714367950542,0,0,8,0,128,256,1,1,6291456,1,1
"KERNEL_DISPATCH","Agent 2",3,3,1907135,204,20,"void ck_tile::kentry<ck_tile::gfx11_t, 1, (anonymous namespace)::QuantizedFmhaKernel, (anonymous namespace)::QuantizedFmhaKernel::Kargs>((anonymous namespace)::QuantizedFmhaKernel::Kargs)",204,129714346949885,129714362406309,32768,400,256,0,128,128,1,1,3072,32,1
"KERNEL_DISPATCH","Agent 2",3,3,1907135,199,22,"(anonymous namespace)::rotate_q_givens_f32_to_f16(float const*, __half*, float const*, float const*, int, int)",199,129714341278964,129714341436294,0,0,24,0,128,32,1,1,1572864,1,1
"KERNEL_DISPATCH","Agent 2",3,3,1907135,194,24,"void ck_tile::kentry<ck_tile::gfx11_t, 1, ck_tile::FmhaFwdKernel<ck_tile::BlockFmhaPipelineQRKSVS<ck_tile::BlockFmhaPipelineProblem<_Float16, _Float16, _Float16, float, float, _Float16, unsigned char, float, _Float16, float, _Float16, ck_tile::TileFmhaShape<ck_tile::sequence<64, 64, 32, 256, 32, 256>, ck_tile::sequence<4, 1, 1>, ck_tile::sequence<16, 16, 16>, ck_tile::sequence<4, 1, 1>, ck_tile::sequence<16, 16, 16>, true>, false, ck_tile::ComposedAttention<0u, true>, ck_tile::SimplifiedGenericAttentionMask<true>, false, ck_tile::TileFmhaTraits<false, false, false, false, false, (ck_tile::BlockAttentionBiasEnum)0, false, false, false, (ck_tile::BlockAttentionQuantScaleEnum)0, -1, false> >, ck_tile::BlockFmhaPipelineQXKSVSCustomPolicy<true, false, 1, 1> >, ck_tile::DefaultGemm2DEpilogue<ck_tile::DefaultGemm2DEpilogueProblem<_Float16, _Float16, ck_tile::tuple<>, float, _Float16, ck_tile::tuple<>, ck_tile::tensor_layout::gemm::RowMajor, ck_tile::element_wise::PassThrough, 64, 256, false, false, 16, 16, 16, true, true, (ck_tile::memory_operation_enum)0>, void> >, ck_tile::FmhaFwdKernel<ck_tile::BlockFmhaPipelineQRKSVS<ck_tile::BlockFmhaPipelineProblem<_Float16, _Float16, _Float16, float, float, _Float16, unsigned char, float, _Float16, float, _Float16, ck_tile::TileFmhaShape<ck_tile::sequence<64, 64, 32, 256, 32, 256>, ck_tile::sequence<4, 1, 1>, ck_tile::sequence<16, 16, 16>, ck_tile::sequence<4, 1, 1>, ck_tile::sequence<16, 16, 16>, true>, false, ck_tile::ComposedAttention<0u, true>, ck_tile::SimplifiedGenericAttentionMask<true>, false, ck_tile::TileFmhaTraits<false, false, false, false, false, (ck_tile::BlockAttentionBiasEnum)0, false, false, false, (ck_tile::BlockAttentionQuantScaleEnum)0, -1, false> >, ck_tile::BlockFmhaPipelineQXKSVSCustomPolicy<true, false, 1, 1> >, ck_tile::DefaultGemm2DEpilogue<ck_tile::DefaultGemm2DEpilogueProblem<_Float16, _Float16, ck_tile::tuple<>, float, _Float16, ck_tile::tuple<>, ck_tile::tensor_layout::gemm::RowMajor, ck_tile::element_wise::PassThrough, 64, 256, false, false, 16, 16, 16, true, true, (ck_tile::memory_operation_enum)0>, void> >::FmhaFwdBatchModeKargs>(ck_tile::FmhaFwdKernel<ck_tile::BlockFmhaPipelineQRKSVS<ck_tile::BlockFmhaPipelineProblem<_Float16, _Float16, _Float16, float, float, _Float16, unsigned char, float, _Float16, float, _Float16, ck_tile::TileFmhaShape<ck_tile::sequence<64, 64, 32, 256, 32, 256>, ck_tile::sequence<4, 1, 1>, ck_tile::sequence<16, 16, 16>, ck_tile::sequence<4, 1, 1>, ck_tile::sequence<16, 16, 16>, true>, false, ck_tile::ComposedAttention<0u, true>, ck_tile::SimplifiedGenericAttentionMask<true>, false, ck_tile::TileFmhaTraits<false, false, false, false, false, (ck_tile::BlockAttentionBiasEnum)0, false, false, false, (ck_tile::BlockAttentionQuantScaleEnum)0, -1, false> >, ck_tile::BlockFmhaPipelineQXKSVSCustomPolicy<true, false, 1, 1> >, ck_tile::DefaultGemm2DEpilogue<ck_tile::DefaultGemm2DEpilogueProblem<_Float16, _Float16, ck_tile::tuple<>, float, _Float16, ck_tile::tuple<>, ck_tile::tensor_layout::gemm::RowMajor, ck_tile::element_wise::PassThrough, 64, 256, false, false, 16, 16, 16, true, true, (ck_tile::memory_operation_enum)0>, void> >::FmhaFwdBatchModeKargs)",194,129714320735936,129714325430635,32768,516,256,0,128,128,1,1,3072,32,1
"KERNEL_DISPATCH","Agent 2",3,3,1907135,195,21,"(anonymous namespace)::convert_f16_to_f32(__half const*, float*, unsigned long)",195,129714325450316,129714325530321,0,0,8,0,128,256,1,1,6291456,1,1
"KERNEL_DISPATCH","Agent 2",3,3,1907135,200,23,"hipfire::ck_attention::predecode_asym3_k_q8_v_f16(unsigned char const*, unsigned char const*, __half*, __half*, int, int, int)",200,129714341440934,129714341908284,0,0,16,0,128,32,1,1,196608,4,1
"KERNEL_DISPATCH","Agent 2",3,3,1907135,205,21,"(anonymous namespace)::convert_f16_to_f32(__half const*, float*, unsigned long)",205,129714362423470,129714362470553,0,0,8,0,128,256,1,1,6291456,1,1
"KERNEL_DISPATCH","Agent 2",3,3,1907135,210,22,"(anonymous namespace)::rotate_q_givens_f32_to_f16(float const*, __half*, float const*, float const*, int, int)",210,129714367954422,129714368093071,0,0,24,0,128,32,1,1,1572864,1,1
"KERNEL_DISPATCH","Agent 2",3,3,1907135,215,24,"void ck_tile::kentry<ck_tile::gfx11_t, 1, ck_tile::FmhaFwdKernel<ck_tile::BlockFmhaPipelineQRKSVS<ck_tile::BlockFmhaPipelineProblem<_Float16, _Float16, _Float16, float, float, _Float16, unsigned char, float, _Float16, float, _Float16, ck_tile::TileFmhaShape<ck_tile::sequence<64, 64, 32, 256, 32, 256>, ck_tile::sequence<4, 1, 1>, ck_tile::sequence<16, 16, 16>, ck_tile::sequence<4, 1, 1>, ck_tile::sequence<16, 16, 16>, true>, false, ck_tile::ComposedAttention<0u, true>, ck_tile::SimplifiedGenericAttentionMask<true>, false, ck_tile::TileFmhaTraits<false, false, false, false, false, (ck_tile::BlockAttentionBiasEnum)0, false, false, false, (ck_tile::BlockAttentionQuantScaleEnum)0, -1, false> >, ck_tile::BlockFmhaPipelineQXKSVSCustomPolicy<true, false, 1, 1> >, ck_tile::DefaultGemm2DEpilogue<ck_tile::DefaultGemm2DEpilogueProblem<_Float16, _Float16, ck_tile::tuple<>, float, _Float16, ck_tile::tuple<>, ck_tile::tensor_layout::gemm::RowMajor, ck_tile::element_wise::PassThrough, 64, 256, false, false, 16, 16, 16, true, true, (ck_tile::memory_operation_enum)0>, void> >, ck_tile::FmhaFwdKernel<ck_tile::BlockFmhaPipelineQRKSVS<ck_tile::BlockFmhaPipelineProblem<_Float16, _Float16, _Float16, float, float, _Float16, unsigned char, float, _Float16, float, _Float16, ck_tile::TileFmhaShape<ck_tile::sequence<64, 64, 32, 256, 32, 256>, ck_tile::sequence<4, 1, 1>, ck_tile::sequence<16, 16, 16>, ck_tile::sequence<4, 1, 1>, ck_tile::sequence<16, 16, 16>, true>, false, ck_tile::ComposedAttention<0u, true>, ck_tile::SimplifiedGenericAttentionMask<true>, false, ck_tile::TileFmhaTraits<false, false, false, false, false, (ck_tile::BlockAttentionBiasEnum)0, false, false, false, (ck_tile::BlockAttentionQuantScaleEnum)0, -1, false> >, ck_tile::BlockFmhaPipelineQXKSVSCustomPolicy<true, false, 1, 1> >, ck_tile::DefaultGemm2DEpilogue<ck_tile::DefaultGemm2DEpilogueProblem<_Float16, _Float16, ck_tile::tuple<>, float, _Float16, ck_tile::tuple<>, ck_tile::tensor_layout::gemm::RowMajor, ck_tile::element_wise::PassThrough, 64, 256, false, false, 16, 16, 16, true, true, (ck_tile::memory_operation_enum)0>, void> >::FmhaFwdBatchModeKargs>(ck_tile::FmhaFwdKernel<ck_tile::BlockFmhaPipelineQRKSVS<ck_tile::BlockFmhaPipelineProblem<_Float16, _Float16, _Float16, float, float, _Float16, unsigned char, float, _Float16, float, _Float16, ck_tile::TileFmhaShape<ck_tile::sequence<64, 64, 32, 256, 32, 256>, ck_tile::sequence<4, 1, 1>, ck_tile::sequence<16, 16, 16>, ck_tile::sequence<4, 1, 1>, ck_tile::sequence<16, 16, 16>, true>, false, ck_tile::ComposedAttention<0u, true>, ck_tile::SimplifiedGenericAttentionMask<true>, false, ck_tile::TileFmhaTraits<false, false, false, false, false, (ck_tile::BlockAttentionBiasEnum)0, false, false, false, (ck_tile::BlockAttentionQuantScaleEnum)0, -1, false> >, ck_tile::BlockFmhaPipelineQXKSVSCustomPolicy<true, false, 1, 1> >, ck_tile::DefaultGemm2DEpilogue<ck_tile::DefaultGemm2DEpilogueProblem<_Float16, _Float16, ck_tile::tuple<>, float, _Float16, ck_tile::tuple<>, ck_tile::tensor_layout::gemm::RowMajor, ck_tile::element_wise::PassThrough, 64, 256, false, false, 16, 16, 16, true, true, (ck_tile::memory_operation_enum)0>, void> >::FmhaFwdBatchModeKargs)",215,129714384057448,129714388727625,32768,516,256,0,128,128,1,1,3072,32,1
"KERNEL_DISPATCH","Agent 2",3,3,1907135,220,22,"(anonymous namespace)::rotate_q_givens_f32_to_f16(float const*, __half*, float const*, float const*, int, int)",220,129714404151207,129714404295136,0,0,24,0,128,32,1,1,1572864,1,1
"KERNEL_DISPATCH","Agent 2",3,3,1907135,196,22,"(anonymous namespace)::rotate_q_givens_f32_to_f16(float const*, __half*, float const*, float const*, int, int)",196,129714325534041,129714325685771,0,0,24,0,128,32,1,1,1572864,1,1
"KERNEL_DISPATCH","Agent 2",3,3,1907135,201,24,"void ck_tile::kentry<ck_tile::gfx11_t, 1, ck_tile::FmhaFwdKernel<ck_tile::BlockFmhaPipelineQRKSVS<ck_tile::BlockFmhaPipelineProblem<_Float16, _Float16, _Float16, float, float, _Float16, unsigned char, float, _Float16, float, _Float16, ck_tile::TileFmhaShape<ck_tile::sequence<64, 64, 32, 256, 32, 256>, ck_tile::sequence<4, 1, 1>, ck_tile::sequence<16, 16, 16>, ck_tile::sequence<4, 1, 1>, ck_tile::sequence<16, 16, 16>, true>, false, ck_tile::ComposedAttention<0u, true>, ck_tile::SimplifiedGenericAttentionMask<true>, false, ck_tile::TileFmhaTraits<false, false, false, false, false, (ck_tile::BlockAttentionBiasEnum)0, false, false, false, (ck_tile::BlockAttentionQuantScaleEnum)0, -1, false> >, ck_tile::BlockFmhaPipelineQXKSVSCustomPolicy<true, false, 1, 1> >, ck_tile::DefaultGemm2DEpilogue<ck_tile::DefaultGemm2DEpilogueProblem<_Float16, _Float16, ck_tile::tuple<>, float, _Float16, ck_tile::tuple<>, ck_tile::tensor_layout::gemm::RowMajor, ck_tile::element_wise::PassThrough, 64, 256, false, false, 16, 16, 16, true, true, (ck_tile::memory_operation_enum)0>, void> >, ck_tile::FmhaFwdKernel<ck_tile::BlockFmhaPipelineQRKSVS<ck_tile::BlockFmhaPipelineProblem<_Float16, _Float16, _Float16, float, float, _Float16, unsigned char, float, _Float16, float, _Float16, ck_tile::TileFmhaShape<ck_tile::sequence<64, 64, 32, 256, 32, 256>, ck_tile::sequence<4, 1, 1>, ck_tile::sequence<16, 16, 16>, ck_tile::sequence<4, 1, 1>, ck_tile::sequence<16, 16, 16>, true>, false, ck_tile::ComposedAttention<0u, true>, ck_tile::SimplifiedGenericAttentionMask<true>, false, ck_tile::TileFmhaTraits<false, false, false, false, false, (ck_tile::BlockAttentionBiasEnum)0, false, false, false, (ck_tile::BlockAttentionQuantScaleEnum)0, -1, false> >, ck_tile::BlockFmhaPipelineQXKSVSCustomPolicy<true, false, 1, 1> >, ck_tile::DefaultGemm2DEpilogue<ck_tile::DefaultGemm2DEpilogueProblem<_Float16, _Float16, ck_tile::tuple<>, float, _Float16, ck_tile::tuple<>, ck_tile::tensor_layout::gemm::RowMajor, ck_tile::element_wise::PassThrough, 64, 256, false, false, 16, 16, 16, true, true, (ck_tile::memory_operation_enum)0>, void> >::FmhaFwdBatchModeKargs>(ck_tile::FmhaFwdKernel<ck_tile::BlockFmhaPipelineQRKSVS<ck_tile::BlockFmhaPipelineProblem<_Float16, _Float16, _Float16, float, float, _Float16, unsigned char, float, _Float16, float, _Float16, ck_tile::TileFmhaShape<ck_tile::sequence<64, 64, 32, 256, 32, 256>, ck_tile::sequence<4, 1, 1>, ck_tile::sequence<16, 16, 16>, ck_tile::sequence<4, 1, 1>, ck_tile::sequence<16, 16, 16>, true>, false, ck_tile::ComposedAttention<0u, true>, ck_tile::SimplifiedGenericAttentionMask<true>, false, ck_tile::TileFmhaTraits<false, false, false, false, false, (ck_tile::BlockAttentionBiasEnum)0, false, false, false, (ck_tile::BlockAttentionQuantScaleEnum)0, -1, false> >, ck_tile::BlockFmhaPipelineQXKSVSCustomPolicy<true, false, 1, 1> >, ck_tile::DefaultGemm2DEpilogue<ck_tile::DefaultGemm2DEpilogueProblem<_Float16, _Float16, ck_tile::tuple<>, float, _Float16, ck_tile::tuple<>, ck_tile::tensor_layout::gemm::RowMajor, ck_tile::element_wise::PassThrough, 64, 256, false, false, 16, 16, 16, true, true, (ck_tile::memory_operation_enum)0>, void> >::FmhaFwdBatchModeKargs)",201,129714341912804,129714346725431,32768,516,256,0,128,128,1,1,3072,32,1
"KERNEL_DISPATCH","Agent 2",3,3,1907135,206,22,"(anonymous namespace)::rotate_q_givens_f32_to_f16(float const*, __half*, float const*, float const*, int, int)",206,129714362474754,129714362617803,0,0,24,0,128,32,1,1,1572864,1,1
"KERNEL_DISPATCH","Agent 2",3,3,1907135,211,20,"void ck_tile::kentry<ck_tile::gfx11_t, 1, (anonymous namespace)::QuantizedFmhaKernel, (anonymous namespace)::QuantizedFmhaKernel::Kargs>((anonymous namespace)::QuantizedFmhaKernel::Kargs)",211,129714368101512,129714383410607,32768,400,256,0,128,128,1,1,3072,32,1
"KERNEL_DISPATCH","Agent 2",3,3,1907135,216,21,"(anonymous namespace)::convert_f16_to_f32(__half const*, float*, unsigned long)",216,129714388744706,129714388801110,0,0,8,0,128,256,1,1,6291456,1,1
"KERNEL_DISPATCH","Agent 2",3,3,1907135,197,20,"void ck_tile::kentry<ck_tile::gfx11_t, 1, (anonymous namespace)::QuantizedFmhaKernel, (anonymous namespace)::QuantizedFmhaKernel::Kargs>((anonymous namespace)::QuantizedFmhaKernel::Kargs)",197,129714325690451,129714341209759,32768,400,256,0,128,128,1,1,3072,32,1
"KERNEL_DISPATCH","Agent 2",3,3,1907135,202,21,"(anonymous namespace)::convert_f16_to_f32(__half const*, float*, unsigned long)",202,129714346742552,129714346799195,0,0,8,0,128,256,1,1,6291456,1,1
"KERNEL_DISPATCH","Agent 2",3,3,1907135,207,23,"hipfire::ck_attention::predecode_asym3_k_q8_v_f16(unsigned char const*, unsigned char const*, __half*, __half*, int, int, int)",207,129714362626283,129714363074912,0,0,16,0,128,32,1,1,196608,4,1
"KERNEL_DISPATCH","Agent 2",3,3,1907135,212,21,"(anonymous namespace)::convert_f16_to_f32(__half const*, float*, unsigned long)",212,129714383427928,129714383473891,0,0,8,0,128,256,1,1,6291456,1,1
"KERNEL_DISPATCH","Agent 2",3,3,1907135,217,22,"(anonymous namespace)::rotate_q_givens_f32_to_f16(float const*, __half*, float const*, float const*, int, int)",217,129714388804990,129714388945399,0,0,24,0,128,32,1,1,1572864,1,1
"KERNEL_DISPATCH","Agent 2",3,3,1907135,198,21,"(anonymous namespace)::convert_f16_to_f32(__half const*, float*, unsigned long)",198,129714341227561,129714341275084,0,0,8,0,128,256,1,1,6291456,1,1
"KERNEL_DISPATCH","Agent 2",3,3,1907135,203,22,"(anonymous namespace)::rotate_q_givens_f32_to_f16(float const*, __half*, float const*, float const*, int, int)",203,129714346803116,129714346941524,0,0,24,0,128,32,1,1,1572864,1,1
"KERNEL_DISPATCH","Agent 2",3,3,1907135,208,24,"void ck_tile::kentry<ck_tile::gfx11_t, 1, ck_tile::FmhaFwdKernel<ck_tile::BlockFmhaPipelineQRKSVS<ck_tile::BlockFmhaPipelineProblem<_Float16, _Float16, _Float16, float, float, _Float16, unsigned char, float, _Float16, float, _Float16, ck_tile::TileFmhaShape<ck_tile::sequence<64, 64, 32, 256, 32, 256>, ck_tile::sequence<4, 1, 1>, ck_tile::sequence<16, 16, 16>, ck_tile::sequence<4, 1, 1>, ck_tile::sequence<16, 16, 16>, true>, false, ck_tile::ComposedAttention<0u, true>, ck_tile::SimplifiedGenericAttentionMask<true>, false, ck_tile::TileFmhaTraits<false, false, false, false, false, (ck_tile::BlockAttentionBiasEnum)0, false, false, false, (ck_tile::BlockAttentionQuantScaleEnum)0, -1, false> >, ck_tile::BlockFmhaPipelineQXKSVSCustomPolicy<true, false, 1, 1> >, ck_tile::DefaultGemm2DEpilogue<ck_tile::DefaultGemm2DEpilogueProblem<_Float16, _Float16, ck_tile::tuple<>, float, _Float16, ck_tile::tuple<>, ck_tile::tensor_layout::gemm::RowMajor, ck_tile::element_wise::PassThrough, 64, 256, false, false, 16, 16, 16, true, true, (ck_tile::memory_operation_enum)0>, void> >, ck_tile::FmhaFwdKernel<ck_tile::BlockFmhaPipelineQRKSVS<ck_tile::BlockFmhaPipelineProblem<_Float16, _Float16, _Float16, float, float, _Float16, unsigned char, float, _Float16, float, _Float16, ck_tile::TileFmhaShape<ck_tile::sequence<64, 64, 32, 256, 32, 256>, ck_tile::sequence<4, 1, 1>, ck_tile::sequence<16, 16, 16>, ck_tile::sequence<4, 1, 1>, ck_tile::sequence<16, 16, 16>, true>, false, ck_tile::ComposedAttention<0u, true>, ck_tile::SimplifiedGenericAttentionMask<true>, false, ck_tile::TileFmhaTraits<false, false, false, false, false, (ck_tile::BlockAttentionBiasEnum)0, false, false, false, (ck_tile::BlockAttentionQuantScaleEnum)0, -1, false> >, ck_tile::BlockFmhaPipelineQXKSVSCustomPolicy<true, false, 1, 1> >, ck_tile::DefaultGemm2DEpilogue<ck_tile::DefaultGemm2DEpilogueProblem<_Float16, _Float16, ck_tile::tuple<>, float, _Float16, ck_tile::tuple<>, ck_tile::tensor_layout::gemm::RowMajor, ck_tile::element_wise::PassThrough, 64, 256, false, false, 16, 16, 16, true, true, (ck_tile::memory_operation_enum)0>, void> >::FmhaFwdBatchModeKargs>(ck_tile::FmhaFwdKernel<ck_tile::BlockFmhaPipelineQRKSVS<ck_tile::BlockFmhaPipelineProblem<_Float16, _Float16, _Float16, float, float, _Float16, unsigned char, float, _Float16, float, _Float16, ck_tile::TileFmhaShape<ck_tile::sequence<64, 64, 32, 256, 32, 256>, ck_tile::sequence<4, 1, 1>, ck_tile::sequence<16, 16, 16>, ck_tile::sequence<4, 1, 1>, ck_tile::sequence<16, 16, 16>, true>, false, ck_tile::ComposedAttention<0u, true>, ck_tile::SimplifiedGenericAttentionMask<true>, false, ck_tile::TileFmhaTraits<false, false, false, false, false, (ck_tile::BlockAttentionBiasEnum)0, false, false, false, (ck_tile::BlockAttentionQuantScaleEnum)0, -1, false> >, ck_tile::BlockFmhaPipelineQXKSVSCustomPolicy<true, false, 1, 1> >, ck_tile::DefaultGemm2DEpilogue<ck_tile::DefaultGemm2DEpilogueProblem<_Float16, _Float16, ck_tile::tuple<>, float, _Float16, ck_tile::tuple<>, ck_tile::tensor_layout::gemm::RowMajor, ck_tile::element_wise::PassThrough, 64, 256, false, false, 16, 16, 16, true, true, (ck_tile::memory_operation_enum)0>, void> >::FmhaFwdBatchModeKargs)",208,129714363079592,129714367876738,32768,516,256,0,128,128,1,1,3072,32,1
"KERNEL_DISPATCH","Agent 2",3,3,1907135,213,22,"(anonymous namespace)::rotate_q_givens_f32_to_f16(float const*, __half*, float const*, float const*, int, int)",213,129714383478091,129714383622980,0,0,24,0,128,32,1,1,1572864,1,1
"KERNEL_DISPATCH","Agent 2",3,3,1907135,218,20,"void ck_tile::kentry<ck_tile::gfx11_t, 1, (anonymous namespace)::QuantizedFmhaKernel, (anonymous namespace)::QuantizedFmhaKernel::Kargs>((anonymous namespace)::QuantizedFmhaKernel::Kargs)",218,129714388953960,129714404085163,32768,400,256,0,128,128,1,1,3072,32,1
"KERNEL_DISPATCH","Agent 2",3,3,1907135,221,23,"hipfire::ck_attention::predecode_asym3_k_q8_v_f16(unsigned char const*, unsigned char const*, __half*, __half*, int, int, int)",221,129714404303856,129714404778046,0,0,16,0,128,32,1,1,196608,4,1
"KERNEL_DISPATCH","Agent 2",3,3,1907135,222,24,"void ck_tile::kentry<ck_tile::gfx11_t, 1, ck_tile::FmhaFwdKernel<ck_tile::BlockFmhaPipelineQRKSVS<ck_tile::BlockFmhaPipelineProblem<_Float16, _Float16, _Float16, float, float, _Float16, unsigned char, float, _Float16, float, _Float16, ck_tile::TileFmhaShape<ck_tile::sequence<64, 64, 32, 256, 32, 256>, ck_tile::sequence<4, 1, 1>, ck_tile::sequence<16, 16, 16>, ck_tile::sequence<4, 1, 1>, ck_tile::sequence<16, 16, 16>, true>, false, ck_tile::ComposedAttention<0u, true>, ck_tile::SimplifiedGenericAttentionMask<true>, false, ck_tile::TileFmhaTraits<false, false, false, false, false, (ck_tile::BlockAttentionBiasEnum)0, false, false, false, (ck_tile::BlockAttentionQuantScaleEnum)0, -1, false> >, ck_tile::BlockFmhaPipelineQXKSVSCustomPolicy<true, false, 1, 1> >, ck_tile::DefaultGemm2DEpilogue<ck_tile::DefaultGemm2DEpilogueProblem<_Float16, _Float16, ck_tile::tuple<>, float, _Float16, ck_tile::tuple<>, ck_tile::tensor_layout::gemm::RowMajor, ck_tile::element_wise::PassThrough, 64, 256, false, false, 16, 16, 16, true, true, (ck_tile::memory_operation_enum)0>, void> >, ck_tile::FmhaFwdKernel<ck_tile::BlockFmhaPipelineQRKSVS<ck_tile::BlockFmhaPipelineProblem<_Float16, _Float16, _Float16, float, float, _Float16, unsigned char, float, _Float16, float, _Float16, ck_tile::TileFmhaShape<ck_tile::sequence<64, 64, 32, 256, 32, 256>, ck_tile::sequence<4, 1, 1>, ck_tile::sequence<16, 16, 16>, ck_tile::sequence<4, 1, 1>, ck_tile::sequence<16, 16, 16>, true>, false, ck_tile::ComposedAttention<0u, true>, ck_tile::SimplifiedGenericAttentionMask<true>, false, ck_tile::TileFmhaTraits<false, false, false, false, false, (ck_tile::BlockAttentionBiasEnum)0, false, false, false, (ck_tile::BlockAttentionQuantScaleEnum)0, -1, false> >, ck_tile::BlockFmhaPipelineQXKSVSCustomPolicy<true, false, 1, 1> >, ck_tile::DefaultGemm2DEpilogue<ck_tile::DefaultGemm2DEpilogueProblem<_Float16, _Float16, ck_tile::tuple<>, float, _Float16, ck_tile::tuple<>, ck_tile::tensor_layout::gemm::RowMajor, ck_tile::element_wise::PassThrough, 64, 256, false, false, 16, 16, 16, true, true, (ck_tile::memory_operation_enum)0>, void> >::FmhaFwdBatchModeKargs>(ck_tile::FmhaFwdKernel<ck_tile::BlockFmhaPipelineQRKSVS<ck_tile::BlockFmhaPipelineProblem<_Float16, _Float16, _Float16, float, float, _Float16, unsigned char, float, _Float16, float, _Float16, ck_tile::TileFmhaShape<ck_tile::sequence<64, 64, 32, 256, 32, 256>, ck_tile::sequence<4, 1, 1>, ck_tile::sequence<16, 16, 16>, ck_tile::sequence<4, 1, 1>, ck_tile::sequence<16, 16, 16>, true>, false, ck_tile::ComposedAttention<0u, true>, ck_tile::SimplifiedGenericAttentionMask<true>, false, ck_tile::TileFmhaTraits<false, false, false, false, false, (ck_tile::BlockAttentionBiasEnum)0, false, false, false, (ck_tile::BlockAttentionQuantScaleEnum)0, -1, false> >, ck_tile::BlockFmhaPipelineQXKSVSCustomPolicy<true, false, 1, 1> >, ck_tile::DefaultGemm2DEpilogue<ck_tile::DefaultGemm2DEpilogueProblem<_Float16, _Float16, ck_tile::tuple<>, float, _Float16, ck_tile::tuple<>, ck_tile::tensor_layout::gemm::RowMajor, ck_tile::element_wise::PassThrough, 64, 256, false, false, 16, 16, 16, true, true, (ck_tile::memory_operation_enum)0>, void> >::FmhaFwdBatchModeKargs)",222,129714404782767,129714409331376,32768,516,256,0,128,128,1,1,3072,32,1
"KERNEL_DISPATCH","Agent 2",3,3,1907135,223,21,"(anonymous namespace)::convert_f16_to_f32(__half const*, float*, unsigned long)",223,129714409348377,129714409401381,0,0,8,0,128,256,1,1,6291456,1,1
"KERNEL_DISPATCH","Agent 2",3,3,1907135,224,22,"(anonymous namespace)::rotate_q_givens_f32_to_f16(float const*, __half*, float const*, float const*, int, int)",224,129714409469655,129714409626825,0,0,24,0,128,32,1,1,1572864,1,1
"KERNEL_DISPATCH","Agent 2",3,3,1907135,225,20,"void ck_tile::kentry<ck_tile::gfx11_t, 1, (anonymous namespace)::QuantizedFmhaKernel, (anonymous namespace)::QuantizedFmhaKernel::Kargs>((anonymous namespace)::QuantizedFmhaKernel::Kargs)",225,129714409636986,129714424702465,32768,400,256,0,128,128,1,1,3072,32,1
"KERNEL_DISPATCH","Agent 2",3,3,1907135,226,21,"(anonymous namespace)::convert_f16_to_f32(__half const*, float*, unsigned long)",226,129714424719666,129714424764829,0,0,8,0,128,256,1,1,6291456,1,1
"KERNEL_DISPATCH","Agent 2",3,3,1907135,227,22,"(anonymous namespace)::rotate_q_givens_f32_to_f16(float const*, __half*, float const*, float const*, int, int)",227,129714424799371,129714424939740,0,0,24,0,128,32,1,1,1572864,1,1
"KERNEL_DISPATCH","Agent 2",3,3,1907135,228,23,"hipfire::ck_attention::predecode_asym3_k_q8_v_f16(unsigned char const*, unsigned char const*, __half*, __half*, int, int, int)",228,129714424948741,129714425389049,0,0,16,0,128,32,1,1,196608,4,1
"KERNEL_DISPATCH","Agent 2",3,3,1907135,229,24,"void ck_tile::kentry<ck_tile::gfx11_t, 1, ck_tile::FmhaFwdKernel<ck_tile::BlockFmhaPipelineQRKSVS<ck_tile::BlockFmhaPipelineProblem<_Float16, _Float16, _Float16, float, float, _Float16, unsigned char, float, _Float16, float, _Float16, ck_tile::TileFmhaShape<ck_tile::sequence<64, 64, 32, 256, 32, 256>, ck_tile::sequence<4, 1, 1>, ck_tile::sequence<16, 16, 16>, ck_tile::sequence<4, 1, 1>, ck_tile::sequence<16, 16, 16>, true>, false, ck_tile::ComposedAttention<0u, true>, ck_tile::SimplifiedGenericAttentionMask<true>, false, ck_tile::TileFmhaTraits<false, false, false, false, false, (ck_tile::BlockAttentionBiasEnum)0, false, false, false, (ck_tile::BlockAttentionQuantScaleEnum)0, -1, false> >, ck_tile::BlockFmhaPipelineQXKSVSCustomPolicy<true, false, 1, 1> >, ck_tile::DefaultGemm2DEpilogue<ck_tile::DefaultGemm2DEpilogueProblem<_Float16, _Float16, ck_tile::tuple<>, float, _Float16, ck_tile::tuple<>, ck_tile::tensor_layout::gemm::RowMajor, ck_tile::element_wise::PassThrough, 64, 256, false, false, 16, 16, 16, true, true, (ck_tile::memory_operation_enum)0>, void> >, ck_tile::FmhaFwdKernel<ck_tile::BlockFmhaPipelineQRKSVS<ck_tile::BlockFmhaPipelineProblem<_Float16, _Float16, _Float16, float, float, _Float16, unsigned char, float, _Float16, float, _Float16, ck_tile::TileFmhaShape<ck_tile::sequence<64, 64, 32, 256, 32, 256>, ck_tile::sequence<4, 1, 1>, ck_tile::sequence<16, 16, 16>, ck_tile::sequence<4, 1, 1>, ck_tile::sequence<16, 16, 16>, true>, false, ck_tile::ComposedAttention<0u, true>, ck_tile::SimplifiedGenericAttentionMask<true>, false, ck_tile::TileFmhaTraits<false, false, false, false, false, (ck_tile::BlockAttentionBiasEnum)0, false, false, false, (ck_tile::BlockAttentionQuantScaleEnum)0, -1, false> >, ck_tile::BlockFmhaPipelineQXKSVSCustomPolicy<true, false, 1, 1> >, ck_tile::DefaultGemm2DEpilogue<ck_tile::DefaultGemm2DEpilogueProblem<_Float16, _Float16, ck_tile::tuple<>, float, _Float16, ck_tile::tuple<>, ck_tile::tensor_layout::gemm::RowMajor, ck_tile::element_wise::PassThrough, 64, 256, false, false, 16, 16, 16, true, true, (ck_tile::memory_operation_enum)0>, void> >::FmhaFwdBatchModeKargs>(ck_tile::FmhaFwdKernel<ck_tile::BlockFmhaPipelineQRKSVS<ck_tile::BlockFmhaPipelineProblem<_Float16, _Float16, _Float16, float, float, _Float16, unsigned char, float, _Float16, float, _Float16, ck_tile::TileFmhaShape<ck_tile::sequence<64, 64, 32, 256, 32, 256>, ck_tile::sequence<4, 1, 1>, ck_tile::sequence<16, 16, 16>, ck_tile::sequence<4, 1, 1>, ck_tile::sequence<16, 16, 16>, true>, false, ck_tile::ComposedAttention<0u, true>, ck_tile::SimplifiedGenericAttentionMask<true>, false, ck_tile::TileFmhaTraits<false, false, false, false, false, (ck_tile::BlockAttentionBiasEnum)0, false, false, false, (ck_tile::BlockAttentionQuantScaleEnum)0, -1, false> >, ck_tile::BlockFmhaPipelineQXKSVSCustomPolicy<true, false, 1, 1> >, ck_tile::DefaultGemm2DEpilogue<ck_tile::DefaultGemm2DEpilogueProblem<_Float16, _Float16, ck_tile::tuple<>, float, _Float16, ck_tile::tuple<>, ck_tile::tensor_layout::gemm::RowMajor, ck_tile::element_wise::PassThrough, 64, 256, false, false, 16, 16, 16, true, true, (ck_tile::memory_operation_enum)0>, void> >::FmhaFwdBatchModeKargs)",229,129714425393529,129714430091868,32768,516,256,0,128,128,1,1,3072,32,1
"KERNEL_DISPATCH","Agent 2",3,3,1907135,230,21,"(anonymous namespace)::convert_f16_to_f32(__half const*, float*, unsigned long)",230,129714430108949,129714430164233,0,0,8,0,128,256,1,1,6291456,1,1
"KERNEL_DISPATCH","Agent 2",3,3,1907135,231,22,"(anonymous namespace)::rotate_q_givens_f32_to_f16(float const*, __half*, float const*, float const*, int, int)",231,129714430197815,129714430352185,0,0,24,0,128,32,1,1,1572864,1,1
"KERNEL_DISPATCH","Agent 2",3,3,1907135,232,23,"hipfire::ck_attention::predecode_asym3_k_q8_v_f16(unsigned char const*, unsigned char const*, __half*, __half*, int, int, int)",232,129714430360745,129714430751970,0,0,16,0,128,32,1,1,196608,4,1
"KERNEL_DISPATCH","Agent 2",3,3,1907135,233,24,"void ck_tile::kentry<ck_tile::gfx11_t, 1, ck_tile::FmhaFwdKernel<ck_tile::BlockFmhaPipelineQRKSVS<ck_tile::BlockFmhaPipelineProblem<_Float16, _Float16, _Float16, float, float, _Float16, unsigned char, float, _Float16, float, _Float16, ck_tile::TileFmhaShape<ck_tile::sequence<64, 64, 32, 256, 32, 256>, ck_tile::sequence<4, 1, 1>, ck_tile::sequence<16, 16, 16>, ck_tile::sequence<4, 1, 1>, ck_tile::sequence<16, 16, 16>, true>, false, ck_tile::ComposedAttention<0u, true>, ck_tile::SimplifiedGenericAttentionMask<true>, false, ck_tile::TileFmhaTraits<false, false, false, false, false, (ck_tile::BlockAttentionBiasEnum)0, false, false, false, (ck_tile::BlockAttentionQuantScaleEnum)0, -1, false> >, ck_tile::BlockFmhaPipelineQXKSVSCustomPolicy<true, false, 1, 1> >, ck_tile::DefaultGemm2DEpilogue<ck_tile::DefaultGemm2DEpilogueProblem<_Float16, _Float16, ck_tile::tuple<>, float, _Float16, ck_tile::tuple<>, ck_tile::tensor_layout::gemm::RowMajor, ck_tile::element_wise::PassThrough, 64, 256, false, false, 16, 16, 16, true, true, (ck_tile::memory_operation_enum)0>, void> >, ck_tile::FmhaFwdKernel<ck_tile::BlockFmhaPipelineQRKSVS<ck_tile::BlockFmhaPipelineProblem<_Float16, _Float16, _Float16, float, float, _Float16, unsigned char, float, _Float16, float, _Float16, ck_tile::TileFmhaShape<ck_tile::sequence<64, 64, 32, 256, 32, 256>, ck_tile::sequence<4, 1, 1>, ck_tile::sequence<16, 16, 16>, ck_tile::sequence<4, 1, 1>, ck_tile::sequence<16, 16, 16>, true>, false, ck_tile::ComposedAttention<0u, true>, ck_tile::SimplifiedGenericAttentionMask<true>, false, ck_tile::TileFmhaTraits<false, false, false, false, false, (ck_tile::BlockAttentionBiasEnum)0, false, false, false, (ck_tile::BlockAttentionQuantScaleEnum)0, -1, false> >, ck_tile::BlockFmhaPipelineQXKSVSCustomPolicy<true, false, 1, 1> >, ck_tile::DefaultGemm2DEpilogue<ck_tile::DefaultGemm2DEpilogueProblem<_Float16, _Float16, ck_tile::tuple<>, float, _Float16, ck_tile::tuple<>, ck_tile::tensor_layout::gemm::RowMajor, ck_tile::element_wise::PassThrough, 64, 256, false, false, 16, 16, 16, true, true, (ck_tile::memory_operation_enum)0>, void> >::FmhaFwdBatchModeKargs>(ck_tile::FmhaFwdKernel<ck_tile::BlockFmhaPipelineQRKSVS<ck_tile::BlockFmhaPipelineProblem<_Float16, _Float16, _Float16, float, float, _Float16, unsigned char, float, _Float16, float, _Float16, ck_tile::TileFmhaShape<ck_tile::sequence<64, 64, 32, 256, 32, 256>, ck_tile::sequence<4, 1, 1>, ck_tile::sequence<16, 16, 16>, ck_tile::sequence<4, 1, 1>, ck_tile::sequence<16, 16, 16>, true>, false, ck_tile::ComposedAttention<0u, true>, ck_tile::SimplifiedGenericAttentionMask<true>, false, ck_tile::TileFmhaTraits<false, false, false, false, false, (ck_tile::BlockAttentionBiasEnum)0, false, false, false, (ck_tile::BlockAttentionQuantScaleEnum)0, -1, false> >, ck_tile::BlockFmhaPipelineQXKSVSCustomPolicy<true, false, 1, 1> >, ck_tile::DefaultGemm2DEpilogue<ck_tile::DefaultGemm2DEpilogueProblem<_Float16, _Float16, ck_tile::tuple<>, float, _Float16, ck_tile::tuple<>, ck_tile::tensor_layout::gemm::RowMajor, ck_tile::element_wise::PassThrough, 64, 256, false, false, 16, 16, 16, true, true, (ck_tile::memory_operation_enum)0>, void> >::FmhaFwdBatchModeKargs)",233,129714430782772,129714436051828,32768,516,256,0,128,128,1,1,3072,32,1
"KERNEL_DISPATCH","Agent 2",3,3,1907135,234,21,"(anonymous namespace)::convert_f16_to_f32(__half const*, float*, unsigned long)",234,129714436069069,129714436128913,0,0,8,0,128,256,1,1,6291456,1,1
"KERNEL_DISPATCH","Agent 2",3,3,1907135,235,22,"(anonymous namespace)::rotate_q_givens_f32_to_f16(float const*, __half*, float const*, float const*, int, int)",235,129714436161485,129714436316255,0,0,24,0,128,32,1,1,1572864,1,1
"KERNEL_DISPATCH","Agent 2",3,3,1907135,236,20,"void ck_tile::kentry<ck_tile::gfx11_t, 1, (anonymous namespace)::QuantizedFmhaKernel, (anonymous namespace)::QuantizedFmhaKernel::Kargs>((anonymous namespace)::QuantizedFmhaKernel::Kargs)",236,129714436326255,129714451029552,32768,400,256,0,128,128,1,1,3072,32,1
"KERNEL_DISPATCH","Agent 2",3,3,1907135,237,21,"(anonymous namespace)::convert_f16_to_f32(__half const*, float*, unsigned long)",237,129714451046553,129714451092516,0,0,8,0,128,256,1,1,6291456,1,1
"KERNEL_DISPATCH","Agent 2",3,3,1907135,238,22,"(anonymous namespace)::rotate_q_givens_f32_to_f16(float const*, __half*, float const*, float const*, int, int)",238,129714451124528,129714451265297,0,0,24,0,128,32,1,1,1572864,1,1
"KERNEL_DISPATCH","Agent 2",3,3,1907135,239,20,"void ck_tile::kentry<ck_tile::gfx11_t, 1, (anonymous namespace)::QuantizedFmhaKernel, (anonymous namespace)::QuantizedFmhaKernel::Kargs>((anonymous namespace)::QuantizedFmhaKernel::Kargs)",239,129714451273857,129714465540046,32768,400,256,0,128,128,1,1,3072,32,1
"KERNEL_DISPATCH","Agent 2",3,3,1907135,240,21,"(anonymous namespace)::convert_f16_to_f32(__half const*, float*, unsigned long)",240,129714465557047,129714465602129,0,0,8,0,128,256,1,1,6291456,1,1
"KERNEL_DISPATCH","Agent 2",3,3,1907135,241,22,"(anonymous namespace)::rotate_q_givens_f32_to_f16(float const*, __half*, float const*, float const*, int, int)",241,129714465632411,129714465773980,0,0,24,0,128,32,1,1,1572864,1,1
"KERNEL_DISPATCH","Agent 2",3,3,1907135,242,23,"hipfire::ck_attention::predecode_asym3_k_q8_v_f16(unsigned char const*, unsigned char const*, __half*, __half*, int, int, int)",242,129714465782501,129714466190567,0,0,16,0,128,32,1,1,196608,4,1
"KERNEL_DISPATCH","Agent 2",3,3,1907135,243,24,"void ck_tile::kentry<ck_tile::gfx11_t, 1, ck_tile::FmhaFwdKernel<ck_tile::BlockFmhaPipelineQRKSVS<ck_tile::BlockFmhaPipelineProblem<_Float16, _Float16, _Float16, float, float, _Float16, unsigned char, float, _Float16, float, _Float16, ck_tile::TileFmhaShape<ck_tile::sequence<64, 64, 32, 256, 32, 256>, ck_tile::sequence<4, 1, 1>, ck_tile::sequence<16, 16, 16>, ck_tile::sequence<4, 1, 1>, ck_tile::sequence<16, 16, 16>, true>, false, ck_tile::ComposedAttention<0u, true>, ck_tile::SimplifiedGenericAttentionMask<true>, false, ck_tile::TileFmhaTraits<false, false, false, false, false, (ck_tile::BlockAttentionBiasEnum)0, false, false, false, (ck_tile::BlockAttentionQuantScaleEnum)0, -1, false> >, ck_tile::BlockFmhaPipelineQXKSVSCustomPolicy<true, false, 1, 1> >, ck_tile::DefaultGemm2DEpilogue<ck_tile::DefaultGemm2DEpilogueProblem<_Float16, _Float16, ck_tile::tuple<>, float, _Float16, ck_tile::tuple<>, ck_tile::tensor_layout::gemm::RowMajor, ck_tile::element_wise::PassThrough, 64, 256, false, false, 16, 16, 16, true, true, (ck_tile::memory_operation_enum)0>, void> >, ck_tile::FmhaFwdKernel<ck_tile::BlockFmhaPipelineQRKSVS<ck_tile::BlockFmhaPipelineProblem<_Float16, _Float16, _Float16, float, float, _Float16, unsigned char, float, _Float16, float, _Float16, ck_tile::TileFmhaShape<ck_tile::sequence<64, 64, 32, 256, 32, 256>, ck_tile::sequence<4, 1, 1>, ck_tile::sequence<16, 16, 16>, ck_tile::sequence<4, 1, 1>, ck_tile::sequence<16, 16, 16>, true>, false, ck_tile::ComposedAttention<0u, true>, ck_tile::SimplifiedGenericAttentionMask<true>, false, ck_tile::TileFmhaTraits<false, false, false, false, false, (ck_tile::BlockAttentionBiasEnum)0, false, false, false, (ck_tile::BlockAttentionQuantScaleEnum)0, -1, false> >, ck_tile::BlockFmhaPipelineQXKSVSCustomPolicy<true, false, 1, 1> >, ck_tile::DefaultGemm2DEpilogue<ck_tile::DefaultGemm2DEpilogueProblem<_Float16, _Float16, ck_tile::tuple<>, float, _Float16, ck_tile::tuple<>, ck_tile::tensor_layout::gemm::RowMajor, ck_tile::element_wise::PassThrough, 64, 256, false, false, 16, 16, 16, true, true, (ck_tile::memory_operation_enum)0>, void> >::FmhaFwdBatchModeKargs>(ck_tile::FmhaFwdKernel<ck_tile::BlockFmhaPipelineQRKSVS<ck_tile::BlockFmhaPipelineProblem<_Float16, _Float16, _Float16, float, float, _Float16, unsigned char, float, _Float16, float, _Float16, ck_tile::TileFmhaShape<ck_tile::sequence<64, 64, 32, 256, 32, 256>, ck_tile::sequence<4, 1, 1>, ck_tile::sequence<16, 16, 16>, ck_tile::sequence<4, 1, 1>, ck_tile::sequence<16, 16, 16>, true>, false, ck_tile::ComposedAttention<0u, true>, ck_tile::SimplifiedGenericAttentionMask<true>, false, ck_tile::TileFmhaTraits<false, false, false, false, false, (ck_tile::BlockAttentionBiasEnum)0, false, false, false, (ck_tile::BlockAttentionQuantScaleEnum)0, -1, false> >, ck_tile::BlockFmhaPipelineQXKSVSCustomPolicy<true, false, 1, 1> >, ck_tile::DefaultGemm2DEpilogue<ck_tile::DefaultGemm2DEpilogueProblem<_Float16, _Float16, ck_tile::tuple<>, float, _Float16, ck_tile::tuple<>, ck_tile::tensor_layout::gemm::RowMajor, ck_tile::element_wise::PassThrough, 64, 256, false, false, 16, 16, 16, true, true, (ck_tile::memory_operation_enum)0>, void> >::FmhaFwdBatchModeKargs)",243,129714466194831,129714470983335,32768,516,256,0,128,128,1,1,3072,32,1
"KERNEL_DISPATCH","Agent 2",3,3,1907135,244,21,"(anonymous namespace)::convert_f16_to_f32(__half const*, float*, unsigned long)",244,129714471000617,129714471083621,0,0,8,0,128,256,1,1,6291456,1,1
"KERNEL_DISPATCH","Agent 2",3,3,1907135,245,22,"(anonymous namespace)::rotate_q_givens_f32_to_f16(float const*, __half*, float const*, float const*, int, int)",245,129714471118203,129714471249491,0,0,24,0,128,32,1,1,1572864,1,1
"KERNEL_DISPATCH","Agent 2",3,3,1907135,246,23,"hipfire::ck_attention::predecode_asym3_k_q8_v_f16(unsigned char const*, unsigned char const*, __half*, __half*, int, int, int)",246,129714471260132,129714471709921,0,0,16,0,128,32,1,1,196608,4,1
"KERNEL_DISPATCH","Agent 2",3,3,1907135,247,24,"void ck_tile::kentry<ck_tile::gfx11_t, 1, ck_tile::FmhaFwdKernel<ck_tile::BlockFmhaPipelineQRKSVS<ck_tile::BlockFmhaPipelineProblem<_Float16, _Float16, _Float16, float, float, _Float16, unsigned char, float, _Float16, float, _Float16, ck_tile::TileFmhaShape<ck_tile::sequence<64, 64, 32, 256, 32, 256>, ck_tile::sequence<4, 1, 1>, ck_tile::sequence<16, 16, 16>, ck_tile::sequence<4, 1, 1>, ck_tile::sequence<16, 16, 16>, true>, false, ck_tile::ComposedAttention<0u, true>, ck_tile::SimplifiedGenericAttentionMask<true>, false, ck_tile::TileFmhaTraits<false, false, false, false, false, (ck_tile::BlockAttentionBiasEnum)0, false, false, false, (ck_tile::BlockAttentionQuantScaleEnum)0, -1, false> >, ck_tile::BlockFmhaPipelineQXKSVSCustomPolicy<true, false, 1, 1> >, ck_tile::DefaultGemm2DEpilogue<ck_tile::DefaultGemm2DEpilogueProblem<_Float16, _Float16, ck_tile::tuple<>, float, _Float16, ck_tile::tuple<>, ck_tile::tensor_layout::gemm::RowMajor, ck_tile::element_wise::PassThrough, 64, 256, false, false, 16, 16, 16, true, true, (ck_tile::memory_operation_enum)0>, void> >, ck_tile::FmhaFwdKernel<ck_tile::BlockFmhaPipelineQRKSVS<ck_tile::BlockFmhaPipelineProblem<_Float16, _Float16, _Float16, float, float, _Float16, unsigned char, float, _Float16, float, _Float16, ck_tile::TileFmhaShape<ck_tile::sequence<64, 64, 32, 256, 32, 256>, ck_tile::sequence<4, 1, 1>, ck_tile::sequence<16, 16, 16>, ck_tile::sequence<4, 1, 1>, ck_tile::sequence<16, 16, 16>, true>, false, ck_tile::ComposedAttention<0u, true>, ck_tile::SimplifiedGenericAttentionMask<true>, false, ck_tile::TileFmhaTraits<false, false, false, false, false, (ck_tile::BlockAttentionBiasEnum)0, false, false, false, (ck_tile::BlockAttentionQuantScaleEnum)0, -1, false> >, ck_tile::BlockFmhaPipelineQXKSVSCustomPolicy<true, false, 1, 1> >, ck_tile::DefaultGemm2DEpilogue<ck_tile::DefaultGemm2DEpilogueProblem<_Float16, _Float16, ck_tile::tuple<>, float, _Float16, ck_tile::tuple<>, ck_tile::tensor_layout::gemm::RowMajor, ck_tile::element_wise::PassThrough, 64, 256, false, false, 16, 16, 16, true, true, (ck_tile::memory_operation_enum)0>, void> >::FmhaFwdBatchModeKargs>(ck_tile::FmhaFwdKernel<ck_tile::BlockFmhaPipelineQRKSVS<ck_tile::BlockFmhaPipelineProblem<_Float16, _Float16, _Float16, float, float, _Float16, unsigned char, float, _Float16, float, _Float16, ck_tile::TileFmhaShape<ck_tile::sequence<64, 64, 32, 256, 32, 256>, ck_tile::sequence<4, 1, 1>, ck_tile::sequence<16, 16, 16>, ck_tile::sequence<4, 1, 1>, ck_tile::sequence<16, 16, 16>, true>, false, ck_tile::ComposedAttention<0u, true>, ck_tile::SimplifiedGenericAttentionMask<true>, false, ck_tile::TileFmhaTraits<false, false, false, false, false, (ck_tile::BlockAttentionBiasEnum)0, false, false, false, (ck_tile::BlockAttentionQuantScaleEnum)0, -1, false> >, ck_tile::BlockFmhaPipelineQXKSVSCustomPolicy<true, false, 1, 1> >, ck_tile::DefaultGemm2DEpilogue<ck_tile::DefaultGemm2DEpilogueProblem<_Float16, _Float16, ck_tile::tuple<>, float, _Float16, ck_tile::tuple<>, ck_tile::tensor_layout::gemm::RowMajor, ck_tile::element_wise::PassThrough, 64, 256, false, false, 16, 16, 16, true, true, (ck_tile::memory_operation_enum)0>, void> >::FmhaFwdBatchModeKargs)",247,129714471714641,129714477285675,32768,516,256,0,128,128,1,1,3072,32,1
"KERNEL_DISPATCH","Agent 2",3,3,1907135,248,21,"(anonymous namespace)::convert_f16_to_f32(__half const*, float*, unsigned long)",248,129714477302756,129714477359160,0,0,8,0,128,256,1,1,6291456,1,1
"KERNEL_DISPATCH","Agent 2",3,3,1907135,249,22,"(anonymous namespace)::rotate_q_givens_f32_to_f16(float const*, __half*, float const*, float const*, int, int)",249,129714477392232,129714477523400,0,0,24,0,128,32,1,1,1572864,1,1
"KERNEL_DISPATCH","Agent 2",3,3,1907135,250,20,"void ck_tile::kentry<ck_tile::gfx11_t, 1, (anonymous namespace)::QuantizedFmhaKernel, (anonymous namespace)::QuantizedFmhaKernel::Kargs>((anonymous namespace)::QuantizedFmhaKernel::Kargs)",250,129714477532041,129714492052325,32768,400,256,0,128,128,1,1,3072,32,1
"KERNEL_DISPATCH","Agent 2",3,3,1907135,251,21,"(anonymous namespace)::convert_f16_to_f32(__half const*, float*, unsigned long)",251,129714492069326,129714492114849,0,0,8,0,128,256,1,1,6291456,1,1
"KERNEL_DISPATCH","Agent 2",3,3,1907135,252,22,"(anonymous namespace)::rotate_q_givens_f32_to_f16(float const*, __half*, float const*, float const*, int, int)",252,129714492146201,129714492287050,0,0,24,0,128,32,1,1,1572864,1,1
"KERNEL_DISPATCH","Agent 2",3,3,1907135,253,20,"void ck_tile::kentry<ck_tile::gfx11_t, 1, (anonymous namespace)::QuantizedFmhaKernel, (anonymous namespace)::QuantizedFmhaKernel::Kargs>((anonymous namespace)::QuantizedFmhaKernel::Kargs)",253,129714492295570,129714506480632,32768,400,256,0,128,128,1,1,3072,32,1
"KERNEL_DISPATCH","Agent 2",3,3,1907135,254,21,"(anonymous namespace)::convert_f16_to_f32(__half const*, float*, unsigned long)",254,129714506497674,129714506542796,0,0,8,0,128,256,1,1,6291456,1,1
"KERNEL_DISPATCH","Agent 2",3,3,1907135,255,22,"(anonymous namespace)::rotate_q_givens_f32_to_f16(float const*, __half*, float const*, float const*, int, int)",255,129714506573878,129714506716967,0,0,24,0,128,32,1,1,1572864,1,1
"KERNEL_DISPATCH","Agent 2",3,3,1907135,256,23,"hipfire::ck_attention::predecode_asym3_k_q8_v_f16(unsigned char const*, unsigned char const*, __half*, __half*, int, int, int)",256,129714506725448,129714507192118,0,0,16,0,128,32,1,1,196608,4,1
"KERNEL_DISPATCH","Agent 2",3,3,1907135,257,24,"void ck_tile::kentry<ck_tile::gfx11_t, 1, ck_tile::FmhaFwdKernel<ck_tile::BlockFmhaPipelineQRKSVS<ck_tile::BlockFmhaPipelineProblem<_Float16, _Float16, _Float16, float, float, _Float16, unsigned char, float, _Float16, float, _Float16, ck_tile::TileFmhaShape<ck_tile::sequence<64, 64, 32, 256, 32, 256>, ck_tile::sequence<4, 1, 1>, ck_tile::sequence<16, 16, 16>, ck_tile::sequence<4, 1, 1>, ck_tile::sequence<16, 16, 16>, true>, false, ck_tile::ComposedAttention<0u, true>, ck_tile::SimplifiedGenericAttentionMask<true>, false, ck_tile::TileFmhaTraits<false, false, false, false, false, (ck_tile::BlockAttentionBiasEnum)0, false, false, false, (ck_tile::BlockAttentionQuantScaleEnum)0, -1, false> >, ck_tile::BlockFmhaPipelineQXKSVSCustomPolicy<true, false, 1, 1> >, ck_tile::DefaultGemm2DEpilogue<ck_tile::DefaultGemm2DEpilogueProblem<_Float16, _Float16, ck_tile::tuple<>, float, _Float16, ck_tile::tuple<>, ck_tile::tensor_layout::gemm::RowMajor, ck_tile::element_wise::PassThrough, 64, 256, false, false, 16, 16, 16, true, true, (ck_tile::memory_operation_enum)0>, void> >, ck_tile::FmhaFwdKernel<ck_tile::BlockFmhaPipelineQRKSVS<ck_tile::BlockFmhaPipelineProblem<_Float16, _Float16, _Float16, float, float, _Float16, unsigned char, float, _Float16, float, _Float16, ck_tile::TileFmhaShape<ck_tile::sequence<64, 64, 32, 256, 32, 256>, ck_tile::sequence<4, 1, 1>, ck_tile::sequence<16, 16, 16>, ck_tile::sequence<4, 1, 1>, ck_tile::sequence<16, 16, 16>, true>, false, ck_tile::ComposedAttention<0u, true>, ck_tile::SimplifiedGenericAttentionMask<true>, false, ck_tile::TileFmhaTraits<false, false, false, false, false, (ck_tile::BlockAttentionBiasEnum)0, false, false, false, (ck_tile::BlockAttentionQuantScaleEnum)0, -1, false> >, ck_tile::BlockFmhaPipelineQXKSVSCustomPolicy<true, false, 1, 1> >, ck_tile::DefaultGemm2DEpilogue<ck_tile::DefaultGemm2DEpilogueProblem<_Float16, _Float16, ck_tile::tuple<>, float, _Float16, ck_tile::tuple<>, ck_tile::tensor_layout::gemm::RowMajor, ck_tile::element_wise::PassThrough, 64, 256, false, false, 16, 16, 16, true, true, (ck_tile::memory_operation_enum)0>, void> >::FmhaFwdBatchModeKargs>(ck_tile::FmhaFwdKernel<ck_tile::BlockFmhaPipelineQRKSVS<ck_tile::BlockFmhaPipelineProblem<_Float16, _Float16, _Float16, float, float, _Float16, unsigned char, float, _Float16, float, _Float16, ck_tile::TileFmhaShape<ck_tile::sequence<64, 64, 32, 256, 32, 256>, ck_tile::sequence<4, 1, 1>, ck_tile::sequence<16, 16, 16>, ck_tile::sequence<4, 1, 1>, ck_tile::sequence<16, 16, 16>, true>, false, ck_tile::ComposedAttention<0u, true>, ck_tile::SimplifiedGenericAttentionMask<true>, false, ck_tile::TileFmhaTraits<false, false, false, false, false, (ck_tile::BlockAttentionBiasEnum)0, false, false, false, (ck_tile::BlockAttentionQuantScaleEnum)0, -1, false> >, ck_tile::BlockFmhaPipelineQXKSVSCustomPolicy<true, false, 1, 1> >, ck_tile::DefaultGemm2DEpilogue<ck_tile::DefaultGemm2DEpilogueProblem<_Float16, _Float16, ck_tile::tuple<>, float, _Float16, ck_tile::tuple<>, ck_tile::tensor_layout::gemm::RowMajor, ck_tile::element_wise::PassThrough, 64, 256, false, false, 16, 16, 16, true, true, (ck_tile::memory_operation_enum)0>, void> >::FmhaFwdBatchModeKargs)",257,129714507196438,129714511883856,32768,516,256,0,128,128,1,1,3072,32,1
"KERNEL_DISPATCH","Agent 2",3,3,1907135,258,21,"(anonymous namespace)::convert_f16_to_f32(__half const*, float*, unsigned long)",258,129714511901217,129714511957461,0,0,8,0,128,256,1,1,6291456,1,1
"KERNEL_DISPATCH","Agent 2",3,3,1907135,259,22,"(anonymous namespace)::rotate_q_givens_f32_to_f16(float const*, __half*, float const*, float const*, int, int)",259,129714511990393,129714512123641,0,0,24,0,128,32,1,1,1572864,1,1
"KERNEL_DISPATCH","Agent 2",3,3,1907135,260,23,"hipfire::ck_attention::predecode_asym3_k_q8_v_f16(unsigned char const*, unsigned char const*, __half*, __half*, int, int, int)",260,129714512132322,129714512612873,0,0,16,0,128,32,1,1,196608,4,1
"KERNEL_DISPATCH","Agent 2",3,3,1907135,261,24,"void ck_tile::kentry<ck_tile::gfx11_t, 1, ck_tile::FmhaFwdKernel<ck_tile::BlockFmhaPipelineQRKSVS<ck_tile::BlockFmhaPipelineProblem<_Float16, _Float16, _Float16, float, float, _Float16, unsigned char, float, _Float16, float, _Float16, ck_tile::TileFmhaShape<ck_tile::sequence<64, 64, 32, 256, 32, 256>, ck_tile::sequence<4, 1, 1>, ck_tile::sequence<16, 16, 16>, ck_tile::sequence<4, 1, 1>, ck_tile::sequence<16, 16, 16>, true>, false, ck_tile::ComposedAttention<0u, true>, ck_tile::SimplifiedGenericAttentionMask<true>, false, ck_tile::TileFmhaTraits<false, false, false, false, false, (ck_tile::BlockAttentionBiasEnum)0, false, false, false, (ck_tile::BlockAttentionQuantScaleEnum)0, -1, false> >, ck_tile::BlockFmhaPipelineQXKSVSCustomPolicy<true, false, 1, 1> >, ck_tile::DefaultGemm2DEpilogue<ck_tile::DefaultGemm2DEpilogueProblem<_Float16, _Float16, ck_tile::tuple<>, float, _Float16, ck_tile::tuple<>, ck_tile::tensor_layout::gemm::RowMajor, ck_tile::element_wise::PassThrough, 64, 256, false, false, 16, 16, 16, true, true, (ck_tile::memory_operation_enum)0>, void> >, ck_tile::FmhaFwdKernel<ck_tile::BlockFmhaPipelineQRKSVS<ck_tile::BlockFmhaPipelineProblem<_Float16, _Float16, _Float16, float, float, _Float16, unsigned char, float, _Float16, float, _Float16, ck_tile::TileFmhaShape<ck_tile::sequence<64, 64, 32, 256, 32, 256>, ck_tile::sequence<4, 1, 1>, ck_tile::sequence<16, 16, 16>, ck_tile::sequence<4, 1, 1>, ck_tile::sequence<16, 16, 16>, true>, false, ck_tile::ComposedAttention<0u, true>, ck_tile::SimplifiedGenericAttentionMask<true>, false, ck_tile::TileFmhaTraits<false, false, false, false, false, (ck_tile::BlockAttentionBiasEnum)0, false, false, false, (ck_tile::BlockAttentionQuantScaleEnum)0, -1, false> >, ck_tile::BlockFmhaPipelineQXKSVSCustomPolicy<true, false, 1, 1> >, ck_tile::DefaultGemm2DEpilogue<ck_tile::DefaultGemm2DEpilogueProblem<_Float16, _Float16, ck_tile::tuple<>, float, _Float16, ck_tile::tuple<>, ck_tile::tensor_layout::gemm::RowMajor, ck_tile::element_wise::PassThrough, 64, 256, false, false, 16, 16, 16, true, true, (ck_tile::memory_operation_enum)0>, void> >::FmhaFwdBatchModeKargs>(ck_tile::FmhaFwdKernel<ck_tile::BlockFmhaPipelineQRKSVS<ck_tile::BlockFmhaPipelineProblem<_Float16, _Float16, _Float16, float, float, _Float16, unsigned char, float, _Float16, float, _Float16, ck_tile::TileFmhaShape<ck_tile::sequence<64, 64, 32, 256, 32, 256>, ck_tile::sequence<4, 1, 1>, ck_tile::sequence<16, 16, 16>, ck_tile::sequence<4, 1, 1>, ck_tile::sequence<16, 16, 16>, true>, false, ck_tile::ComposedAttention<0u, true>, ck_tile::SimplifiedGenericAttentionMask<true>, false, ck_tile::TileFmhaTraits<false, false, false, false, false, (ck_tile::BlockAttentionBiasEnum)0, false, false, false, (ck_tile::BlockAttentionQuantScaleEnum)0, -1, false> >, ck_tile::BlockFmhaPipelineQXKSVSCustomPolicy<true, false, 1, 1> >, ck_tile::DefaultGemm2DEpilogue<ck_tile::DefaultGemm2DEpilogueProblem<_Float16, _Float16, ck_tile::tuple<>, float, _Float16, ck_tile::tuple<>, ck_tile::tensor_layout::gemm::RowMajor, ck_tile::element_wise::PassThrough, 64, 256, false, false, 16, 16, 16, true, true, (ck_tile::memory_operation_enum)0>, void> >::FmhaFwdBatchModeKargs)",261,129714512621473,129714517956612,32768,516,256,0,128,128,1,1,3072,32,1
"KERNEL_DISPATCH","Agent 2",3,3,1907135,262,21,"(anonymous namespace)::convert_f16_to_f32(__half const*, float*, unsigned long)",262,129714517973734,129714518032417,0,0,8,0,128,256,1,1,6291456,1,1
"KERNEL_DISPATCH","Agent 2",3,3,1907135,263,22,"(anonymous namespace)::rotate_q_givens_f32_to_f16(float const*, __half*, float const*, float const*, int, int)",263,129714518064319,129714518199208,0,0,24,0,128,32,1,1,1572864,1,1
"KERNEL_DISPATCH","Agent 2",3,3,1907135,264,20,"void ck_tile::kentry<ck_tile::gfx11_t, 1, (anonymous namespace)::QuantizedFmhaKernel, (anonymous namespace)::QuantizedFmhaKernel::Kargs>((anonymous namespace)::QuantizedFmhaKernel::Kargs)",264,129714518207848,129714532798377,32768,400,256,0,128,128,1,1,3072,32,1
"KERNEL_DISPATCH","Agent 2",3,3,1907135,265,21,"(anonymous namespace)::convert_f16_to_f32(__half const*, float*, unsigned long)",265,129714532815418,129714532860860,0,0,8,0,128,256,1,1,6291456,1,1
"KERNEL_DISPATCH","Agent 2",3,3,1907135,266,22,"(anonymous namespace)::rotate_q_givens_f32_to_f16(float const*, __half*, float const*, float const*, int, int)",266,129714532892432,129714533033081,0,0,24,0,128,32,1,1,1572864,1,1
"KERNEL_DISPATCH","Agent 2",3,3,1907135,267,20,"void ck_tile::kentry<ck_tile::gfx11_t, 1, (anonymous namespace)::QuantizedFmhaKernel, (anonymous namespace)::QuantizedFmhaKernel::Kargs>((anonymous namespace)::QuantizedFmhaKernel::Kargs)",267,129714533041834,129714547214939,32768,400,256,0,128,128,1,1,3072,32,1
"KERNEL_DISPATCH","Agent 2",3,3,1907135,268,21,"(anonymous namespace)::convert_f16_to_f32(__half const*, float*, unsigned long)",268,129714547231860,129714547277342,0,0,8,0,128,256,1,1,6291456,1,1
"KERNEL_DISPATCH","Agent 2",3,3,1907135,269,22,"(anonymous namespace)::rotate_q_givens_f32_to_f16(float const*, __half*, float const*, float const*, int, int)",269,129714547308304,129714547450553,0,0,24,0,128,32,1,1,1572864,1,1
"KERNEL_DISPATCH","Agent 2",3,3,1907135,270,23,"hipfire::ck_attention::predecode_asym3_k_q8_v_f16(unsigned char const*, unsigned char const*, __half*, __half*, int, int, int)",270,129714547459074,129714547939904,0,0,16,0,128,32,1,1,196608,4,1
"KERNEL_DISPATCH","Agent 2",3,3,1907135,271,24,"void ck_tile::kentry<ck_tile::gfx11_t, 1, ck_tile::FmhaFwdKernel<ck_tile::BlockFmhaPipelineQRKSVS<ck_tile::BlockFmhaPipelineProblem<_Float16, _Float16, _Float16, float, float, _Float16, unsigned char, float, _Float16, float, _Float16, ck_tile::TileFmhaShape<ck_tile::sequence<64, 64, 32, 256, 32, 256>, ck_tile::sequence<4, 1, 1>, ck_tile::sequence<16, 16, 16>, ck_tile::sequence<4, 1, 1>, ck_tile::sequence<16, 16, 16>, true>, false, ck_tile::ComposedAttention<0u, true>, ck_tile::SimplifiedGenericAttentionMask<true>, false, ck_tile::TileFmhaTraits<false, false, false, false, false, (ck_tile::BlockAttentionBiasEnum)0, false, false, false, (ck_tile::BlockAttentionQuantScaleEnum)0, -1, false> >, ck_tile::BlockFmhaPipelineQXKSVSCustomPolicy<true, false, 1, 1> >, ck_tile::DefaultGemm2DEpilogue<ck_tile::DefaultGemm2DEpilogueProblem<_Float16, _Float16, ck_tile::tuple<>, float, _Float16, ck_tile::tuple<>, ck_tile::tensor_layout::gemm::RowMajor, ck_tile::element_wise::PassThrough, 64, 256, false, false, 16, 16, 16, true, true, (ck_tile::memory_operation_enum)0>, void> >, ck_tile::FmhaFwdKernel<ck_tile::BlockFmhaPipelineQRKSVS<ck_tile::BlockFmhaPipelineProblem<_Float16, _Float16, _Float16, float, float, _Float16, unsigned char, float, _Float16, float, _Float16, ck_tile::TileFmhaShape<ck_tile::sequence<64, 64, 32, 256, 32, 256>, ck_tile::sequence<4, 1, 1>, ck_tile::sequence<16, 16, 16>, ck_tile::sequence<4, 1, 1>, ck_tile::sequence<16, 16, 16>, true>, false, ck_tile::ComposedAttention<0u, true>, ck_tile::SimplifiedGenericAttentionMask<true>, false, ck_tile::TileFmhaTraits<false, false, false, false, false, (ck_tile::BlockAttentionBiasEnum)0, false, false, false, (ck_tile::BlockAttentionQuantScaleEnum)0, -1, false> >, ck_tile::BlockFmhaPipelineQXKSVSCustomPolicy<true, false, 1, 1> >, ck_tile::DefaultGemm2DEpilogue<ck_tile::DefaultGemm2DEpilogueProblem<_Float16, _Float16, ck_tile::tuple<>, float, _Float16, ck_tile::tuple<>, ck_tile::tensor_layout::gemm::RowMajor, ck_tile::element_wise::PassThrough, 64, 256, false, false, 16, 16, 16, true, true, (ck_tile::memory_operation_enum)0>, void> >::FmhaFwdBatchModeKargs>(ck_tile::FmhaFwdKernel<ck_tile::BlockFmhaPipelineQRKSVS<ck_tile::BlockFmhaPipelineProblem<_Float16, _Float16, _Float16, float, float, _Float16, unsigned char, float, _Float16, float, _Float16, ck_tile::TileFmhaShape<ck_tile::sequence<64, 64, 32, 256, 32, 256>, ck_tile::sequence<4, 1, 1>, ck_tile::sequence<16, 16, 16>, ck_tile::sequence<4, 1, 1>, ck_tile::sequence<16, 16, 16>, true>, false, ck_tile::ComposedAttention<0u, true>, ck_tile::SimplifiedGenericAttentionMask<true>, false, ck_tile::TileFmhaTraits<false, false, false, false, false, (ck_tile::BlockAttentionBiasEnum)0, false, false, false, (ck_tile::BlockAttentionQuantScaleEnum)0, -1, false> >, ck_tile::BlockFmhaPipelineQXKSVSCustomPolicy<true, false, 1, 1> >, ck_tile::DefaultGemm2DEpilogue<ck_tile::DefaultGemm2DEpilogueProblem<_Float16, _Float16, ck_tile::tuple<>, float, _Float16, ck_tile::tuple<>, ck_tile::tensor_layout::gemm::RowMajor, ck_tile::element_wise::PassThrough, 64, 256, false, false, 16, 16, 16, true, true, (ck_tile::memory_operation_enum)0>, void> >::FmhaFwdBatchModeKargs)",271,129714547944224,129714552555879,32768,516,256,0,128,128,1,1,3072,32,1
"KERNEL_DISPATCH","Agent 2",3,3,1907135,272,21,"(anonymous namespace)::convert_f16_to_f32(__half const*, float*, unsigned long)",272,129714552572920,129714552631404,0,0,8,0,128,256,1,1,6291456,1,1
"KERNEL_DISPATCH","Agent 2",3,3,1907135,273,22,"(anonymous namespace)::rotate_q_givens_f32_to_f16(float const*, __half*, float const*, float const*, int, int)",273,129714552663936,129714552810225,0,0,24,0,128,32,1,1,1572864,1,1
"KERNEL_DISPATCH","Agent 2",3,3,1907135,274,20,"void ck_tile::kentry<ck_tile::gfx11_t, 1, (anonymous namespace)::QuantizedFmhaKernel, (anonymous namespace)::QuantizedFmhaKernel::Kargs>((anonymous namespace)::QuantizedFmhaKernel::Kargs)",274,129714552814945,129714567449679,32768,400,256,0,128,128,1,1,3072,32,1
"KERNEL_DISPATCH","Agent 2",3,3,1907135,276,22,"(anonymous namespace)::rotate_q_givens_f32_to_f16(float const*, __half*, float const*, float const*, int, int)",276,129714567516524,129714567676534,0,0,24,0,128,32,1,1,1572864,1,1
"KERNEL_DISPATCH","Agent 2",3,3,1907135,275,21,"(anonymous namespace)::convert_f16_to_f32(__half const*, float*, unsigned long)",275,129714567468081,129714567512883,0,0,8,0,128,256,1,1,6291456,1,1
"KERNEL_DISPATCH","Agent 2",3,3,1907135,277,23,"hipfire::ck_attention::predecode_asym3_k_q8_v_f16(unsigned char const*, unsigned char const*, __half*, __half*, int, int, int)",277,129714567681134,129714568138323,0,0,16,0,128,32,1,1,196608,4,1
"KERNEL_DISPATCH","Agent 2",3,3,1907135,278,24,"void ck_tile::kentry<ck_tile::gfx11_t, 1, ck_tile::FmhaFwdKernel<ck_tile::BlockFmhaPipelineQRKSVS<ck_tile::BlockFmhaPipelineProblem<_Float16, _Float16, _Float16, float, float, _Float16, unsigned char, float, _Float16, float, _Float16, ck_tile::TileFmhaShape<ck_tile::sequence<64, 64, 32, 256, 32, 256>, ck_tile::sequence<4, 1, 1>, ck_tile::sequence<16, 16, 16>, ck_tile::sequence<4, 1, 1>, ck_tile::sequence<16, 16, 16>, true>, false, ck_tile::ComposedAttention<0u, true>, ck_tile::SimplifiedGenericAttentionMask<true>, false, ck_tile::TileFmhaTraits<false, false, false, false, false, (ck_tile::BlockAttentionBiasEnum)0, false, false, false, (ck_tile::BlockAttentionQuantScaleEnum)0, -1, false> >, ck_tile::BlockFmhaPipelineQXKSVSCustomPolicy<true, false, 1, 1> >, ck_tile::DefaultGemm2DEpilogue<ck_tile::DefaultGemm2DEpilogueProblem<_Float16, _Float16, ck_tile::tuple<>, float, _Float16, ck_tile::tuple<>, ck_tile::tensor_layout::gemm::RowMajor, ck_tile::element_wise::PassThrough, 64, 256, false, false, 16, 16, 16, true, true, (ck_tile::memory_operation_enum)0>, void> >, ck_tile::FmhaFwdKernel<ck_tile::BlockFmhaPipelineQRKSVS<ck_tile::BlockFmhaPipelineProblem<_Float16, _Float16, _Float16, float, float, _Float16, unsigned char, float, _Float16, float, _Float16, ck_tile::TileFmhaShape<ck_tile::sequence<64, 64, 32, 256, 32, 256>, ck_tile::sequence<4, 1, 1>, ck_tile::sequence<16, 16, 16>, ck_tile::sequence<4, 1, 1>, ck_tile::sequence<16, 16, 16>, true>, false, ck_tile::ComposedAttention<0u, true>, ck_tile::SimplifiedGenericAttentionMask<true>, false, ck_tile::TileFmhaTraits<false, false, false, false, false, (ck_tile::BlockAttentionBiasEnum)0, false, false, false, (ck_tile::BlockAttentionQuantScaleEnum)0, -1, false> >, ck_tile::BlockFmhaPipelineQXKSVSCustomPolicy<true, false, 1, 1> >, ck_tile::DefaultGemm2DEpilogue<ck_tile::DefaultGemm2DEpilogueProblem<_Float16, _Float16, ck_tile::tuple<>, float, _Float16, ck_tile::tuple<>, ck_tile::tensor_layout::gemm::RowMajor, ck_tile::element_wise::PassThrough, 64, 256, false, false, 16, 16, 16, true, true, (ck_tile::memory_operation_enum)0>, void> >::FmhaFwdBatchModeKargs>(ck_tile::FmhaFwdKernel<ck_tile::BlockFmhaPipelineQRKSVS<ck_tile::BlockFmhaPipelineProblem<_Float16, _Float16, _Float16, float, float, _Float16, unsigned char, float, _Float16, float, _Float16, ck_tile::TileFmhaShape<ck_tile::sequence<64, 64, 32, 256, 32, 256>, ck_tile::sequence<4, 1, 1>, ck_tile::sequence<16, 16, 16>, ck_tile::sequence<4, 1, 1>, ck_tile::sequence<16, 16, 16>, true>, false, ck_tile::ComposedAttention<0u, true>, ck_tile::SimplifiedGenericAttentionMask<true>, false, ck_tile::TileFmhaTraits<false, false, false, false, false, (ck_tile::BlockAttentionBiasEnum)0, false, false, false, (ck_tile::BlockAttentionQuantScaleEnum)0, -1, false> >, ck_tile::BlockFmhaPipelineQXKSVSCustomPolicy<true, false, 1, 1> >, ck_tile::DefaultGemm2DEpilogue<ck_tile::DefaultGemm2DEpilogueProblem<_Float16, _Float16, ck_tile::tuple<>, float, _Float16, ck_tile::tuple<>, ck_tile::tensor_layout::gemm::RowMajor, ck_tile::element_wise::PassThrough, 64, 256, false, false, 16, 16, 16, true, true, (ck_tile::memory_operation_enum)0>, void> >::FmhaFwdBatchModeKargs)",278,129714568142604,129714572577927,32768,516,256,0,128,128,1,1,3072,32,1
"KERNEL_DISPATCH","Agent 2",3,3,1907135,279,21,"(anonymous namespace)::convert_f16_to_f32(__half const*, float*, unsigned long)",279,129714572594968,129714572654331,0,0,8,0,128,256,1,1,6291456,1,1
"KERNEL_DISPATCH","Agent 2",4,4,1907135,280,9,"__amd_rocclr_copyBuffer",280,129714756772587,129714756781628,0,0,16,0,128,512,1,1,512,1,1
"KERNEL_DISPATCH","Agent 2",4,4,1907135,281,9,"__amd_rocclr_copyBuffer",281,129714756787948,129714756790669,0,0,16,0,128,512,1,1,512,1,1
"KERNEL_DISPATCH","Agent 2",4,4,1907135,282,22,"(anonymous namespace)::rotate_q_givens_f32_to_f16(float const*, __half*, float const*, float const*, int, int)",282,129714756835840,129714756867322,0,0,24,0,128,32,1,1,1572864,1,1
"KERNEL_DISPATCH","Agent 2",4,4,1907135,283,20,"void ck_tile::kentry<ck_tile::gfx11_t, 1, (anonymous namespace)::QuantizedFmhaKernel, (anonymous namespace)::QuantizedFmhaKernel::Kargs>((anonymous namespace)::QuantizedFmhaKernel::Kargs)",283,129714756975049,129714777208816,32768,400,256,0,128,128,1,1,3072,32,1
"KERNEL_DISPATCH","Agent 2",4,4,1907135,284,21,"(anonymous namespace)::convert_f16_to_f32(__half const*, float*, unsigned long)",284,129714777228538,129714777278101,0,0,8,0,128,256,1,1,6291456,1,1
"KERNEL_DISPATCH","Agent 2",4,4,1907135,285,22,"(anonymous namespace)::rotate_q_givens_f32_to_f16(float const*, __half*, float const*, float const*, int, int)",285,129714777281701,129714777423510,0,0,24,0,128,32,1,1,1572864,1,1
"KERNEL_DISPATCH","Agent 2",4,4,1907135,286,23,"hipfire::ck_attention::predecode_asym3_k_q8_v_f16(unsigned char const*, unsigned char const*, __half*, __half*, int, int, int)",286,129714777431951,129714778073271,0,0,16,0,128,32,1,1,262144,4,1
"KERNEL_DISPATCH","Agent 2",4,4,1907135,312,21,"(anonymous namespace)::convert_f16_to_f32(__half const*, float*, unsigned long)",312,129714893613034,129714893656237,0,0,8,0,128,256,1,1,6291456,1,1
"KERNEL_DISPATCH","Agent 2",4,4,1907135,307,23,"hipfire::ck_attention::predecode_asym3_k_q8_v_f16(unsigned char const*, unsigned char const*, __half*, __half*, int, int, int)",307,129714865586769,129714866165565,0,0,16,0,128,32,1,1,262144,4,1
"KERNEL_DISPATCH","Agent 2",4,4,1907135,302,21,"(anonymous namespace)::convert_f16_to_f32(__half const*, float*, unsigned long)",302,129714843948950,129714844034795,0,0,8,0,128,256,1,1,6291456,1,1
"KERNEL_DISPATCH","Agent 2",4,4,1907135,297,20,"void ck_tile::kentry<ck_tile::gfx11_t, 1, (anonymous namespace)::QuantizedFmhaKernel, (anonymous namespace)::QuantizedFmhaKernel::Kargs>((anonymous namespace)::QuantizedFmhaKernel::Kargs)",297,129714814977464,129714836361466,32768,400,256,0,128,128,1,1,3072,32,1
"KERNEL_DISPATCH","Agent 2",4,4,1907135,292,22,"(anonymous namespace)::rotate_q_givens_f32_to_f16(float const*, __half*, float const*, float const*, int, int)",292,129714807099242,129714807241131,0,0,24,0,128,32,1,1,1572864,1,1
"KERNEL_DISPATCH","Agent 2",4,4,1907135,287,24,"void ck_tile::kentry<ck_tile::gfx11_t, 1, ck_tile::FmhaFwdKernel<ck_tile::BlockFmhaPipelineQRKSVS<ck_tile::BlockFmhaPipelineProblem<_Float16, _Float16, _Float16, float, float, _Float16, unsigned char, float, _Float16, float, _Float16, ck_tile::TileFmhaShape<ck_tile::sequence<64, 64, 32, 256, 32, 256>, ck_tile::sequence<4, 1, 1>, ck_tile::sequence<16, 16, 16>, ck_tile::sequence<4, 1, 1>, ck_tile::sequence<16, 16, 16>, true>, false, ck_tile::ComposedAttention<0u, true>, ck_tile::SimplifiedGenericAttentionMask<true>, false, ck_tile::TileFmhaTraits<false, false, false, false, false, (ck_tile::BlockAttentionBiasEnum)0, false, false, false, (ck_tile::BlockAttentionQuantScaleEnum)0, -1, false> >, ck_tile::BlockFmhaPipelineQXKSVSCustomPolicy<true, false, 1, 1> >, ck_tile::DefaultGemm2DEpilogue<ck_tile::DefaultGemm2DEpilogueProblem<_Float16, _Float16, ck_tile::tuple<>, float, _Float16, ck_tile::tuple<>, ck_tile::tensor_layout::gemm::RowMajor, ck_tile::element_wise::PassThrough, 64, 256, false, false, 16, 16, 16, true, true, (ck_tile::memory_operation_enum)0>, void> >, ck_tile::FmhaFwdKernel<ck_tile::BlockFmhaPipelineQRKSVS<ck_tile::BlockFmhaPipelineProblem<_Float16, _Float16, _Float16, float, float, _Float16, unsigned char, float, _Float16, float, _Float16, ck_tile::TileFmhaShape<ck_tile::sequence<64, 64, 32, 256, 32, 256>, ck_tile::sequence<4, 1, 1>, ck_tile::sequence<16, 16, 16>, ck_tile::sequence<4, 1, 1>, ck_tile::sequence<16, 16, 16>, true>, false, ck_tile::ComposedAttention<0u, true>, ck_tile::SimplifiedGenericAttentionMask<true>, false, ck_tile::TileFmhaTraits<false, false, false, false, false, (ck_tile::BlockAttentionBiasEnum)0, false, false, false, (ck_tile::BlockAttentionQuantScaleEnum)0, -1, false> >, ck_tile::BlockFmhaPipelineQXKSVSCustomPolicy<true, false, 1, 1> >, ck_tile::DefaultGemm2DEpilogue<ck_tile::DefaultGemm2DEpilogueProblem<_Float16, _Float16, ck_tile::tuple<>, float, _Float16, ck_tile::tuple<>, ck_tile::tensor_layout::gemm::RowMajor, ck_tile::element_wise::PassThrough, 64, 256, false, false, 16, 16, 16, true, true, (ck_tile::memory_operation_enum)0>, void> >::FmhaFwdBatchModeKargs>(ck_tile::FmhaFwdKernel<ck_tile::BlockFmhaPipelineQRKSVS<ck_tile::BlockFmhaPipelineProblem<_Float16, _Float16, _Float16, float, float, _Float16, unsigned char, float, _Float16, float, _Float16, ck_tile::TileFmhaShape<ck_tile::sequence<64, 64, 32, 256, 32, 256>, ck_tile::sequence<4, 1, 1>, ck_tile::sequence<16, 16, 16>, ck_tile::sequence<4, 1, 1>, ck_tile::sequence<16, 16, 16>, true>, false, ck_tile::ComposedAttention<0u, true>, ck_tile::SimplifiedGenericAttentionMask<true>, false, ck_tile::TileFmhaTraits<false, false, false, false, false, (ck_tile::BlockAttentionBiasEnum)0, false, false, false, (ck_tile::BlockAttentionQuantScaleEnum)0, -1, false> >, ck_tile::BlockFmhaPipelineQXKSVSCustomPolicy<true, false, 1, 1> >, ck_tile::DefaultGemm2DEpilogue<ck_tile::DefaultGemm2DEpilogueProblem<_Float16, _Float16, ck_tile::tuple<>, float, _Float16, ck_tile::tuple<>, ck_tile::tensor_layout::gemm::RowMajor, ck_tile::element_wise::PassThrough, 64, 256, false, false, 16, 16, 16, true, true, (ck_tile::memory_operation_enum)0>, void> >::FmhaFwdBatchModeKargs)",287,129714778381892,129714785124082,32768,516,256,0,128,128,1,1,3072,32,1
"KERNEL_DISPATCH","Agent 2",4,4,1907135,288,21,"(anonymous namespace)::convert_f16_to_f32(__half const*, float*, unsigned long)",288,129714785143443,129714785203687,0,0,8,0,128,256,1,1,6291456,1,1
"KERNEL_DISPATCH","Agent 2",4,4,1907135,293,23,"hipfire::ck_attention::predecode_asym3_k_q8_v_f16(unsigned char const*, unsigned char const*, __half*, __half*, int, int, int)",293,129714807249452,129714807841209,0,0,16,0,128,32,1,1,262144,4,1
"KERNEL_DISPATCH","Agent 2",4,4,1907135,298,21,"(anonymous namespace)::convert_f16_to_f32(__half const*, float*, unsigned long)",298,129714836378428,129714836423310,0,0,8,0,128,256,1,1,6291456,1,1
"KERNEL_DISPATCH","Agent 2",4,4,1907135,303,22,"(anonymous namespace)::rotate_q_givens_f32_to_f16(float const*, __half*, float const*, float const*, int, int)",303,129714844038676,129714844173204,0,0,24,0,128,32,1,1,1572864,1,1
"KERNEL_DISPATCH","Agent 2",4,4,1907135,308,24,"void ck_tile::kentry<ck_tile::gfx11_t, 1, ck_tile::FmhaFwdKernel<ck_tile::BlockFmhaPipelineQRKSVS<ck_tile::BlockFmhaPipelineProblem<_Float16, _Float16, _Float16, float, float, _Float16, unsigned char, float, _Float16, float, _Float16, ck_tile::TileFmhaShape<ck_tile::sequence<64, 64, 32, 256, 32, 256>, ck_tile::sequence<4, 1, 1>, ck_tile::sequence<16, 16, 16>, ck_tile::sequence<4, 1, 1>, ck_tile::sequence<16, 16, 16>, true>, false, ck_tile::ComposedAttention<0u, true>, ck_tile::SimplifiedGenericAttentionMask<true>, false, ck_tile::TileFmhaTraits<false, false, false, false, false, (ck_tile::BlockAttentionBiasEnum)0, false, false, false, (ck_tile::BlockAttentionQuantScaleEnum)0, -1, false> >, ck_tile::BlockFmhaPipelineQXKSVSCustomPolicy<true, false, 1, 1> >, ck_tile::DefaultGemm2DEpilogue<ck_tile::DefaultGemm2DEpilogueProblem<_Float16, _Float16, ck_tile::tuple<>, float, _Float16, ck_tile::tuple<>, ck_tile::tensor_layout::gemm::RowMajor, ck_tile::element_wise::PassThrough, 64, 256, false, false, 16, 16, 16, true, true, (ck_tile::memory_operation_enum)0>, void> >, ck_tile::FmhaFwdKernel<ck_tile::BlockFmhaPipelineQRKSVS<ck_tile::BlockFmhaPipelineProblem<_Float16, _Float16, _Float16, float, float, _Float16, unsigned char, float, _Float16, float, _Float16, ck_tile::TileFmhaShape<ck_tile::sequence<64, 64, 32, 256, 32, 256>, ck_tile::sequence<4, 1, 1>, ck_tile::sequence<16, 16, 16>, ck_tile::sequence<4, 1, 1>, ck_tile::sequence<16, 16, 16>, true>, false, ck_tile::ComposedAttention<0u, true>, ck_tile::SimplifiedGenericAttentionMask<true>, false, ck_tile::TileFmhaTraits<false, false, false, false, false, (ck_tile::BlockAttentionBiasEnum)0, false, false, false, (ck_tile::BlockAttentionQuantScaleEnum)0, -1, false> >, ck_tile::BlockFmhaPipelineQXKSVSCustomPolicy<true, false, 1, 1> >, ck_tile::DefaultGemm2DEpilogue<ck_tile::DefaultGemm2DEpilogueProblem<_Float16, _Float16, ck_tile::tuple<>, float, _Float16, ck_tile::tuple<>, ck_tile::tensor_layout::gemm::RowMajor, ck_tile::element_wise::PassThrough, 64, 256, false, false, 16, 16, 16, true, true, (ck_tile::memory_operation_enum)0>, void> >::FmhaFwdBatchModeKargs>(ck_tile::FmhaFwdKernel<ck_tile::BlockFmhaPipelineQRKSVS<ck_tile::BlockFmhaPipelineProblem<_Float16, _Float16, _Float16, float, float, _Float16, unsigned char, float, _Float16, float, _Float16, ck_tile::TileFmhaShape<ck_tile::sequence<64, 64, 32, 256, 32, 256>, ck_tile::sequence<4, 1, 1>, ck_tile::sequence<16, 16, 16>, ck_tile::sequence<4, 1, 1>, ck_tile::sequence<16, 16, 16>, true>, false, ck_tile::ComposedAttention<0u, true>, ck_tile::SimplifiedGenericAttentionMask<true>, false, ck_tile::TileFmhaTraits<false, false, false, false, false, (ck_tile::BlockAttentionBiasEnum)0, false, false, false, (ck_tile::BlockAttentionQuantScaleEnum)0, -1, false> >, ck_tile::BlockFmhaPipelineQXKSVSCustomPolicy<true, false, 1, 1> >, ck_tile::DefaultGemm2DEpilogue<ck_tile::DefaultGemm2DEpilogueProblem<_Float16, _Float16, ck_tile::tuple<>, float, _Float16, ck_tile::tuple<>, ck_tile::tensor_layout::gemm::RowMajor, ck_tile::element_wise::PassThrough, 64, 256, false, false, 16, 16, 16, true, true, (ck_tile::memory_operation_enum)0>, void> >::FmhaFwdBatchModeKargs)",308,129714866182527,129714872571734,32768,516,256,0,128,128,1,1,3072,32,1
"KERNEL_DISPATCH","Agent 2",4,4,1907135,289,22,"(anonymous namespace)::rotate_q_givens_f32_to_f16(float const*, __half*, float const*, float const*, int, int)",289,129714785207287,129714785343016,0,0,24,0,128,32,1,1,1572864,1,1
"KERNEL_DISPATCH","Agent 2",4,4,1907135,294,24,"void ck_tile::kentry<ck_tile::gfx11_t, 1, ck_tile::FmhaFwdKernel<ck_tile::BlockFmhaPipelineQRKSVS<ck_tile::BlockFmhaPipelineProblem<_Float16, _Float16, _Float16, float, float, _Float16, unsigned char, float, _Float16, float, _Float16, ck_tile::TileFmhaShape<ck_tile::sequence<64, 64, 32, 256, 32, 256>, ck_tile::sequence<4, 1, 1>, ck_tile::sequence<16, 16, 16>, ck_tile::sequence<4, 1, 1>, ck_tile::sequence<16, 16, 16>, true>, false, ck_tile::ComposedAttention<0u, true>, ck_tile::SimplifiedGenericAttentionMask<true>, false, ck_tile::TileFmhaTraits<false, false, false, false, false, (ck_tile::BlockAttentionBiasEnum)0, false, false, false, (ck_tile::BlockAttentionQuantScaleEnum)0, -1, false> >, ck_tile::BlockFmhaPipelineQXKSVSCustomPolicy<true, false, 1, 1> >, ck_tile::DefaultGemm2DEpilogue<ck_tile::DefaultGemm2DEpilogueProblem<_Float16, _Float16, ck_tile::tuple<>, float, _Float16, ck_tile::tuple<>, ck_tile::tensor_layout::gemm::RowMajor, ck_tile::element_wise::PassThrough, 64, 256, false, false, 16, 16, 16, true, true, (ck_tile::memory_operation_enum)0>, void> >, ck_tile::FmhaFwdKernel<ck_tile::BlockFmhaPipelineQRKSVS<ck_tile::BlockFmhaPipelineProblem<_Float16, _Float16, _Float16, float, float, _Float16, unsigned char, float, _Float16, float, _Float16, ck_tile::TileFmhaShape<ck_tile::sequence<64, 64, 32, 256, 32, 256>, ck_tile::sequence<4, 1, 1>, ck_tile::sequence<16, 16, 16>, ck_tile::sequence<4, 1, 1>, ck_tile::sequence<16, 16, 16>, true>, false, ck_tile::ComposedAttention<0u, true>, ck_tile::SimplifiedGenericAttentionMask<true>, false, ck_tile::TileFmhaTraits<false, false, false, false, false, (ck_tile::BlockAttentionBiasEnum)0, false, false, false, (ck_tile::BlockAttentionQuantScaleEnum)0, -1, false> >, ck_tile::BlockFmhaPipelineQXKSVSCustomPolicy<true, false, 1, 1> >, ck_tile::DefaultGemm2DEpilogue<ck_tile::DefaultGemm2DEpilogueProblem<_Float16, _Float16, ck_tile::tuple<>, float, _Float16, ck_tile::tuple<>, ck_tile::tensor_layout::gemm::RowMajor, ck_tile::element_wise::PassThrough, 64, 256, false, false, 16, 16, 16, true, true, (ck_tile::memory_operation_enum)0>, void> >::FmhaFwdBatchModeKargs>(ck_tile::FmhaFwdKernel<ck_tile::BlockFmhaPipelineQRKSVS<ck_tile::BlockFmhaPipelineProblem<_Float16, _Float16, _Float16, float, float, _Float16, unsigned char, float, _Float16, float, _Float16, ck_tile::TileFmhaShape<ck_tile::sequence<64, 64, 32, 256, 32, 256>, ck_tile::sequence<4, 1, 1>, ck_tile::sequence<16, 16, 16>, ck_tile::sequence<4, 1, 1>, ck_tile::sequence<16, 16, 16>, true>, false, ck_tile::ComposedAttention<0u, true>, ck_tile::SimplifiedGenericAttentionMask<true>, false, ck_tile::TileFmhaTraits<false, false, false, false, false, (ck_tile::BlockAttentionBiasEnum)0, false, false, false, (ck_tile::BlockAttentionQuantScaleEnum)0, -1, false> >, ck_tile::BlockFmhaPipelineQXKSVSCustomPolicy<true, false, 1, 1> >, ck_tile::DefaultGemm2DEpilogue<ck_tile::DefaultGemm2DEpilogueProblem<_Float16, _Float16, ck_tile::tuple<>, float, _Float16, ck_tile::tuple<>, ck_tile::tensor_layout::gemm::RowMajor, ck_tile::element_wise::PassThrough, 64, 256, false, false, 16, 16, 16, true, true, (ck_tile::memory_operation_enum)0>, void> >::FmhaFwdBatchModeKargs)",294,129714807845850,129714814732368,32768,516,256,0,128,128,1,1,3072,32,1
"KERNEL_DISPATCH","Agent 2",4,4,1907135,299,22,"(anonymous namespace)::rotate_q_givens_f32_to_f16(float const*, __half*, float const*, float const*, int, int)",299,129714836427031,129714836571040,0,0,24,0,128,32,1,1,1572864,1,1
"KERNEL_DISPATCH","Agent 2",4,4,1907135,304,20,"void ck_tile::kentry<ck_tile::gfx11_t, 1, (anonymous namespace)::QuantizedFmhaKernel, (anonymous namespace)::QuantizedFmhaKernel::Kargs>((anonymous namespace)::QuantizedFmhaKernel::Kargs)",304,129714844181685,129714865369835,32768,400,256,0,128,128,1,1,3072,32,1
"KERNEL_DISPATCH","Agent 2",4,4,1907135,309,21,"(anonymous namespace)::convert_f16_to_f32(__half const*, float*, unsigned long)",309,129714872588815,129714872649259,0,0,8,0,128,256,1,1,6291456,1,1
"KERNEL_DISPATCH","Agent 2",4,4,1907135,290,20,"void ck_tile::kentry<ck_tile::gfx11_t, 1, (anonymous namespace)::QuantizedFmhaKernel, (anonymous namespace)::QuantizedFmhaKernel::Kargs>((anonymous namespace)::QuantizedFmhaKernel::Kargs)",290,129714785351456,129714807030798,32768,400,256,0,128,128,1,1,3072,32,1
"KERNEL_DISPATCH","Agent 2",4,4,1907135,295,21,"(anonymous namespace)::convert_f16_to_f32(__half const*, float*, unsigned long)",295,129714814763890,129714814827574,0,0,8,0,128,256,1,1,6291456,1,1
"KERNEL_DISPATCH","Agent 2",4,4,1907135,300,23,"hipfire::ck_attention::predecode_asym3_k_q8_v_f16(unsigned char const*, unsigned char const*, __half*, __half*, int, int, int)",300,129714836579320,129714837142756,0,0,16,0,128,32,1,1,262144,4,1
"KERNEL_DISPATCH","Agent 2",4,4,1907135,305,21,"(anonymous namespace)::convert_f16_to_f32(__half const*, float*, unsigned long)",305,129714865386836,129714865431199,0,0,8,0,128,256,1,1,6291456,1,1
"KERNEL_DISPATCH","Agent 2",4,4,1907135,310,22,"(anonymous namespace)::rotate_q_givens_f32_to_f16(float const*, __half*, float const*, float const*, int, int)",310,129714872653219,129714872814069,0,0,24,0,128,32,1,1,1572864,1,1
"KERNEL_DISPATCH","Agent 2",4,4,1907135,313,22,"(anonymous namespace)::rotate_q_givens_f32_to_f16(float const*, __half*, float const*, float const*, int, int)",313,129714893659877,129714893804366,0,0,24,0,128,32,1,1,1572864,1,1
"KERNEL_DISPATCH","Agent 2",4,4,1907135,291,21,"(anonymous namespace)::convert_f16_to_f32(__half const*, float*, unsigned long)",291,129714807047919,129714807095482,0,0,8,0,128,256,1,1,6291456,1,1
"KERNEL_DISPATCH","Agent 2",4,4,1907135,296,22,"(anonymous namespace)::rotate_q_givens_f32_to_f16(float const*, __half*, float const*, float const*, int, int)",296,129714814831495,129714814968983,0,0,24,0,128,32,1,1,1572864,1,1
"KERNEL_DISPATCH","Agent 2",4,4,1907135,301,24,"void ck_tile::kentry<ck_tile::gfx11_t, 1, ck_tile::FmhaFwdKernel<ck_tile::BlockFmhaPipelineQRKSVS<ck_tile::BlockFmhaPipelineProblem<_Float16, _Float16, _Float16, float, float, _Float16, unsigned char, float, _Float16, float, _Float16, ck_tile::TileFmhaShape<ck_tile::sequence<64, 64, 32, 256, 32, 256>, ck_tile::sequence<4, 1, 1>, ck_tile::sequence<16, 16, 16>, ck_tile::sequence<4, 1, 1>, ck_tile::sequence<16, 16, 16>, true>, false, ck_tile::ComposedAttention<0u, true>, ck_tile::SimplifiedGenericAttentionMask<true>, false, ck_tile::TileFmhaTraits<false, false, false, false, false, (ck_tile::BlockAttentionBiasEnum)0, false, false, false, (ck_tile::BlockAttentionQuantScaleEnum)0, -1, false> >, ck_tile::BlockFmhaPipelineQXKSVSCustomPolicy<true, false, 1, 1> >, ck_tile::DefaultGemm2DEpilogue<ck_tile::DefaultGemm2DEpilogueProblem<_Float16, _Float16, ck_tile::tuple<>, float, _Float16, ck_tile::tuple<>, ck_tile::tensor_layout::gemm::RowMajor, ck_tile::element_wise::PassThrough, 64, 256, false, false, 16, 16, 16, true, true, (ck_tile::memory_operation_enum)0>, void> >, ck_tile::FmhaFwdKernel<ck_tile::BlockFmhaPipelineQRKSVS<ck_tile::BlockFmhaPipelineProblem<_Float16, _Float16, _Float16, float, float, _Float16, unsigned char, float, _Float16, float, _Float16, ck_tile::TileFmhaShape<ck_tile::sequence<64, 64, 32, 256, 32, 256>, ck_tile::sequence<4, 1, 1>, ck_tile::sequence<16, 16, 16>, ck_tile::sequence<4, 1, 1>, ck_tile::sequence<16, 16, 16>, true>, false, ck_tile::ComposedAttention<0u, true>, ck_tile::SimplifiedGenericAttentionMask<true>, false, ck_tile::TileFmhaTraits<false, false, false, false, false, (ck_tile::BlockAttentionBiasEnum)0, false, false, false, (ck_tile::BlockAttentionQuantScaleEnum)0, -1, false> >, ck_tile::BlockFmhaPipelineQXKSVSCustomPolicy<true, false, 1, 1> >, ck_tile::DefaultGemm2DEpilogue<ck_tile::DefaultGemm2DEpilogueProblem<_Float16, _Float16, ck_tile::tuple<>, float, _Float16, ck_tile::tuple<>, ck_tile::tensor_layout::gemm::RowMajor, ck_tile::element_wise::PassThrough, 64, 256, false, false, 16, 16, 16, true, true, (ck_tile::memory_operation_enum)0>, void> >::FmhaFwdBatchModeKargs>(ck_tile::FmhaFwdKernel<ck_tile::BlockFmhaPipelineQRKSVS<ck_tile::BlockFmhaPipelineProblem<_Float16, _Float16, _Float16, float, float, _Float16, unsigned char, float, _Float16, float, _Float16, ck_tile::TileFmhaShape<ck_tile::sequence<64, 64, 32, 256, 32, 256>, ck_tile::sequence<4, 1, 1>, ck_tile::sequence<16, 16, 16>, ck_tile::sequence<4, 1, 1>, ck_tile::sequence<16, 16, 16>, true>, false, ck_tile::ComposedAttention<0u, true>, ck_tile::SimplifiedGenericAttentionMask<true>, false, ck_tile::TileFmhaTraits<false, false, false, false, false, (ck_tile::BlockAttentionBiasEnum)0, false, false, false, (ck_tile::BlockAttentionQuantScaleEnum)0, -1, false> >, ck_tile::BlockFmhaPipelineQXKSVSCustomPolicy<true, false, 1, 1> >, ck_tile::DefaultGemm2DEpilogue<ck_tile::DefaultGemm2DEpilogueProblem<_Float16, _Float16, ck_tile::tuple<>, float, _Float16, ck_tile::tuple<>, ck_tile::tensor_layout::gemm::RowMajor, ck_tile::element_wise::PassThrough, 64, 256, false, false, 16, 16, 16, true, true, (ck_tile::memory_operation_enum)0>, void> >::FmhaFwdBatchModeKargs)",301,129714837147237,129714843931829,32768,516,256,0,128,128,1,1,3072,32,1
"KERNEL_DISPATCH","Agent 2",4,4,1907135,306,22,"(anonymous namespace)::rotate_q_givens_f32_to_f16(float const*, __half*, float const*, float const*, int, int)",306,129714865435079,129714865578488,0,0,24,0,128,32,1,1,1572864,1,1
"KERNEL_DISPATCH","Agent 2",4,4,1907135,311,20,"void ck_tile::kentry<ck_tile::gfx11_t, 1, (anonymous namespace)::QuantizedFmhaKernel, (anonymous namespace)::QuantizedFmhaKernel::Kargs>((anonymous namespace)::QuantizedFmhaKernel::Kargs)",311,129714872822550,129714893596113,32768,400,256,0,128,128,1,1,3072,32,1
"KERNEL_DISPATCH","Agent 2",4,4,1907135,314,23,"hipfire::ck_attention::predecode_asym3_k_q8_v_f16(unsigned char const*, unsigned char const*, __half*, __half*, int, int, int)",314,129714893812646,129714894353280,0,0,16,0,128,32,1,1,262144,4,1
"KERNEL_DISPATCH","Agent 2",4,4,1907135,315,24,"void ck_tile::kentry<ck_tile::gfx11_t, 1, ck_tile::FmhaFwdKernel<ck_tile::BlockFmhaPipelineQRKSVS<ck_tile::BlockFmhaPipelineProblem<_Float16, _Float16, _Float16, float, float, _Float16, unsigned char, float, _Float16, float, _Float16, ck_tile::TileFmhaShape<ck_tile::sequence<64, 64, 32, 256, 32, 256>, ck_tile::sequence<4, 1, 1>, ck_tile::sequence<16, 16, 16>, ck_tile::sequence<4, 1, 1>, ck_tile::sequence<16, 16, 16>, true>, false, ck_tile::ComposedAttention<0u, true>, ck_tile::SimplifiedGenericAttentionMask<true>, false, ck_tile::TileFmhaTraits<false, false, false, false, false, (ck_tile::BlockAttentionBiasEnum)0, false, false, false, (ck_tile::BlockAttentionQuantScaleEnum)0, -1, false> >, ck_tile::BlockFmhaPipelineQXKSVSCustomPolicy<true, false, 1, 1> >, ck_tile::DefaultGemm2DEpilogue<ck_tile::DefaultGemm2DEpilogueProblem<_Float16, _Float16, ck_tile::tuple<>, float, _Float16, ck_tile::tuple<>, ck_tile::tensor_layout::gemm::RowMajor, ck_tile::element_wise::PassThrough, 64, 256, false, false, 16, 16, 16, true, true, (ck_tile::memory_operation_enum)0>, void> >, ck_tile::FmhaFwdKernel<ck_tile::BlockFmhaPipelineQRKSVS<ck_tile::BlockFmhaPipelineProblem<_Float16, _Float16, _Float16, float, float, _Float16, unsigned char, float, _Float16, float, _Float16, ck_tile::TileFmhaShape<ck_tile::sequence<64, 64, 32, 256, 32, 256>, ck_tile::sequence<4, 1, 1>, ck_tile::sequence<16, 16, 16>, ck_tile::sequence<4, 1, 1>, ck_tile::sequence<16, 16, 16>, true>, false, ck_tile::ComposedAttention<0u, true>, ck_tile::SimplifiedGenericAttentionMask<true>, false, ck_tile::TileFmhaTraits<false, false, false, false, false, (ck_tile::BlockAttentionBiasEnum)0, false, false, false, (ck_tile::BlockAttentionQuantScaleEnum)0, -1, false> >, ck_tile::BlockFmhaPipelineQXKSVSCustomPolicy<true, false, 1, 1> >, ck_tile::DefaultGemm2DEpilogue<ck_tile::DefaultGemm2DEpilogueProblem<_Float16, _Float16, ck_tile::tuple<>, float, _Float16, ck_tile::tuple<>, ck_tile::tensor_layout::gemm::RowMajor, ck_tile::element_wise::PassThrough, 64, 256, false, false, 16, 16, 16, true, true, (ck_tile::memory_operation_enum)0>, void> >::FmhaFwdBatchModeKargs>(ck_tile::FmhaFwdKernel<ck_tile::BlockFmhaPipelineQRKSVS<ck_tile::BlockFmhaPipelineProblem<_Float16, _Float16, _Float16, float, float, _Float16, unsigned char, float, _Float16, float, _Float16, ck_tile::TileFmhaShape<ck_tile::sequence<64, 64, 32, 256, 32, 256>, ck_tile::sequence<4, 1, 1>, ck_tile::sequence<16, 16, 16>, ck_tile::sequence<4, 1, 1>, ck_tile::sequence<16, 16, 16>, true>, false, ck_tile::ComposedAttention<0u, true>, ck_tile::SimplifiedGenericAttentionMask<true>, false, ck_tile::TileFmhaTraits<false, false, false, false, false, (ck_tile::BlockAttentionBiasEnum)0, false, false, false, (ck_tile::BlockAttentionQuantScaleEnum)0, -1, false> >, ck_tile::BlockFmhaPipelineQXKSVSCustomPolicy<true, false, 1, 1> >, ck_tile::DefaultGemm2DEpilogue<ck_tile::DefaultGemm2DEpilogueProblem<_Float16, _Float16, ck_tile::tuple<>, float, _Float16, ck_tile::tuple<>, ck_tile::tensor_layout::gemm::RowMajor, ck_tile::element_wise::PassThrough, 64, 256, false, false, 16, 16, 16, true, true, (ck_tile::memory_operation_enum)0>, void> >::FmhaFwdBatchModeKargs)",315,129714894357561,129714901296163,32768,516,256,0,128,128,1,1,3072,32,1
"KERNEL_DISPATCH","Agent 2",4,4,1907135,316,21,"(anonymous namespace)::convert_f16_to_f32(__half const*, float*, unsigned long)",316,129714901313324,129714901377448,0,0,8,0,128,256,1,1,6291456,1,1
"KERNEL_DISPATCH","Agent 2",4,4,1907135,317,22,"(anonymous namespace)::rotate_q_givens_f32_to_f16(float const*, __half*, float const*, float const*, int, int)",317,129714901457193,129714901588682,0,0,24,0,128,32,1,1,1572864,1,1
"KERNEL_DISPATCH","Agent 2",4,4,1907135,318,20,"void ck_tile::kentry<ck_tile::gfx11_t, 1, (anonymous namespace)::QuantizedFmhaKernel, (anonymous namespace)::QuantizedFmhaKernel::Kargs>((anonymous namespace)::QuantizedFmhaKernel::Kargs)",318,129714901599242,129714921909536,32768,400,256,0,128,128,1,1,3072,32,1
"KERNEL_DISPATCH","Agent 2",4,4,1907135,319,21,"(anonymous namespace)::convert_f16_to_f32(__half const*, float*, unsigned long)",319,129714921926497,129714921969460,0,0,8,0,128,256,1,1,6291456,1,1
"KERNEL_DISPATCH","Agent 2",4,4,1907135,320,22,"(anonymous namespace)::rotate_q_givens_f32_to_f16(float const*, __half*, float const*, float const*, int, int)",320,129714922003142,129714922142631,0,0,24,0,128,32,1,1,1572864,1,1
"KERNEL_DISPATCH","Agent 2",4,4,1907135,321,23,"hipfire::ck_attention::predecode_asym3_k_q8_v_f16(unsigned char const*, unsigned char const*, __half*, __half*, int, int, int)",321,129714922151272,129714922739789,0,0,16,0,128,32,1,1,262144,4,1
"KERNEL_DISPATCH","Agent 2",4,4,1907135,322,24,"void ck_tile::kentry<ck_tile::gfx11_t, 1, ck_tile::FmhaFwdKernel<ck_tile::BlockFmhaPipelineQRKSVS<ck_tile::BlockFmhaPipelineProblem<_Float16, _Float16, _Float16, float, float, _Float16, unsigned char, float, _Float16, float, _Float16, ck_tile::TileFmhaShape<ck_tile::sequence<64, 64, 32, 256, 32, 256>, ck_tile::sequence<4, 1, 1>, ck_tile::sequence<16, 16, 16>, ck_tile::sequence<4, 1, 1>, ck_tile::sequence<16, 16, 16>, true>, false, ck_tile::ComposedAttention<0u, true>, ck_tile::SimplifiedGenericAttentionMask<true>, false, ck_tile::TileFmhaTraits<false, false, false, false, false, (ck_tile::BlockAttentionBiasEnum)0, false, false, false, (ck_tile::BlockAttentionQuantScaleEnum)0, -1, false> >, ck_tile::BlockFmhaPipelineQXKSVSCustomPolicy<true, false, 1, 1> >, ck_tile::DefaultGemm2DEpilogue<ck_tile::DefaultGemm2DEpilogueProblem<_Float16, _Float16, ck_tile::tuple<>, float, _Float16, ck_tile::tuple<>, ck_tile::tensor_layout::gemm::RowMajor, ck_tile::element_wise::PassThrough, 64, 256, false, false, 16, 16, 16, true, true, (ck_tile::memory_operation_enum)0>, void> >, ck_tile::FmhaFwdKernel<ck_tile::BlockFmhaPipelineQRKSVS<ck_tile::BlockFmhaPipelineProblem<_Float16, _Float16, _Float16, float, float, _Float16, unsigned char, float, _Float16, float, _Float16, ck_tile::TileFmhaShape<ck_tile::sequence<64, 64, 32, 256, 32, 256>, ck_tile::sequence<4, 1, 1>, ck_tile::sequence<16, 16, 16>, ck_tile::sequence<4, 1, 1>, ck_tile::sequence<16, 16, 16>, true>, false, ck_tile::ComposedAttention<0u, true>, ck_tile::SimplifiedGenericAttentionMask<true>, false, ck_tile::TileFmhaTraits<false, false, false, false, false, (ck_tile::BlockAttentionBiasEnum)0, false, false, false, (ck_tile::BlockAttentionQuantScaleEnum)0, -1, false> >, ck_tile::BlockFmhaPipelineQXKSVSCustomPolicy<true, false, 1, 1> >, ck_tile::DefaultGemm2DEpilogue<ck_tile::DefaultGemm2DEpilogueProblem<_Float16, _Float16, ck_tile::tuple<>, float, _Float16, ck_tile::tuple<>, ck_tile::tensor_layout::gemm::RowMajor, ck_tile::element_wise::PassThrough, 64, 256, false, false, 16, 16, 16, true, true, (ck_tile::memory_operation_enum)0>, void> >::FmhaFwdBatchModeKargs>(ck_tile::FmhaFwdKernel<ck_tile::BlockFmhaPipelineQRKSVS<ck_tile::BlockFmhaPipelineProblem<_Float16, _Float16, _Float16, float, float, _Float16, unsigned char, float, _Float16, float, _Float16, ck_tile::TileFmhaShape<ck_tile::sequence<64, 64, 32, 256, 32, 256>, ck_tile::sequence<4, 1, 1>, ck_tile::sequence<16, 16, 16>, ck_tile::sequence<4, 1, 1>, ck_tile::sequence<16, 16, 16>, true>, false, ck_tile::ComposedAttention<0u, true>, ck_tile::SimplifiedGenericAttentionMask<true>, false, ck_tile::TileFmhaTraits<false, false, false, false, false, (ck_tile::BlockAttentionBiasEnum)0, false, false, false, (ck_tile::BlockAttentionQuantScaleEnum)0, -1, false> >, ck_tile::BlockFmhaPipelineQXKSVSCustomPolicy<true, false, 1, 1> >, ck_tile::DefaultGemm2DEpilogue<ck_tile::DefaultGemm2DEpilogueProblem<_Float16, _Float16, ck_tile::tuple<>, float, _Float16, ck_tile::tuple<>, ck_tile::tensor_layout::gemm::RowMajor, ck_tile::element_wise::PassThrough, 64, 256, false, false, 16, 16, 16, true, true, (ck_tile::memory_operation_enum)0>, void> >::FmhaFwdBatchModeKargs)",322,129714922756870,129714929576465,32768,516,256,0,128,128,1,1,3072,32,1
"KERNEL_DISPATCH","Agent 2",4,4,1907135,323,21,"(anonymous namespace)::convert_f16_to_f32(__half const*, float*, unsigned long)",323,129714929593546,129714929654270,0,0,8,0,128,256,1,1,6291456,1,1
"KERNEL_DISPATCH","Agent 2",4,4,1907135,324,22,"(anonymous namespace)::rotate_q_givens_f32_to_f16(float const*, __half*, float const*, float const*, int, int)",324,129714929701093,129714929849422,0,0,24,0,128,32,1,1,1572864,1,1
"KERNEL_DISPATCH","Agent 2",4,4,1907135,325,23,"hipfire::ck_attention::predecode_asym3_k_q8_v_f16(unsigned char const*, unsigned char const*, __half*, __half*, int, int, int)",325,129714929853782,129714930503544,0,0,16,0,128,32,1,1,262144,4,1
"KERNEL_DISPATCH","Agent 2",4,4,1907135,326,24,"void ck_tile::kentry<ck_tile::gfx11_t, 1, ck_tile::FmhaFwdKernel<ck_tile::BlockFmhaPipelineQRKSVS<ck_tile::BlockFmhaPipelineProblem<_Float16, _Float16, _Float16, float, float, _Float16, unsigned char, float, _Float16, float, _Float16, ck_tile::TileFmhaShape<ck_tile::sequence<64, 64, 32, 256, 32, 256>, ck_tile::sequence<4, 1, 1>, ck_tile::sequence<16, 16, 16>, ck_tile::sequence<4, 1, 1>, ck_tile::sequence<16, 16, 16>, true>, false, ck_tile::ComposedAttention<0u, true>, ck_tile::SimplifiedGenericAttentionMask<true>, false, ck_tile::TileFmhaTraits<false, false, false, false, false, (ck_tile::BlockAttentionBiasEnum)0, false, false, false, (ck_tile::BlockAttentionQuantScaleEnum)0, -1, false> >, ck_tile::BlockFmhaPipelineQXKSVSCustomPolicy<true, false, 1, 1> >, ck_tile::DefaultGemm2DEpilogue<ck_tile::DefaultGemm2DEpilogueProblem<_Float16, _Float16, ck_tile::tuple<>, float, _Float16, ck_tile::tuple<>, ck_tile::tensor_layout::gemm::RowMajor, ck_tile::element_wise::PassThrough, 64, 256, false, false, 16, 16, 16, true, true, (ck_tile::memory_operation_enum)0>, void> >, ck_tile::FmhaFwdKernel<ck_tile::BlockFmhaPipelineQRKSVS<ck_tile::BlockFmhaPipelineProblem<_Float16, _Float16, _Float16, float, float, _Float16, unsigned char, float, _Float16, float, _Float16, ck_tile::TileFmhaShape<ck_tile::sequence<64, 64, 32, 256, 32, 256>, ck_tile::sequence<4, 1, 1>, ck_tile::sequence<16, 16, 16>, ck_tile::sequence<4, 1, 1>, ck_tile::sequence<16, 16, 16>, true>, false, ck_tile::ComposedAttention<0u, true>, ck_tile::SimplifiedGenericAttentionMask<true>, false, ck_tile::TileFmhaTraits<false, false, false, false, false, (ck_tile::BlockAttentionBiasEnum)0, false, false, false, (ck_tile::BlockAttentionQuantScaleEnum)0, -1, false> >, ck_tile::BlockFmhaPipelineQXKSVSCustomPolicy<true, false, 1, 1> >, ck_tile::DefaultGemm2DEpilogue<ck_tile::DefaultGemm2DEpilogueProblem<_Float16, _Float16, ck_tile::tuple<>, float, _Float16, ck_tile::tuple<>, ck_tile::tensor_layout::gemm::RowMajor, ck_tile::element_wise::PassThrough, 64, 256, false, false, 16, 16, 16, true, true, (ck_tile::memory_operation_enum)0>, void> >::FmhaFwdBatchModeKargs>(ck_tile::FmhaFwdKernel<ck_tile::BlockFmhaPipelineQRKSVS<ck_tile::BlockFmhaPipelineProblem<_Float16, _Float16, _Float16, float, float, _Float16, unsigned char, float, _Float16, float, _Float16, ck_tile::TileFmhaShape<ck_tile::sequence<64, 64, 32, 256, 32, 256>, ck_tile::sequence<4, 1, 1>, ck_tile::sequence<16, 16, 16>, ck_tile::sequence<4, 1, 1>, ck_tile::sequence<16, 16, 16>, true>, false, ck_tile::ComposedAttention<0u, true>, ck_tile::SimplifiedGenericAttentionMask<true>, false, ck_tile::TileFmhaTraits<false, false, false, false, false, (ck_tile::BlockAttentionBiasEnum)0, false, false, false, (ck_tile::BlockAttentionQuantScaleEnum)0, -1, false> >, ck_tile::BlockFmhaPipelineQXKSVSCustomPolicy<true, false, 1, 1> >, ck_tile::DefaultGemm2DEpilogue<ck_tile::DefaultGemm2DEpilogueProblem<_Float16, _Float16, ck_tile::tuple<>, float, _Float16, ck_tile::tuple<>, ck_tile::tensor_layout::gemm::RowMajor, ck_tile::element_wise::PassThrough, 64, 256, false, false, 16, 16, 16, true, true, (ck_tile::memory_operation_enum)0>, void> >::FmhaFwdBatchModeKargs)",326,129714930509064,129714937355300,32768,516,256,0,128,128,1,1,3072,32,1
"KERNEL_DISPATCH","Agent 2",4,4,1907135,327,21,"(anonymous namespace)::convert_f16_to_f32(__half const*, float*, unsigned long)",327,129714937372382,129714937434185,0,0,8,0,128,256,1,1,6291456,1,1
"KERNEL_DISPATCH","Agent 2",4,4,1907135,328,22,"(anonymous namespace)::rotate_q_givens_f32_to_f16(float const*, __half*, float const*, float const*, int, int)",328,129714937472498,129714937601706,0,0,24,0,128,32,1,1,1572864,1,1
"KERNEL_DISPATCH","Agent 2",4,4,1907135,329,20,"void ck_tile::kentry<ck_tile::gfx11_t, 1, (anonymous namespace)::QuantizedFmhaKernel, (anonymous namespace)::QuantizedFmhaKernel::Kargs>((anonymous namespace)::QuantizedFmhaKernel::Kargs)",329,129714937611883,129714957914335,32768,400,256,0,128,128,1,1,3072,32,1
"KERNEL_DISPATCH","Agent 2",4,4,1907135,330,21,"(anonymous namespace)::convert_f16_to_f32(__half const*, float*, unsigned long)",330,129714957931576,129714957975218,0,0,8,0,128,256,1,1,6291456,1,1
"KERNEL_DISPATCH","Agent 2",4,4,1907135,331,22,"(anonymous namespace)::rotate_q_givens_f32_to_f16(float const*, __half*, float const*, float const*, int, int)",331,129714958029592,129714958168920,0,0,24,0,128,32,1,1,1572864,1,1
"KERNEL_DISPATCH","Agent 2",4,4,1907135,332,20,"void ck_tile::kentry<ck_tile::gfx11_t, 1, (anonymous namespace)::QuantizedFmhaKernel, (anonymous namespace)::QuantizedFmhaKernel::Kargs>((anonymous namespace)::QuantizedFmhaKernel::Kargs)",332,129714958178161,129714977941979,32768,400,256,0,128,128,1,1,3072,32,1
"KERNEL_DISPATCH","Agent 2",4,4,1907135,333,21,"(anonymous namespace)::convert_f16_to_f32(__half const*, float*, unsigned long)",333,129714977958940,129714978001823,0,0,8,0,128,256,1,1,6291456,1,1
"KERNEL_DISPATCH","Agent 2",4,4,1907135,334,22,"(anonymous namespace)::rotate_q_givens_f32_to_f16(float const*, __half*, float const*, float const*, int, int)",334,129714978055196,129714978197486,0,0,24,0,128,32,1,1,1572864,1,1
"KERNEL_DISPATCH","Agent 2",4,4,1907135,335,23,"hipfire::ck_attention::predecode_asym3_k_q8_v_f16(unsigned char const*, unsigned char const*, __half*, __half*, int, int, int)",335,129714978206686,129714978849847,0,0,16,0,128,32,1,1,262144,4,1
"KERNEL_DISPATCH","Agent 2",4,4,1907135,336,24,"void ck_tile::kentry<ck_tile::gfx11_t, 1, ck_tile::FmhaFwdKernel<ck_tile::BlockFmhaPipelineQRKSVS<ck_tile::BlockFmhaPipelineProblem<_Float16, _Float16, _Float16, float, float, _Float16, unsigned char, float, _Float16, float, _Float16, ck_tile::TileFmhaShape<ck_tile::sequence<64, 64, 32, 256, 32, 256>, ck_tile::sequence<4, 1, 1>, ck_tile::sequence<16, 16, 16>, ck_tile::sequence<4, 1, 1>, ck_tile::sequence<16, 16, 16>, true>, false, ck_tile::ComposedAttention<0u, true>, ck_tile::SimplifiedGenericAttentionMask<true>, false, ck_tile::TileFmhaTraits<false, false, false, false, false, (ck_tile::BlockAttentionBiasEnum)0, false, false, false, (ck_tile::BlockAttentionQuantScaleEnum)0, -1, false> >, ck_tile::BlockFmhaPipelineQXKSVSCustomPolicy<true, false, 1, 1> >, ck_tile::DefaultGemm2DEpilogue<ck_tile::DefaultGemm2DEpilogueProblem<_Float16, _Float16, ck_tile::tuple<>, float, _Float16, ck_tile::tuple<>, ck_tile::tensor_layout::gemm::RowMajor, ck_tile::element_wise::PassThrough, 64, 256, false, false, 16, 16, 16, true, true, (ck_tile::memory_operation_enum)0>, void> >, ck_tile::FmhaFwdKernel<ck_tile::BlockFmhaPipelineQRKSVS<ck_tile::BlockFmhaPipelineProblem<_Float16, _Float16, _Float16, float, float, _Float16, unsigned char, float, _Float16, float, _Float16, ck_tile::TileFmhaShape<ck_tile::sequence<64, 64, 32, 256, 32, 256>, ck_tile::sequence<4, 1, 1>, ck_tile::sequence<16, 16, 16>, ck_tile::sequence<4, 1, 1>, ck_tile::sequence<16, 16, 16>, true>, false, ck_tile::ComposedAttention<0u, true>, ck_tile::SimplifiedGenericAttentionMask<true>, false, ck_tile::TileFmhaTraits<false, false, false, false, false, (ck_tile::BlockAttentionBiasEnum)0, false, false, false, (ck_tile::BlockAttentionQuantScaleEnum)0, -1, false> >, ck_tile::BlockFmhaPipelineQXKSVSCustomPolicy<true, false, 1, 1> >, ck_tile::DefaultGemm2DEpilogue<ck_tile::DefaultGemm2DEpilogueProblem<_Float16, _Float16, ck_tile::tuple<>, float, _Float16, ck_tile::tuple<>, ck_tile::tensor_layout::gemm::RowMajor, ck_tile::element_wise::PassThrough, 64, 256, false, false, 16, 16, 16, true, true, (ck_tile::memory_operation_enum)0>, void> >::FmhaFwdBatchModeKargs>(ck_tile::FmhaFwdKernel<ck_tile::BlockFmhaPipelineQRKSVS<ck_tile::BlockFmhaPipelineProblem<_Float16, _Float16, _Float16, float, float, _Float16, unsigned char, float, _Float16, float, _Float16, ck_tile::TileFmhaShape<ck_tile::sequence<64, 64, 32, 256, 32, 256>, ck_tile::sequence<4, 1, 1>, ck_tile::sequence<16, 16, 16>, ck_tile::sequence<4, 1, 1>, ck_tile::sequence<16, 16, 16>, true>, false, ck_tile::ComposedAttention<0u, true>, ck_tile::SimplifiedGenericAttentionMask<true>, false, ck_tile::TileFmhaTraits<false, false, false, false, false, (ck_tile::BlockAttentionBiasEnum)0, false, false, false, (ck_tile::BlockAttentionQuantScaleEnum)0, -1, false> >, ck_tile::BlockFmhaPipelineQXKSVSCustomPolicy<true, false, 1, 1> >, ck_tile::DefaultGemm2DEpilogue<ck_tile::DefaultGemm2DEpilogueProblem<_Float16, _Float16, ck_tile::tuple<>, float, _Float16, ck_tile::tuple<>, ck_tile::tensor_layout::gemm::RowMajor, ck_tile::element_wise::PassThrough, 64, 256, false, false, 16, 16, 16, true, true, (ck_tile::memory_operation_enum)0>, void> >::FmhaFwdBatchModeKargs)",336,129714978854207,129714985854373,32768,516,256,0,128,128,1,1,3072,32,1
"KERNEL_DISPATCH","Agent 2",4,4,1907135,337,21,"(anonymous namespace)::convert_f16_to_f32(__half const*, float*, unsigned long)",337,129714985871454,129714985955579,0,0,8,0,128,256,1,1,6291456,1,1
"KERNEL_DISPATCH","Agent 2",4,4,1907135,338,22,"(anonymous namespace)::rotate_q_givens_f32_to_f16(float const*, __half*, float const*, float const*, int, int)",338,129714986043385,129714986176154,0,0,24,0,128,32,1,1,1572864,1,1
"KERNEL_DISPATCH","Agent 2",4,4,1907135,339,23,"hipfire::ck_attention::predecode_asym3_k_q8_v_f16(unsigned char const*, unsigned char const*, __half*, __half*, int, int, int)",339,129714986186474,129714986808994,0,0,16,0,128,32,1,1,262144,4,1
"KERNEL_DISPATCH","Agent 2",4,4,1907135,340,24,"void ck_tile::kentry<ck_tile::gfx11_t, 1, ck_tile::FmhaFwdKernel<ck_tile::BlockFmhaPipelineQRKSVS<ck_tile::BlockFmhaPipelineProblem<_Float16, _Float16, _Float16, float, float, _Float16, unsigned char, float, _Float16, float, _Float16, ck_tile::TileFmhaShape<ck_tile::sequence<64, 64, 32, 256, 32, 256>, ck_tile::sequence<4, 1, 1>, ck_tile::sequence<16, 16, 16>, ck_tile::sequence<4, 1, 1>, ck_tile::sequence<16, 16, 16>, true>, false, ck_tile::ComposedAttention<0u, true>, ck_tile::SimplifiedGenericAttentionMask<true>, false, ck_tile::TileFmhaTraits<false, false, false, false, false, (ck_tile::BlockAttentionBiasEnum)0, false, false, false, (ck_tile::BlockAttentionQuantScaleEnum)0, -1, false> >, ck_tile::BlockFmhaPipelineQXKSVSCustomPolicy<true, false, 1, 1> >, ck_tile::DefaultGemm2DEpilogue<ck_tile::DefaultGemm2DEpilogueProblem<_Float16, _Float16, ck_tile::tuple<>, float, _Float16, ck_tile::tuple<>, ck_tile::tensor_layout::gemm::RowMajor, ck_tile::element_wise::PassThrough, 64, 256, false, false, 16, 16, 16, true, true, (ck_tile::memory_operation_enum)0>, void> >, ck_tile::FmhaFwdKernel<ck_tile::BlockFmhaPipelineQRKSVS<ck_tile::BlockFmhaPipelineProblem<_Float16, _Float16, _Float16, float, float, _Float16, unsigned char, float, _Float16, float, _Float16, ck_tile::TileFmhaShape<ck_tile::sequence<64, 64, 32, 256, 32, 256>, ck_tile::sequence<4, 1, 1>, ck_tile::sequence<16, 16, 16>, ck_tile::sequence<4, 1, 1>, ck_tile::sequence<16, 16, 16>, true>, false, ck_tile::ComposedAttention<0u, true>, ck_tile::SimplifiedGenericAttentionMask<true>, false, ck_tile::TileFmhaTraits<false, false, false, false, false, (ck_tile::BlockAttentionBiasEnum)0, false, false, false, (ck_tile::BlockAttentionQuantScaleEnum)0, -1, false> >, ck_tile::BlockFmhaPipelineQXKSVSCustomPolicy<true, false, 1, 1> >, ck_tile::DefaultGemm2DEpilogue<ck_tile::DefaultGemm2DEpilogueProblem<_Float16, _Float16, ck_tile::tuple<>, float, _Float16, ck_tile::tuple<>, ck_tile::tensor_layout::gemm::RowMajor, ck_tile::element_wise::PassThrough, 64, 256, false, false, 16, 16, 16, true, true, (ck_tile::memory_operation_enum)0>, void> >::FmhaFwdBatchModeKargs>(ck_tile::FmhaFwdKernel<ck_tile::BlockFmhaPipelineQRKSVS<ck_tile::BlockFmhaPipelineProblem<_Float16, _Float16, _Float16, float, float, _Float16, unsigned char, float, _Float16, float, _Float16, ck_tile::TileFmhaShape<ck_tile::sequence<64, 64, 32, 256, 32, 256>, ck_tile::sequence<4, 1, 1>, ck_tile::sequence<16, 16, 16>, ck_tile::sequence<4, 1, 1>, ck_tile::sequence<16, 16, 16>, true>, false, ck_tile::ComposedAttention<0u, true>, ck_tile::SimplifiedGenericAttentionMask<true>, false, ck_tile::TileFmhaTraits<false, false, false, false, false, (ck_tile::BlockAttentionBiasEnum)0, false, false, false, (ck_tile::BlockAttentionQuantScaleEnum)0, -1, false> >, ck_tile::BlockFmhaPipelineQXKSVSCustomPolicy<true, false, 1, 1> >, ck_tile::DefaultGemm2DEpilogue<ck_tile::DefaultGemm2DEpilogueProblem<_Float16, _Float16, ck_tile::tuple<>, float, _Float16, ck_tile::tuple<>, ck_tile::tensor_layout::gemm::RowMajor, ck_tile::element_wise::PassThrough, 64, 256, false, false, 16, 16, 16, true, true, (ck_tile::memory_operation_enum)0>, void> >::FmhaFwdBatchModeKargs)",340,129714986813634,129714994280229,32768,516,256,0,128,128,1,1,3072,32,1
"KERNEL_DISPATCH","Agent 2",4,4,1907135,341,21,"(anonymous namespace)::convert_f16_to_f32(__half const*, float*, unsigned long)",341,129714994297311,129714994357474,0,0,8,0,128,256,1,1,6291456,1,1
"KERNEL_DISPATCH","Agent 2",4,4,1907135,342,22,"(anonymous namespace)::rotate_q_givens_f32_to_f16(float const*, __half*, float const*, float const*, int, int)",342,129714994392847,129714994560177,0,0,24,0,128,32,1,1,1572864,1,1
"KERNEL_DISPATCH","Agent 2",4,4,1907135,343,20,"void ck_tile::kentry<ck_tile::gfx11_t, 1, (anonymous namespace)::QuantizedFmhaKernel, (anonymous namespace)::QuantizedFmhaKernel::Kargs>((anonymous namespace)::QuantizedFmhaKernel::Kargs)",343,129714994565458,129715014996878,32768,400,256,0,128,128,1,1,3072,32,1
"KERNEL_DISPATCH","Agent 2",4,4,1907135,344,21,"(anonymous namespace)::convert_f16_to_f32(__half const*, float*, unsigned long)",344,129715015014880,129715015059042,0,0,8,0,128,256,1,1,6291456,1,1
"KERNEL_DISPATCH","Agent 2",4,4,1907135,345,22,"(anonymous namespace)::rotate_q_givens_f32_to_f16(float const*, __half*, float const*, float const*, int, int)",345,129715015105715,129715015244244,0,0,24,0,128,32,1,1,1572864,1,1
"KERNEL_DISPATCH","Agent 2",4,4,1907135,346,20,"void ck_tile::kentry<ck_tile::gfx11_t, 1, (anonymous namespace)::QuantizedFmhaKernel, (anonymous namespace)::QuantizedFmhaKernel::Kargs>((anonymous namespace)::QuantizedFmhaKernel::Kargs)",346,129715015254211,129715035211921,32768,400,256,0,128,128,1,1,3072,32,1
"KERNEL_DISPATCH","Agent 2",4,4,1907135,347,21,"(anonymous namespace)::convert_f16_to_f32(__half const*, float*, unsigned long)",347,129715035228962,129715035272404,0,0,8,0,128,256,1,1,6291456,1,1
"KERNEL_DISPATCH","Agent 2",4,4,1907135,348,22,"(anonymous namespace)::rotate_q_givens_f32_to_f16(float const*, __half*, float const*, float const*, int, int)",348,129715035306156,129715035463446,0,0,24,0,128,32,1,1,1572864,1,1
"KERNEL_DISPATCH","Agent 2",4,4,1907135,349,23,"hipfire::ck_attention::predecode_asym3_k_q8_v_f16(unsigned char const*, unsigned char const*, __half*, __half*, int, int, int)",349,129715035468087,129715036113248,0,0,16,0,128,32,1,1,262144,4,1
"KERNEL_DISPATCH","Agent 2",4,4,1907135,350,24,"void ck_tile::kentry<ck_tile::gfx11_t, 1, ck_tile::FmhaFwdKernel<ck_tile::BlockFmhaPipelineQRKSVS<ck_tile::BlockFmhaPipelineProblem<_Float16, _Float16, _Float16, float, float, _Float16, unsigned char, float, _Float16, float, _Float16, ck_tile::TileFmhaShape<ck_tile::sequence<64, 64, 32, 256, 32, 256>, ck_tile::sequence<4, 1, 1>, ck_tile::sequence<16, 16, 16>, ck_tile::sequence<4, 1, 1>, ck_tile::sequence<16, 16, 16>, true>, false, ck_tile::ComposedAttention<0u, true>, ck_tile::SimplifiedGenericAttentionMask<true>, false, ck_tile::TileFmhaTraits<false, false, false, false, false, (ck_tile::BlockAttentionBiasEnum)0, false, false, false, (ck_tile::BlockAttentionQuantScaleEnum)0, -1, false> >, ck_tile::BlockFmhaPipelineQXKSVSCustomPolicy<true, false, 1, 1> >, ck_tile::DefaultGemm2DEpilogue<ck_tile::DefaultGemm2DEpilogueProblem<_Float16, _Float16, ck_tile::tuple<>, float, _Float16, ck_tile::tuple<>, ck_tile::tensor_layout::gemm::RowMajor, ck_tile::element_wise::PassThrough, 64, 256, false, false, 16, 16, 16, true, true, (ck_tile::memory_operation_enum)0>, void> >, ck_tile::FmhaFwdKernel<ck_tile::BlockFmhaPipelineQRKSVS<ck_tile::BlockFmhaPipelineProblem<_Float16, _Float16, _Float16, float, float, _Float16, unsigned char, float, _Float16, float, _Float16, ck_tile::TileFmhaShape<ck_tile::sequence<64, 64, 32, 256, 32, 256>, ck_tile::sequence<4, 1, 1>, ck_tile::sequence<16, 16, 16>, ck_tile::sequence<4, 1, 1>, ck_tile::sequence<16, 16, 16>, true>, false, ck_tile::ComposedAttention<0u, true>, ck_tile::SimplifiedGenericAttentionMask<true>, false, ck_tile::TileFmhaTraits<false, false, false, false, false, (ck_tile::BlockAttentionBiasEnum)0, false, false, false, (ck_tile::BlockAttentionQuantScaleEnum)0, -1, false> >, ck_tile::BlockFmhaPipelineQXKSVSCustomPolicy<true, false, 1, 1> >, ck_tile::DefaultGemm2DEpilogue<ck_tile::DefaultGemm2DEpilogueProblem<_Float16, _Float16, ck_tile::tuple<>, float, _Float16, ck_tile::tuple<>, ck_tile::tensor_layout::gemm::RowMajor, ck_tile::element_wise::PassThrough, 64, 256, false, false, 16, 16, 16, true, true, (ck_tile::memory_operation_enum)0>, void> >::FmhaFwdBatchModeKargs>(ck_tile::FmhaFwdKernel<ck_tile::BlockFmhaPipelineQRKSVS<ck_tile::BlockFmhaPipelineProblem<_Float16, _Float16, _Float16, float, float, _Float16, unsigned char, float, _Float16, float, _Float16, ck_tile::TileFmhaShape<ck_tile::sequence<64, 64, 32, 256, 32, 256>, ck_tile::sequence<4, 1, 1>, ck_tile::sequence<16, 16, 16>, ck_tile::sequence<4, 1, 1>, ck_tile::sequence<16, 16, 16>, true>, false, ck_tile::ComposedAttention<0u, true>, ck_tile::SimplifiedGenericAttentionMask<true>, false, ck_tile::TileFmhaTraits<false, false, false, false, false, (ck_tile::BlockAttentionBiasEnum)0, false, false, false, (ck_tile::BlockAttentionQuantScaleEnum)0, -1, false> >, ck_tile::BlockFmhaPipelineQXKSVSCustomPolicy<true, false, 1, 1> >, ck_tile::DefaultGemm2DEpilogue<ck_tile::DefaultGemm2DEpilogueProblem<_Float16, _Float16, ck_tile::tuple<>, float, _Float16, ck_tile::tuple<>, ck_tile::tensor_layout::gemm::RowMajor, ck_tile::element_wise::PassThrough, 64, 256, false, false, 16, 16, 16, true, true, (ck_tile::memory_operation_enum)0>, void> >::FmhaFwdBatchModeKargs)",350,129715036117328,129715043110613,32768,516,256,0,128,128,1,1,3072,32,1
"KERNEL_DISPATCH","Agent 2",4,4,1907135,351,21,"(anonymous namespace)::convert_f16_to_f32(__half const*, float*, unsigned long)",351,129715043128254,129715043216940,0,0,8,0,128,256,1,1,6291456,1,1
"KERNEL_DISPATCH","Agent 2",4,4,1907135,352,22,"(anonymous namespace)::rotate_q_givens_f32_to_f16(float const*, __half*, float const*, float const*, int, int)",352,129715043261353,129715043415123,0,0,24,0,128,32,1,1,1572864,1,1
"KERNEL_DISPATCH","Agent 2",4,4,1907135,353,23,"hipfire::ck_attention::predecode_asym3_k_q8_v_f16(unsigned char const*, unsigned char const*, __half*, __half*, int, int, int)",353,129715043423883,129715044030162,0,0,16,0,128,32,1,1,262144,4,1
"KERNEL_DISPATCH","Agent 2",4,4,1907135,354,24,"void ck_tile::kentry<ck_tile::gfx11_t, 1, ck_tile::FmhaFwdKernel<ck_tile::BlockFmhaPipelineQRKSVS<ck_tile::BlockFmhaPipelineProblem<_Float16, _Float16, _Float16, float, float, _Float16, unsigned char, float, _Float16, float, _Float16, ck_tile::TileFmhaShape<ck_tile::sequence<64, 64, 32, 256, 32, 256>, ck_tile::sequence<4, 1, 1>, ck_tile::sequence<16, 16, 16>, ck_tile::sequence<4, 1, 1>, ck_tile::sequence<16, 16, 16>, true>, false, ck_tile::ComposedAttention<0u, true>, ck_tile::SimplifiedGenericAttentionMask<true>, false, ck_tile::TileFmhaTraits<false, false, false, false, false, (ck_tile::BlockAttentionBiasEnum)0, false, false, false, (ck_tile::BlockAttentionQuantScaleEnum)0, -1, false> >, ck_tile::BlockFmhaPipelineQXKSVSCustomPolicy<true, false, 1, 1> >, ck_tile::DefaultGemm2DEpilogue<ck_tile::DefaultGemm2DEpilogueProblem<_Float16, _Float16, ck_tile::tuple<>, float, _Float16, ck_tile::tuple<>, ck_tile::tensor_layout::gemm::RowMajor, ck_tile::element_wise::PassThrough, 64, 256, false, false, 16, 16, 16, true, true, (ck_tile::memory_operation_enum)0>, void> >, ck_tile::FmhaFwdKernel<ck_tile::BlockFmhaPipelineQRKSVS<ck_tile::BlockFmhaPipelineProblem<_Float16, _Float16, _Float16, float, float, _Float16, unsigned char, float, _Float16, float, _Float16, ck_tile::TileFmhaShape<ck_tile::sequence<64, 64, 32, 256, 32, 256>, ck_tile::sequence<4, 1, 1>, ck_tile::sequence<16, 16, 16>, ck_tile::sequence<4, 1, 1>, ck_tile::sequence<16, 16, 16>, true>, false, ck_tile::ComposedAttention<0u, true>, ck_tile::SimplifiedGenericAttentionMask<true>, false, ck_tile::TileFmhaTraits<false, false, false, false, false, (ck_tile::BlockAttentionBiasEnum)0, false, false, false, (ck_tile::BlockAttentionQuantScaleEnum)0, -1, false> >, ck_tile::BlockFmhaPipelineQXKSVSCustomPolicy<true, false, 1, 1> >, ck_tile::DefaultGemm2DEpilogue<ck_tile::DefaultGemm2DEpilogueProblem<_Float16, _Float16, ck_tile::tuple<>, float, _Float16, ck_tile::tuple<>, ck_tile::tensor_layout::gemm::RowMajor, ck_tile::element_wise::PassThrough, 64, 256, false, false, 16, 16, 16, true, true, (ck_tile::memory_operation_enum)0>, void> >::FmhaFwdBatchModeKargs>(ck_tile::FmhaFwdKernel<ck_tile::BlockFmhaPipelineQRKSVS<ck_tile::BlockFmhaPipelineProblem<_Float16, _Float16, _Float16, float, float, _Float16, unsigned char, float, _Float16, float, _Float16, ck_tile::TileFmhaShape<ck_tile::sequence<64, 64, 32, 256, 32, 256>, ck_tile::sequence<4, 1, 1>, ck_tile::sequence<16, 16, 16>, ck_tile::sequence<4, 1, 1>, ck_tile::sequence<16, 16, 16>, true>, false, ck_tile::ComposedAttention<0u, true>, ck_tile::SimplifiedGenericAttentionMask<true>, false, ck_tile::TileFmhaTraits<false, false, false, false, false, (ck_tile::BlockAttentionBiasEnum)0, false, false, false, (ck_tile::BlockAttentionQuantScaleEnum)0, -1, false> >, ck_tile::BlockFmhaPipelineQXKSVSCustomPolicy<true, false, 1, 1> >, ck_tile::DefaultGemm2DEpilogue<ck_tile::DefaultGemm2DEpilogueProblem<_Float16, _Float16, ck_tile::tuple<>, float, _Float16, ck_tile::tuple<>, ck_tile::tensor_layout::gemm::RowMajor, ck_tile::element_wise::PassThrough, 64, 256, false, false, 16, 16, 16, true, true, (ck_tile::memory_operation_enum)0>, void> >::FmhaFwdBatchModeKargs)",354,129715044034762,129715051438473,32768,516,256,0,128,128,1,1,3072,32,1
"KERNEL_DISPATCH","Agent 2",4,4,1907135,355,21,"(anonymous namespace)::convert_f16_to_f32(__half const*, float*, unsigned long)",355,129715051447114,129715051507678,0,0,8,0,128,256,1,1,6291456,1,1
"KERNEL_DISPATCH","Agent 2",4,4,1907135,356,22,"(anonymous namespace)::rotate_q_givens_f32_to_f16(float const*, __half*, float const*, float const*, int, int)",356,129715051541120,129715051685569,0,0,24,0,128,32,1,1,1572864,1,1
"KERNEL_DISPATCH","Agent 2",4,4,1907135,357,20,"void ck_tile::kentry<ck_tile::gfx11_t, 1, (anonymous namespace)::QuantizedFmhaKernel, (anonymous namespace)::QuantizedFmhaKernel::Kargs>((anonymous namespace)::QuantizedFmhaKernel::Kargs)",357,129715051690329,129715072719468,32768,400,256,0,128,128,1,1,3072,32,1
"KERNEL_DISPATCH","Agent 2",4,4,1907135,358,21,"(anonymous namespace)::convert_f16_to_f32(__half const*, float*, unsigned long)",358,129715072737950,129715072783112,0,0,8,0,128,256,1,1,6291456,1,1
"KERNEL_DISPATCH","Agent 2",4,4,1907135,359,22,"(anonymous namespace)::rotate_q_givens_f32_to_f16(float const*, __half*, float const*, float const*, int, int)",359,129715072830615,129715072969824,0,0,24,0,128,32,1,1,1572864,1,1
"KERNEL_DISPATCH","Agent 2",4,4,1907135,360,20,"void ck_tile::kentry<ck_tile::gfx11_t, 1, (anonymous namespace)::QuantizedFmhaKernel, (anonymous namespace)::QuantizedFmhaKernel::Kargs>((anonymous namespace)::QuantizedFmhaKernel::Kargs)",360,129715072979465,129715093217633,32768,400,256,0,128,128,1,1,3072,32,1
"KERNEL_DISPATCH","Agent 2",4,4,1907135,361,21,"(anonymous namespace)::convert_f16_to_f32(__half const*, float*, unsigned long)",361,129715093234635,129715093277597,0,0,8,0,128,256,1,1,6291456,1,1
"KERNEL_DISPATCH","Agent 2",4,4,1907135,362,22,"(anonymous namespace)::rotate_q_givens_f32_to_f16(float const*, __half*, float const*, float const*, int, int)",362,129715093313050,129715093455219,0,0,24,0,128,32,1,1,1572864,1,1
"KERNEL_DISPATCH","Agent 2",4,4,1907135,363,23,"hipfire::ck_attention::predecode_asym3_k_q8_v_f16(unsigned char const*, unsigned char const*, __half*, __half*, int, int, int)",363,129715093463699,129715094070058,0,0,16,0,128,32,1,1,262144,4,1
"KERNEL_DISPATCH","Agent 2",4,4,1907135,364,24,"void ck_tile::kentry<ck_tile::gfx11_t, 1, ck_tile::FmhaFwdKernel<ck_tile::BlockFmhaPipelineQRKSVS<ck_tile::BlockFmhaPipelineProblem<_Float16, _Float16, _Float16, float, float, _Float16, unsigned char, float, _Float16, float, _Float16, ck_tile::TileFmhaShape<ck_tile::sequence<64, 64, 32, 256, 32, 256>, ck_tile::sequence<4, 1, 1>, ck_tile::sequence<16, 16, 16>, ck_tile::sequence<4, 1, 1>, ck_tile::sequence<16, 16, 16>, true>, false, ck_tile::ComposedAttention<0u, true>, ck_tile::SimplifiedGenericAttentionMask<true>, false, ck_tile::TileFmhaTraits<false, false, false, false, false, (ck_tile::BlockAttentionBiasEnum)0, false, false, false, (ck_tile::BlockAttentionQuantScaleEnum)0, -1, false> >, ck_tile::BlockFmhaPipelineQXKSVSCustomPolicy<true, false, 1, 1> >, ck_tile::DefaultGemm2DEpilogue<ck_tile::DefaultGemm2DEpilogueProblem<_Float16, _Float16, ck_tile::tuple<>, float, _Float16, ck_tile::tuple<>, ck_tile::tensor_layout::gemm::RowMajor, ck_tile::element_wise::PassThrough, 64, 256, false, false, 16, 16, 16, true, true, (ck_tile::memory_operation_enum)0>, void> >, ck_tile::FmhaFwdKernel<ck_tile::BlockFmhaPipelineQRKSVS<ck_tile::BlockFmhaPipelineProblem<_Float16, _Float16, _Float16, float, float, _Float16, unsigned char, float, _Float16, float, _Float16, ck_tile::TileFmhaShape<ck_tile::sequence<64, 64, 32, 256, 32, 256>, ck_tile::sequence<4, 1, 1>, ck_tile::sequence<16, 16, 16>, ck_tile::sequence<4, 1, 1>, ck_tile::sequence<16, 16, 16>, true>, false, ck_tile::ComposedAttention<0u, true>, ck_tile::SimplifiedGenericAttentionMask<true>, false, ck_tile::TileFmhaTraits<false, false, false, false, false, (ck_tile::BlockAttentionBiasEnum)0, false, false, false, (ck_tile::BlockAttentionQuantScaleEnum)0, -1, false> >, ck_tile::BlockFmhaPipelineQXKSVSCustomPolicy<true, false, 1, 1> >, ck_tile::DefaultGemm2DEpilogue<ck_tile::DefaultGemm2DEpilogueProblem<_Float16, _Float16, ck_tile::tuple<>, float, _Float16, ck_tile::tuple<>, ck_tile::tensor_layout::gemm::RowMajor, ck_tile::element_wise::PassThrough, 64, 256, false, false, 16, 16, 16, true, true, (ck_tile::memory_operation_enum)0>, void> >::FmhaFwdBatchModeKargs>(ck_tile::FmhaFwdKernel<ck_tile::BlockFmhaPipelineQRKSVS<ck_tile::BlockFmhaPipelineProblem<_Float16, _Float16, _Float16, float, float, _Float16, unsigned char, float, _Float16, float, _Float16, ck_tile::TileFmhaShape<ck_tile::sequence<64, 64, 32, 256, 32, 256>, ck_tile::sequence<4, 1, 1>, ck_tile::sequence<16, 16, 16>, ck_tile::sequence<4, 1, 1>, ck_tile::sequence<16, 16, 16>, true>, false, ck_tile::ComposedAttention<0u, true>, ck_tile::SimplifiedGenericAttentionMask<true>, false, ck_tile::TileFmhaTraits<false, false, false, false, false, (ck_tile::BlockAttentionBiasEnum)0, false, false, false, (ck_tile::BlockAttentionQuantScaleEnum)0, -1, false> >, ck_tile::BlockFmhaPipelineQXKSVSCustomPolicy<true, false, 1, 1> >, ck_tile::DefaultGemm2DEpilogue<ck_tile::DefaultGemm2DEpilogueProblem<_Float16, _Float16, ck_tile::tuple<>, float, _Float16, ck_tile::tuple<>, ck_tile::tensor_layout::gemm::RowMajor, ck_tile::element_wise::PassThrough, 64, 256, false, false, 16, 16, 16, true, true, (ck_tile::memory_operation_enum)0>, void> >::FmhaFwdBatchModeKargs)",364,129715094074591,129715100470678,32768,516,256,0,128,128,1,1,3072,32,1
"KERNEL_DISPATCH","Agent 2",4,4,1907135,365,21,"(anonymous namespace)::convert_f16_to_f32(__half const*, float*, unsigned long)",365,129715100487839,129715100547442,0,0,8,0,128,256,1,1,6291456,1,1
"KERNEL_DISPATCH","Agent 2",4,4,1907135,366,22,"(anonymous namespace)::rotate_q_givens_f32_to_f16(float const*, __half*, float const*, float const*, int, int)",366,129715100608726,129715100744655,0,0,24,0,128,32,1,1,1572864,1,1
"KERNEL_DISPATCH","Agent 2",4,4,1907135,367,20,"void ck_tile::kentry<ck_tile::gfx11_t, 1, (anonymous namespace)::QuantizedFmhaKernel, (anonymous namespace)::QuantizedFmhaKernel::Kargs>((anonymous namespace)::QuantizedFmhaKernel::Kargs)",367,129715100755095,129715121428053,32768,400,256,0,128,128,1,1,3072,32,1
"KERNEL_DISPATCH","Agent 2",4,4,1907135,368,21,"(anonymous namespace)::convert_f16_to_f32(__half const*, float*, unsigned long)",368,129715121445294,129715121489097,0,0,8,0,128,256,1,1,6291456,1,1
"KERNEL_DISPATCH","Agent 2",4,4,1907135,369,22,"(anonymous namespace)::rotate_q_givens_f32_to_f16(float const*, __half*, float const*, float const*, int, int)",369,129715121492777,129715121638146,0,0,24,0,128,32,1,1,1572864,1,1
"KERNEL_DISPATCH","Agent 2",4,4,1907135,370,23,"hipfire::ck_attention::predecode_asym3_k_q8_v_f16(unsigned char const*, unsigned char const*, __half*, __half*, int, int, int)",370,129715121646467,129715122254866,0,0,16,0,128,32,1,1,262144,4,1
"KERNEL_DISPATCH","Agent 2",4,4,1907135,371,24,"void ck_tile::kentry<ck_tile::gfx11_t, 1, ck_tile::FmhaFwdKernel<ck_tile::BlockFmhaPipelineQRKSVS<ck_tile::BlockFmhaPipelineProblem<_Float16, _Float16, _Float16, float, float, _Float16, unsigned char, float, _Float16, float, _Float16, ck_tile::TileFmhaShape<ck_tile::sequence<64, 64, 32, 256, 32, 256>, ck_tile::sequence<4, 1, 1>, ck_tile::sequence<16, 16, 16>, ck_tile::sequence<4, 1, 1>, ck_tile::sequence<16, 16, 16>, true>, false, ck_tile::ComposedAttention<0u, true>, ck_tile::SimplifiedGenericAttentionMask<true>, false, ck_tile::TileFmhaTraits<false, false, false, false, false, (ck_tile::BlockAttentionBiasEnum)0, false, false, false, (ck_tile::BlockAttentionQuantScaleEnum)0, -1, false> >, ck_tile::BlockFmhaPipelineQXKSVSCustomPolicy<true, false, 1, 1> >, ck_tile::DefaultGemm2DEpilogue<ck_tile::DefaultGemm2DEpilogueProblem<_Float16, _Float16, ck_tile::tuple<>, float, _Float16, ck_tile::tuple<>, ck_tile::tensor_layout::gemm::RowMajor, ck_tile::element_wise::PassThrough, 64, 256, false, false, 16, 16, 16, true, true, (ck_tile::memory_operation_enum)0>, void> >, ck_tile::FmhaFwdKernel<ck_tile::BlockFmhaPipelineQRKSVS<ck_tile::BlockFmhaPipelineProblem<_Float16, _Float16, _Float16, float, float, _Float16, unsigned char, float, _Float16, float, _Float16, ck_tile::TileFmhaShape<ck_tile::sequence<64, 64, 32, 256, 32, 256>, ck_tile::sequence<4, 1, 1>, ck_tile::sequence<16, 16, 16>, ck_tile::sequence<4, 1, 1>, ck_tile::sequence<16, 16, 16>, true>, false, ck_tile::ComposedAttention<0u, true>, ck_tile::SimplifiedGenericAttentionMask<true>, false, ck_tile::TileFmhaTraits<false, false, false, false, false, (ck_tile::BlockAttentionBiasEnum)0, false, false, false, (ck_tile::BlockAttentionQuantScaleEnum)0, -1, false> >, ck_tile::BlockFmhaPipelineQXKSVSCustomPolicy<true, false, 1, 1> >, ck_tile::DefaultGemm2DEpilogue<ck_tile::DefaultGemm2DEpilogueProblem<_Float16, _Float16, ck_tile::tuple<>, float, _Float16, ck_tile::tuple<>, ck_tile::tensor_layout::gemm::RowMajor, ck_tile::element_wise::PassThrough, 64, 256, false, false, 16, 16, 16, true, true, (ck_tile::memory_operation_enum)0>, void> >::FmhaFwdBatchModeKargs>(ck_tile::FmhaFwdKernel<ck_tile::BlockFmhaPipelineQRKSVS<ck_tile::BlockFmhaPipelineProblem<_Float16, _Float16, _Float16, float, float, _Float16, unsigned char, float, _Float16, float, _Float16, ck_tile::TileFmhaShape<ck_tile::sequence<64, 64, 32, 256, 32, 256>, ck_tile::sequence<4, 1, 1>, ck_tile::sequence<16, 16, 16>, ck_tile::sequence<4, 1, 1>, ck_tile::sequence<16, 16, 16>, true>, false, ck_tile::ComposedAttention<0u, true>, ck_tile::SimplifiedGenericAttentionMask<true>, false, ck_tile::TileFmhaTraits<false, false, false, false, false, (ck_tile::BlockAttentionBiasEnum)0, false, false, false, (ck_tile::BlockAttentionQuantScaleEnum)0, -1, false> >, ck_tile::BlockFmhaPipelineQXKSVSCustomPolicy<true, false, 1, 1> >, ck_tile::DefaultGemm2DEpilogue<ck_tile::DefaultGemm2DEpilogueProblem<_Float16, _Float16, ck_tile::tuple<>, float, _Float16, ck_tile::tuple<>, ck_tile::tensor_layout::gemm::RowMajor, ck_tile::element_wise::PassThrough, 64, 256, false, false, 16, 16, 16, true, true, (ck_tile::memory_operation_enum)0>, void> >::FmhaFwdBatchModeKargs)",371,129715122259266,129715129311995,32768,516,256,0,128,128,1,1,3072,32,1
"KERNEL_DISPATCH","Agent 2",4,4,1907135,372,21,"(anonymous namespace)::convert_f16_to_f32(__half const*, float*, unsigned long)",372,129715129329117,129715129392481,0,0,8,0,128,256,1,1,6291456,1,1
