"Kind","Agent_Id","Queue_Id","Stream_Id","Thread_Id","Dispatch_Id","Kernel_Id","Kernel_Name","Correlation_Id","Start_Timestamp","End_Timestamp","LDS_Block_Size","Scratch_Size","VGPR_Count","Accum_VGPR_Count","SGPR_Count","Workgroup_Size_X","Workgroup_Size_Y","Workgroup_Size_Z","Grid_Size_X","Grid_Size_Y","Grid_Size_Z"
"KERNEL_DISPATCH","Agent 2",1,1,1930062,1,15,"__amd_rocclr_copyBuffer",1,130542253021779,130542253028379,0,0,16,0,128,512,1,1,512,1,1
"KERNEL_DISPATCH","Agent 2",1,1,1930062,2,15,"__amd_rocclr_copyBuffer",2,130542253042459,130542253044299,0,0,16,0,128,512,1,1,512,1,1
"KERNEL_DISPATCH","Agent 2",1,1,1930062,3,21,"(anonymous namespace)::rotate_q_givens_f32_to_f16(float const*, __half*, float const*, float const*, int, int)",3,130542254588966,130542254634167,0,0,24,0,128,32,1,1,1572864,1,1
"KERNEL_DISPATCH","Agent 2",1,1,1930062,4,19,"void ck_tile::kentry<ck_tile::gfx11_t, 1, (anonymous namespace)::QuantizedFmhaKernel, (anonymous namespace)::QuantizedFmhaKernel::Kargs>((anonymous namespace)::QuantizedFmhaKernel::Kargs)",4,130542254823891,130542258277975,32768,400,256,0,128,128,1,1,3072,32,1
"KERNEL_DISPATCH","Agent 2",1,1,1930062,5,22,"(anonymous namespace)::convert_f16_to_f32(__half const*, float*, unsigned long)",5,130542258296375,130542258361777,0,0,8,0,128,256,1,1,6291456,1,1
"KERNEL_DISPATCH","Agent 2",1,1,1930062,6,21,"(anonymous namespace)::rotate_q_givens_f32_to_f16(float const*, __half*, float const*, float const*, int, int)",6,130542258365657,130542258551981,0,0,24,0,128,32,1,1,1572864,1,1
"KERNEL_DISPATCH","Agent 2",1,1,1930062,7,23,"hipfire::ck_attention::predecode_asym3_k_q8_v_f16(unsigned char const*, unsigned char const*, __half*, __half*, int, int, int)",7,130542258560542,130542258729106,0,0,16,0,128,32,1,1,65536,4,1
"KERNEL_DISPATCH","Agent 2",1,1,1930062,33,22,"(anonymous namespace)::convert_f16_to_f32(__half const*, float*, unsigned long)",33,130542277229951,130542277276312,0,0,8,0,128,256,1,1,6291456,1,1
"KERNEL_DISPATCH","Agent 2",1,1,1930062,28,23,"hipfire::ck_attention::predecode_asym3_k_q8_v_f16(unsigned char const*, unsigned char const*, __half*, __half*, int, int, int)",28,130542272767396,130542272896480,0,0,16,0,128,32,1,1,65536,4,1
"KERNEL_DISPATCH","Agent 2",1,1,1930062,23,22,"(anonymous namespace)::convert_f16_to_f32(__half const*, float*, unsigned long)",23,130542269252546,130542269294187,0,0,8,0,128,256,1,1,6291456,1,1
"KERNEL_DISPATCH","Agent 2",1,1,1930062,18,19,"void ck_tile::kentry<ck_tile::gfx11_t, 1, (anonymous namespace)::QuantizedFmhaKernel, (anonymous namespace)::QuantizedFmhaKernel::Kargs>((anonymous namespace)::QuantizedFmhaKernel::Kargs)",18,130542264664108,130542267928952,32768,400,256,0,128,128,1,1,3072,32,1
"KERNEL_DISPATCH","Agent 2",1,1,1930062,13,21,"(anonymous namespace)::rotate_q_givens_f32_to_f16(float const*, __half*, float const*, float const*, int, int)",13,130542263230591,130542263376955,0,0,24,0,128,32,1,1,1572864,1,1
"KERNEL_DISPATCH","Agent 2",1,1,1930062,8,24,"void ck_tile::kentry<ck_tile::gfx11_t, 1, ck_tile::FmhaFwdKernel<ck_tile::BlockFmhaPipelineQRKSVS<ck_tile::BlockFmhaPipelineProblem<_Float16, _Float16, _Float16, float, float, _Float16, unsigned char, float, _Float16, float, _Float16, ck_tile::TileFmhaShape<ck_tile::sequence<64, 32, 32, 256, 32, 256>, ck_tile::sequence<4, 1, 1>, ck_tile::sequence<16, 16, 16>, ck_tile::sequence<4, 1, 1>, ck_tile::sequence<16, 16, 16>, true>, false, ck_tile::ComposedAttention<0u, true>, ck_tile::SimplifiedGenericAttentionMask<true>, false, ck_tile::TileFmhaTraits<false, false, false, false, false, (ck_tile::BlockAttentionBiasEnum)0, false, false, false, (ck_tile::BlockAttentionQuantScaleEnum)0, -1, false> >, ck_tile::BlockFmhaPipelineQXKSVSCustomPolicy<true, false, 1, 1> >, ck_tile::DefaultGemm2DEpilogue<ck_tile::DefaultGemm2DEpilogueProblem<_Float16, _Float16, ck_tile::tuple<>, float, _Float16, ck_tile::tuple<>, ck_tile::tensor_layout::gemm::RowMajor, ck_tile::element_wise::PassThrough, 64, 256, false, false, 16, 16, 16, true, true, (ck_tile::memory_operation_enum)0>, void> >, ck_tile::FmhaFwdKernel<ck_tile::BlockFmhaPipelineQRKSVS<ck_tile::BlockFmhaPipelineProblem<_Float16, _Float16, _Float16, float, float, _Float16, unsigned char, float, _Float16, float, _Float16, ck_tile::TileFmhaShape<ck_tile::sequence<64, 32, 32, 256, 32, 256>, ck_tile::sequence<4, 1, 1>, ck_tile::sequence<16, 16, 16>, ck_tile::sequence<4, 1, 1>, ck_tile::sequence<16, 16, 16>, true>, false, ck_tile::ComposedAttention<0u, true>, ck_tile::SimplifiedGenericAttentionMask<true>, false, ck_tile::TileFmhaTraits<false, false, false, false, false, (ck_tile::BlockAttentionBiasEnum)0, false, false, false, (ck_tile::BlockAttentionQuantScaleEnum)0, -1, false> >, ck_tile::BlockFmhaPipelineQXKSVSCustomPolicy<true, false, 1, 1> >, ck_tile::DefaultGemm2DEpilogue<ck_tile::DefaultGemm2DEpilogueProblem<_Float16, _Float16, ck_tile::tuple<>, float, _Float16, ck_tile::tuple<>, ck_tile::tensor_layout::gemm::RowMajor, ck_tile::element_wise::PassThrough, 64, 256, false, false, 16, 16, 16, true, true, (ck_tile::memory_operation_enum)0>, void> >::FmhaFwdBatchModeKargs>(ck_tile::FmhaFwdKernel<ck_tile::BlockFmhaPipelineQRKSVS<ck_tile::BlockFmhaPipelineProblem<_Float16, _Float16, _Float16, float, float, _Float16, unsigned char, float, _Float16, float, _Float16, ck_tile::TileFmhaShape<ck_tile::sequence<64, 32, 32, 256, 32, 256>, ck_tile::sequence<4, 1, 1>, ck_tile::sequence<16, 16, 16>, ck_tile::sequence<4, 1, 1>, ck_tile::sequence<16, 16, 16>, true>, false, ck_tile::ComposedAttention<0u, true>, ck_tile::SimplifiedGenericAttentionMask<true>, false, ck_tile::TileFmhaTraits<false, false, false, false, false, (ck_tile::BlockAttentionBiasEnum)0, false, false, false, (ck_tile::BlockAttentionQuantScaleEnum)0, -1, false> >, ck_tile::BlockFmhaPipelineQXKSVSCustomPolicy<true, false, 1, 1> >, ck_tile::DefaultGemm2DEpilogue<ck_tile::DefaultGemm2DEpilogueProblem<_Float16, _Float16, ck_tile::tuple<>, float, _Float16, ck_tile::tuple<>, ck_tile::tensor_layout::gemm::RowMajor, ck_tile::element_wise::PassThrough, 64, 256, false, false, 16, 16, 16, true, true, (ck_tile::memory_operation_enum)0>, void> >::FmhaFwdBatchModeKargs)",8,130542258738636,130542259861065,32768,356,256,0,128,128,1,1,3072,32,1
"KERNEL_DISPATCH","Agent 2",1,1,1930062,9,22,"(anonymous namespace)::convert_f16_to_f32(__half const*, float*, unsigned long)",9,130542259878065,130542259922986,0,0,8,0,128,256,1,1,6291456,1,1
"KERNEL_DISPATCH","Agent 2",1,1,1930062,14,23,"hipfire::ck_attention::predecode_asym3_k_q8_v_f16(unsigned char const*, unsigned char const*, __half*, __half*, int, int, int)",14,130542263385195,130542263488238,0,0,16,0,128,32,1,1,65536,4,1
"KERNEL_DISPATCH","Agent 2",1,1,1930062,19,22,"(anonymous namespace)::convert_f16_to_f32(__half const*, float*, unsigned long)",19,130542267946152,130542267991274,0,0,8,0,128,256,1,1,6291456,1,1
"KERNEL_DISPATCH","Agent 2",1,1,1930062,24,21,"(anonymous namespace)::rotate_q_givens_f32_to_f16(float const*, __half*, float const*, float const*, int, int)",24,130542269298027,130542269439271,0,0,24,0,128,32,1,1,1572864,1,1
"KERNEL_DISPATCH","Agent 2",1,1,1930062,29,24,"void ck_tile::kentry<ck_tile::gfx11_t, 1, ck_tile::FmhaFwdKernel<ck_tile::BlockFmhaPipelineQRKSVS<ck_tile::BlockFmhaPipelineProblem<_Float16, _Float16, _Float16, float, float, _Float16, unsigned char, float, _Float16, float, _Float16, ck_tile::TileFmhaShape<ck_tile::sequence<64, 32, 32, 256, 32, 256>, ck_tile::sequence<4, 1, 1>, ck_tile::sequence<16, 16, 16>, ck_tile::sequence<4, 1, 1>, ck_tile::sequence<16, 16, 16>, true>, false, ck_tile::ComposedAttention<0u, true>, ck_tile::SimplifiedGenericAttentionMask<true>, false, ck_tile::TileFmhaTraits<false, false, false, false, false, (ck_tile::BlockAttentionBiasEnum)0, false, false, false, (ck_tile::BlockAttentionQuantScaleEnum)0, -1, false> >, ck_tile::BlockFmhaPipelineQXKSVSCustomPolicy<true, false, 1, 1> >, ck_tile::DefaultGemm2DEpilogue<ck_tile::DefaultGemm2DEpilogueProblem<_Float16, _Float16, ck_tile::tuple<>, float, _Float16, ck_tile::tuple<>, ck_tile::tensor_layout::gemm::RowMajor, ck_tile::element_wise::PassThrough, 64, 256, false, false, 16, 16, 16, true, true, (ck_tile::memory_operation_enum)0>, void> >, ck_tile::FmhaFwdKernel<ck_tile::BlockFmhaPipelineQRKSVS<ck_tile::BlockFmhaPipelineProblem<_Float16, _Float16, _Float16, float, float, _Float16, unsigned char, float, _Float16, float, _Float16, ck_tile::TileFmhaShape<ck_tile::sequence<64, 32, 32, 256, 32, 256>, ck_tile::sequence<4, 1, 1>, ck_tile::sequence<16, 16, 16>, ck_tile::sequence<4, 1, 1>, ck_tile::sequence<16, 16, 16>, true>, false, ck_tile::ComposedAttention<0u, true>, ck_tile::SimplifiedGenericAttentionMask<true>, false, ck_tile::TileFmhaTraits<false, false, false, false, false, (ck_tile::BlockAttentionBiasEnum)0, false, false, false, (ck_tile::BlockAttentionQuantScaleEnum)0, -1, false> >, ck_tile::BlockFmhaPipelineQXKSVSCustomPolicy<true, false, 1, 1> >, ck_tile::DefaultGemm2DEpilogue<ck_tile::DefaultGemm2DEpilogueProblem<_Float16, _Float16, ck_tile::tuple<>, float, _Float16, ck_tile::tuple<>, ck_tile::tensor_layout::gemm::RowMajor, ck_tile::element_wise::PassThrough, 64, 256, false, false, 16, 16, 16, true, true, (ck_tile::memory_operation_enum)0>, void> >::FmhaFwdBatchModeKargs>(ck_tile::FmhaFwdKernel<ck_tile::BlockFmhaPipelineQRKSVS<ck_tile::BlockFmhaPipelineProblem<_Float16, _Float16, _Float16, float, float, _Float16, unsigned char, float, _Float16, float, _Float16, ck_tile::TileFmhaShape<ck_tile::sequence<64, 32, 32, 256, 32, 256>, ck_tile::sequence<4, 1, 1>, ck_tile::sequence<16, 16, 16>, ck_tile::sequence<4, 1, 1>, ck_tile::sequence<16, 16, 16>, true>, false, ck_tile::ComposedAttention<0u, true>, ck_tile::SimplifiedGenericAttentionMask<true>, false, ck_tile::TileFmhaTraits<false, false, false, false, false, (ck_tile::BlockAttentionBiasEnum)0, false, false, false, (ck_tile::BlockAttentionQuantScaleEnum)0, -1, false> >, ck_tile::BlockFmhaPipelineQXKSVSCustomPolicy<true, false, 1, 1> >, ck_tile::DefaultGemm2DEpilogue<ck_tile::DefaultGemm2DEpilogueProblem<_Float16, _Float16, ck_tile::tuple<>, float, _Float16, ck_tile::tuple<>, ck_tile::tensor_layout::gemm::RowMajor, ck_tile::element_wise::PassThrough, 64, 256, false, false, 16, 16, 16, true, true, (ck_tile::memory_operation_enum)0>, void> >::FmhaFwdBatchModeKargs)",29,130542272900880,130542273869625,32768,356,256,0,128,128,1,1,3072,32,1
"KERNEL_DISPATCH","Agent 2",1,1,1930062,10,21,"(anonymous namespace)::rotate_q_givens_f32_to_f16(float const*, __half*, float const*, float const*, int, int)",10,130542259926826,130542260093271,0,0,24,0,128,32,1,1,1572864,1,1
"KERNEL_DISPATCH","Agent 2",1,1,1930062,15,24,"void ck_tile::kentry<ck_tile::gfx11_t, 1, ck_tile::FmhaFwdKernel<ck_tile::BlockFmhaPipelineQRKSVS<ck_tile::BlockFmhaPipelineProblem<_Float16, _Float16, _Float16, float, float, _Float16, unsigned char, float, _Float16, float, _Float16, ck_tile::TileFmhaShape<ck_tile::sequence<64, 32, 32, 256, 32, 256>, ck_tile::sequence<4, 1, 1>, ck_tile::sequence<16, 16, 16>, ck_tile::sequence<4, 1, 1>, ck_tile::sequence<16, 16, 16>, true>, false, ck_tile::ComposedAttention<0u, true>, ck_tile::SimplifiedGenericAttentionMask<true>, false, ck_tile::TileFmhaTraits<false, false, false, false, false, (ck_tile::BlockAttentionBiasEnum)0, false, false, false, (ck_tile::BlockAttentionQuantScaleEnum)0, -1, false> >, ck_tile::BlockFmhaPipelineQXKSVSCustomPolicy<true, false, 1, 1> >, ck_tile::DefaultGemm2DEpilogue<ck_tile::DefaultGemm2DEpilogueProblem<_Float16, _Float16, ck_tile::tuple<>, float, _Float16, ck_tile::tuple<>, ck_tile::tensor_layout::gemm::RowMajor, ck_tile::element_wise::PassThrough, 64, 256, false, false, 16, 16, 16, true, true, (ck_tile::memory_operation_enum)0>, void> >, ck_tile::FmhaFwdKernel<ck_tile::BlockFmhaPipelineQRKSVS<ck_tile::BlockFmhaPipelineProblem<_Float16, _Float16, _Float16, float, float, _Float16, unsigned char, float, _Float16, float, _Float16, ck_tile::TileFmhaShape<ck_tile::sequence<64, 32, 32, 256, 32, 256>, ck_tile::sequence<4, 1, 1>, ck_tile::sequence<16, 16, 16>, ck_tile::sequence<4, 1, 1>, ck_tile::sequence<16, 16, 16>, true>, false, ck_tile::ComposedAttention<0u, true>, ck_tile::SimplifiedGenericAttentionMask<true>, false, ck_tile::TileFmhaTraits<false, false, false, false, false, (ck_tile::BlockAttentionBiasEnum)0, false, false, false, (ck_tile::BlockAttentionQuantScaleEnum)0, -1, false> >, ck_tile::BlockFmhaPipelineQXKSVSCustomPolicy<true, false, 1, 1> >, ck_tile::DefaultGemm2DEpilogue<ck_tile::DefaultGemm2DEpilogueProblem<_Float16, _Float16, ck_tile::tuple<>, float, _Float16, ck_tile::tuple<>, ck_tile::tensor_layout::gemm::RowMajor, ck_tile::element_wise::PassThrough, 64, 256, false, false, 16, 16, 16, true, true, (ck_tile::memory_operation_enum)0>, void> >::FmhaFwdBatchModeKargs>(ck_tile::FmhaFwdKernel<ck_tile::BlockFmhaPipelineQRKSVS<ck_tile::BlockFmhaPipelineProblem<_Float16, _Float16, _Float16, float, float, _Float16, unsigned char, float, _Float16, float, _Float16, ck_tile::TileFmhaShape<ck_tile::sequence<64, 32, 32, 256, 32, 256>, ck_tile::sequence<4, 1, 1>, ck_tile::sequence<16, 16, 16>, ck_tile::sequence<4, 1, 1>, ck_tile::sequence<16, 16, 16>, true>, false, ck_tile::ComposedAttention<0u, true>, ck_tile::SimplifiedGenericAttentionMask<true>, false, ck_tile::TileFmhaTraits<false, false, false, false, false, (ck_tile::BlockAttentionBiasEnum)0, false, false, false, (ck_tile::BlockAttentionQuantScaleEnum)0, -1, false> >, ck_tile::BlockFmhaPipelineQXKSVSCustomPolicy<true, false, 1, 1> >, ck_tile::DefaultGemm2DEpilogue<ck_tile::DefaultGemm2DEpilogueProblem<_Float16, _Float16, ck_tile::tuple<>, float, _Float16, ck_tile::tuple<>, ck_tile::tensor_layout::gemm::RowMajor, ck_tile::element_wise::PassThrough, 64, 256, false, false, 16, 16, 16, true, true, (ck_tile::memory_operation_enum)0>, void> >::FmhaFwdBatchModeKargs)",15,130542263496478,130542264447982,32768,356,256,0,128,128,1,1,3072,32,1
"KERNEL_DISPATCH","Agent 2",1,1,1930062,20,21,"(anonymous namespace)::rotate_q_givens_f32_to_f16(float const*, __half*, float const*, float const*, int, int)",20,130542267994914,130542268140757,0,0,24,0,128,32,1,1,1572864,1,1
"KERNEL_DISPATCH","Agent 2",1,1,1930062,25,19,"void ck_tile::kentry<ck_tile::gfx11_t, 1, (anonymous namespace)::QuantizedFmhaKernel, (anonymous namespace)::QuantizedFmhaKernel::Kargs>((anonymous namespace)::QuantizedFmhaKernel::Kargs)",25,130542269447671,130542272547311,32768,400,256,0,128,128,1,1,3072,32,1
"KERNEL_DISPATCH","Agent 2",1,1,1930062,30,22,"(anonymous namespace)::convert_f16_to_f32(__half const*, float*, unsigned long)",30,130542273886745,130542273928826,0,0,8,0,128,256,1,1,6291456,1,1
"KERNEL_DISPATCH","Agent 2",1,1,1930062,34,21,"(anonymous namespace)::rotate_q_givens_f32_to_f16(float const*, __half*, float const*, float const*, int, int)",34,130542277280032,130542277427915,0,0,24,0,128,32,1,1,1572864,1,1
"KERNEL_DISPATCH","Agent 2",1,1,1930062,11,19,"void ck_tile::kentry<ck_tile::gfx11_t, 1, (anonymous namespace)::QuantizedFmhaKernel, (anonymous namespace)::QuantizedFmhaKernel::Kargs>((anonymous namespace)::QuantizedFmhaKernel::Kargs)",11,130542260101311,130542263163869,32768,400,256,0,128,128,1,1,3072,32,1
"KERNEL_DISPATCH","Agent 2",1,1,1930062,16,22,"(anonymous namespace)::convert_f16_to_f32(__half const*, float*, unsigned long)",16,130542264465183,130542264510344,0,0,8,0,128,256,1,1,6291456,1,1
"KERNEL_DISPATCH","Agent 2",1,1,1930062,21,23,"hipfire::ck_attention::predecode_asym3_k_q8_v_f16(unsigned char const*, unsigned char const*, __half*, __half*, int, int, int)",21,130542268149318,130542268275721,0,0,16,0,128,32,1,1,65536,4,1
"KERNEL_DISPATCH","Agent 2",1,1,1930062,26,22,"(anonymous namespace)::convert_f16_to_f32(__half const*, float*, unsigned long)",26,130542272564511,130542272610072,0,0,8,0,128,256,1,1,6291456,1,1
"KERNEL_DISPATCH","Agent 2",1,1,1930062,31,21,"(anonymous namespace)::rotate_q_givens_f32_to_f16(float const*, __half*, float const*, float const*, int, int)",31,130542273932706,130542274074470,0,0,24,0,128,32,1,1,1572864,1,1
"KERNEL_DISPATCH","Agent 2",1,1,1930062,12,22,"(anonymous namespace)::convert_f16_to_f32(__half const*, float*, unsigned long)",12,130542263180790,130542263226911,0,0,8,0,128,256,1,1,6291456,1,1
"KERNEL_DISPATCH","Agent 2",1,1,1930062,17,21,"(anonymous namespace)::rotate_q_givens_f32_to_f16(float const*, __half*, float const*, float const*, int, int)",17,130542264514224,130542264655868,0,0,24,0,128,32,1,1,1572864,1,1
"KERNEL_DISPATCH","Agent 2",1,1,1930062,22,24,"void ck_tile::kentry<ck_tile::gfx11_t, 1, ck_tile::FmhaFwdKernel<ck_tile::BlockFmhaPipelineQRKSVS<ck_tile::BlockFmhaPipelineProblem<_Float16, _Float16, _Float16, float, float, _Float16, unsigned char, float, _Float16, float, _Float16, ck_tile::TileFmhaShape<ck_tile::sequence<64, 32, 32, 256, 32, 256>, ck_tile::sequence<4, 1, 1>, ck_tile::sequence<16, 16, 16>, ck_tile::sequence<4, 1, 1>, ck_tile::sequence<16, 16, 16>, true>, false, ck_tile::ComposedAttention<0u, true>, ck_tile::SimplifiedGenericAttentionMask<true>, false, ck_tile::TileFmhaTraits<false, false, false, false, false, (ck_tile::BlockAttentionBiasEnum)0, false, false, false, (ck_tile::BlockAttentionQuantScaleEnum)0, -1, false> >, ck_tile::BlockFmhaPipelineQXKSVSCustomPolicy<true, false, 1, 1> >, ck_tile::DefaultGemm2DEpilogue<ck_tile::DefaultGemm2DEpilogueProblem<_Float16, _Float16, ck_tile::tuple<>, float, _Float16, ck_tile::tuple<>, ck_tile::tensor_layout::gemm::RowMajor, ck_tile::element_wise::PassThrough, 64, 256, false, false, 16, 16, 16, true, true, (ck_tile::memory_operation_enum)0>, void> >, ck_tile::FmhaFwdKernel<ck_tile::BlockFmhaPipelineQRKSVS<ck_tile::BlockFmhaPipelineProblem<_Float16, _Float16, _Float16, float, float, _Float16, unsigned char, float, _Float16, float, _Float16, ck_tile::TileFmhaShape<ck_tile::sequence<64, 32, 32, 256, 32, 256>, ck_tile::sequence<4, 1, 1>, ck_tile::sequence<16, 16, 16>, ck_tile::sequence<4, 1, 1>, ck_tile::sequence<16, 16, 16>, true>, false, ck_tile::ComposedAttention<0u, true>, ck_tile::SimplifiedGenericAttentionMask<true>, false, ck_tile::TileFmhaTraits<false, false, false, false, false, (ck_tile::BlockAttentionBiasEnum)0, false, false, false, (ck_tile::BlockAttentionQuantScaleEnum)0, -1, false> >, ck_tile::BlockFmhaPipelineQXKSVSCustomPolicy<true, false, 1, 1> >, ck_tile::DefaultGemm2DEpilogue<ck_tile::DefaultGemm2DEpilogueProblem<_Float16, _Float16, ck_tile::tuple<>, float, _Float16, ck_tile::tuple<>, ck_tile::tensor_layout::gemm::RowMajor, ck_tile::element_wise::PassThrough, 64, 256, false, false, 16, 16, 16, true, true, (ck_tile::memory_operation_enum)0>, void> >::FmhaFwdBatchModeKargs>(ck_tile::FmhaFwdKernel<ck_tile::BlockFmhaPipelineQRKSVS<ck_tile::BlockFmhaPipelineProblem<_Float16, _Float16, _Float16, float, float, _Float16, unsigned char, float, _Float16, float, _Float16, ck_tile::TileFmhaShape<ck_tile::sequence<64, 32, 32, 256, 32, 256>, ck_tile::sequence<4, 1, 1>, ck_tile::sequence<16, 16, 16>, ck_tile::sequence<4, 1, 1>, ck_tile::sequence<16, 16, 16>, true>, false, ck_tile::ComposedAttention<0u, true>, ck_tile::SimplifiedGenericAttentionMask<true>, false, ck_tile::TileFmhaTraits<false, false, false, false, false, (ck_tile::BlockAttentionBiasEnum)0, false, false, false, (ck_tile::BlockAttentionQuantScaleEnum)0, -1, false> >, ck_tile::BlockFmhaPipelineQXKSVSCustomPolicy<true, false, 1, 1> >, ck_tile::DefaultGemm2DEpilogue<ck_tile::DefaultGemm2DEpilogueProblem<_Float16, _Float16, ck_tile::tuple<>, float, _Float16, ck_tile::tuple<>, ck_tile::tensor_layout::gemm::RowMajor, ck_tile::element_wise::PassThrough, 64, 256, false, false, 16, 16, 16, true, true, (ck_tile::memory_operation_enum)0>, void> >::FmhaFwdBatchModeKargs)",22,130542268283921,130542269235506,32768,356,256,0,128,128,1,1,3072,32,1
"KERNEL_DISPATCH","Agent 2",1,1,1930062,27,21,"(anonymous namespace)::rotate_q_givens_f32_to_f16(float const*, __half*, float const*, float const*, int, int)",27,130542272613752,130542272759196,0,0,24,0,128,32,1,1,1572864,1,1
"KERNEL_DISPATCH","Agent 2",1,1,1930062,32,19,"void ck_tile::kentry<ck_tile::gfx11_t, 1, (anonymous namespace)::QuantizedFmhaKernel, (anonymous namespace)::QuantizedFmhaKernel::Kargs>((anonymous namespace)::QuantizedFmhaKernel::Kargs)",32,130542274082590,130542277212631,32768,400,256,0,128,128,1,1,3072,32,1
"KERNEL_DISPATCH","Agent 2",1,1,1930062,35,23,"hipfire::ck_attention::predecode_asym3_k_q8_v_f16(unsigned char const*, unsigned char const*, __half*, __half*, int, int, int)",35,130542277436155,130542277556198,0,0,16,0,128,32,1,1,65536,4,1
"KERNEL_DISPATCH","Agent 2",1,1,1930062,36,24,"void ck_tile::kentry<ck_tile::gfx11_t, 1, ck_tile::FmhaFwdKernel<ck_tile::BlockFmhaPipelineQRKSVS<ck_tile::BlockFmhaPipelineProblem<_Float16, _Float16, _Float16, float, float, _Float16, unsigned char, float, _Float16, float, _Float16, ck_tile::TileFmhaShape<ck_tile::sequence<64, 32, 32, 256, 32, 256>, ck_tile::sequence<4, 1, 1>, ck_tile::sequence<16, 16, 16>, ck_tile::sequence<4, 1, 1>, ck_tile::sequence<16, 16, 16>, true>, false, ck_tile::ComposedAttention<0u, true>, ck_tile::SimplifiedGenericAttentionMask<true>, false, ck_tile::TileFmhaTraits<false, false, false, false, false, (ck_tile::BlockAttentionBiasEnum)0, false, false, false, (ck_tile::BlockAttentionQuantScaleEnum)0, -1, false> >, ck_tile::BlockFmhaPipelineQXKSVSCustomPolicy<true, false, 1, 1> >, ck_tile::DefaultGemm2DEpilogue<ck_tile::DefaultGemm2DEpilogueProblem<_Float16, _Float16, ck_tile::tuple<>, float, _Float16, ck_tile::tuple<>, ck_tile::tensor_layout::gemm::RowMajor, ck_tile::element_wise::PassThrough, 64, 256, false, false, 16, 16, 16, true, true, (ck_tile::memory_operation_enum)0>, void> >, ck_tile::FmhaFwdKernel<ck_tile::BlockFmhaPipelineQRKSVS<ck_tile::BlockFmhaPipelineProblem<_Float16, _Float16, _Float16, float, float, _Float16, unsigned char, float, _Float16, float, _Float16, ck_tile::TileFmhaShape<ck_tile::sequence<64, 32, 32, 256, 32, 256>, ck_tile::sequence<4, 1, 1>, ck_tile::sequence<16, 16, 16>, ck_tile::sequence<4, 1, 1>, ck_tile::sequence<16, 16, 16>, true>, false, ck_tile::ComposedAttention<0u, true>, ck_tile::SimplifiedGenericAttentionMask<true>, false, ck_tile::TileFmhaTraits<false, false, false, false, false, (ck_tile::BlockAttentionBiasEnum)0, false, false, false, (ck_tile::BlockAttentionQuantScaleEnum)0, -1, false> >, ck_tile::BlockFmhaPipelineQXKSVSCustomPolicy<true, false, 1, 1> >, ck_tile::DefaultGemm2DEpilogue<ck_tile::DefaultGemm2DEpilogueProblem<_Float16, _Float16, ck_tile::tuple<>, float, _Float16, ck_tile::tuple<>, ck_tile::tensor_layout::gemm::RowMajor, ck_tile::element_wise::PassThrough, 64, 256, false, false, 16, 16, 16, true, true, (ck_tile::memory_operation_enum)0>, void> >::FmhaFwdBatchModeKargs>(ck_tile::FmhaFwdKernel<ck_tile::BlockFmhaPipelineQRKSVS<ck_tile::BlockFmhaPipelineProblem<_Float16, _Float16, _Float16, float, float, _Float16, unsigned char, float, _Float16, float, _Float16, ck_tile::TileFmhaShape<ck_tile::sequence<64, 32, 32, 256, 32, 256>, ck_tile::sequence<4, 1, 1>, ck_tile::sequence<16, 16, 16>, ck_tile::sequence<4, 1, 1>, ck_tile::sequence<16, 16, 16>, true>, false, ck_tile::ComposedAttention<0u, true>, ck_tile::SimplifiedGenericAttentionMask<true>, false, ck_tile::TileFmhaTraits<false, false, false, false, false, (ck_tile::BlockAttentionBiasEnum)0, false, false, false, (ck_tile::BlockAttentionQuantScaleEnum)0, -1, false> >, ck_tile::BlockFmhaPipelineQXKSVSCustomPolicy<true, false, 1, 1> >, ck_tile::DefaultGemm2DEpilogue<ck_tile::DefaultGemm2DEpilogueProblem<_Float16, _Float16, ck_tile::tuple<>, float, _Float16, ck_tile::tuple<>, ck_tile::tensor_layout::gemm::RowMajor, ck_tile::element_wise::PassThrough, 64, 256, false, false, 16, 16, 16, true, true, (ck_tile::memory_operation_enum)0>, void> >::FmhaFwdBatchModeKargs)",36,130542277564519,130542278544744,32768,356,256,0,128,128,1,1,3072,32,1
"KERNEL_DISPATCH","Agent 2",1,1,1930062,37,22,"(anonymous namespace)::convert_f16_to_f32(__half const*, float*, unsigned long)",37,130542278561704,130542278605265,0,0,8,0,128,256,1,1,6291456,1,1
"KERNEL_DISPATCH","Agent 2",1,1,1930062,38,21,"(anonymous namespace)::rotate_q_givens_f32_to_f16(float const*, __half*, float const*, float const*, int, int)",38,130542278687097,130542278823661,0,0,24,0,128,32,1,1,1572864,1,1
"KERNEL_DISPATCH","Agent 2",1,1,1930062,39,19,"void ck_tile::kentry<ck_tile::gfx11_t, 1, (anonymous namespace)::QuantizedFmhaKernel, (anonymous namespace)::QuantizedFmhaKernel::Kargs>((anonymous namespace)::QuantizedFmhaKernel::Kargs)",39,130542278831821,130542282029183,32768,400,256,0,128,128,1,1,3072,32,1
"KERNEL_DISPATCH","Agent 2",1,1,1930062,40,22,"(anonymous namespace)::convert_f16_to_f32(__half const*, float*, unsigned long)",40,130542282046264,130542282092425,0,0,8,0,128,256,1,1,6291456,1,1
"KERNEL_DISPATCH","Agent 2",1,1,1930062,41,21,"(anonymous namespace)::rotate_q_givens_f32_to_f16(float const*, __half*, float const*, float const*, int, int)",41,130542282130656,130542282274540,0,0,24,0,128,32,1,1,1572864,1,1
"KERNEL_DISPATCH","Agent 2",1,1,1930062,42,23,"hipfire::ck_attention::predecode_asym3_k_q8_v_f16(unsigned char const*, unsigned char const*, __half*, __half*, int, int, int)",42,130542282282900,130542282395063,0,0,16,0,128,32,1,1,65536,4,1
"KERNEL_DISPATCH","Agent 2",1,1,1930062,43,24,"void ck_tile::kentry<ck_tile::gfx11_t, 1, ck_tile::FmhaFwdKernel<ck_tile::BlockFmhaPipelineQRKSVS<ck_tile::BlockFmhaPipelineProblem<_Float16, _Float16, _Float16, float, float, _Float16, unsigned char, float, _Float16, float, _Float16, ck_tile::TileFmhaShape<ck_tile::sequence<64, 32, 32, 256, 32, 256>, ck_tile::sequence<4, 1, 1>, ck_tile::sequence<16, 16, 16>, ck_tile::sequence<4, 1, 1>, ck_tile::sequence<16, 16, 16>, true>, false, ck_tile::ComposedAttention<0u, true>, ck_tile::SimplifiedGenericAttentionMask<true>, false, ck_tile::TileFmhaTraits<false, false, false, false, false, (ck_tile::BlockAttentionBiasEnum)0, false, false, false, (ck_tile::BlockAttentionQuantScaleEnum)0, -1, false> >, ck_tile::BlockFmhaPipelineQXKSVSCustomPolicy<true, false, 1, 1> >, ck_tile::DefaultGemm2DEpilogue<ck_tile::DefaultGemm2DEpilogueProblem<_Float16, _Float16, ck_tile::tuple<>, float, _Float16, ck_tile::tuple<>, ck_tile::tensor_layout::gemm::RowMajor, ck_tile::element_wise::PassThrough, 64, 256, false, false, 16, 16, 16, true, true, (ck_tile::memory_operation_enum)0>, void> >, ck_tile::FmhaFwdKernel<ck_tile::BlockFmhaPipelineQRKSVS<ck_tile::BlockFmhaPipelineProblem<_Float16, _Float16, _Float16, float, float, _Float16, unsigned char, float, _Float16, float, _Float16, ck_tile::TileFmhaShape<ck_tile::sequence<64, 32, 32, 256, 32, 256>, ck_tile::sequence<4, 1, 1>, ck_tile::sequence<16, 16, 16>, ck_tile::sequence<4, 1, 1>, ck_tile::sequence<16, 16, 16>, true>, false, ck_tile::ComposedAttention<0u, true>, ck_tile::SimplifiedGenericAttentionMask<true>, false, ck_tile::TileFmhaTraits<false, false, false, false, false, (ck_tile::BlockAttentionBiasEnum)0, false, false, false, (ck_tile::BlockAttentionQuantScaleEnum)0, -1, false> >, ck_tile::BlockFmhaPipelineQXKSVSCustomPolicy<true, false, 1, 1> >, ck_tile::DefaultGemm2DEpilogue<ck_tile::DefaultGemm2DEpilogueProblem<_Float16, _Float16, ck_tile::tuple<>, float, _Float16, ck_tile::tuple<>, ck_tile::tensor_layout::gemm::RowMajor, ck_tile::element_wise::PassThrough, 64, 256, false, false, 16, 16, 16, true, true, (ck_tile::memory_operation_enum)0>, void> >::FmhaFwdBatchModeKargs>(ck_tile::FmhaFwdKernel<ck_tile::BlockFmhaPipelineQRKSVS<ck_tile::BlockFmhaPipelineProblem<_Float16, _Float16, _Float16, float, float, _Float16, unsigned char, float, _Float16, float, _Float16, ck_tile::TileFmhaShape<ck_tile::sequence<64, 32, 32, 256, 32, 256>, ck_tile::sequence<4, 1, 1>, ck_tile::sequence<16, 16, 16>, ck_tile::sequence<4, 1, 1>, ck_tile::sequence<16, 16, 16>, true>, false, ck_tile::ComposedAttention<0u, true>, ck_tile::SimplifiedGenericAttentionMask<true>, false, ck_tile::TileFmhaTraits<false, false, false, false, false, (ck_tile::BlockAttentionBiasEnum)0, false, false, false, (ck_tile::BlockAttentionQuantScaleEnum)0, -1, false> >, ck_tile::BlockFmhaPipelineQXKSVSCustomPolicy<true, false, 1, 1> >, ck_tile::DefaultGemm2DEpilogue<ck_tile::DefaultGemm2DEpilogueProblem<_Float16, _Float16, ck_tile::tuple<>, float, _Float16, ck_tile::tuple<>, ck_tile::tensor_layout::gemm::RowMajor, ck_tile::element_wise::PassThrough, 64, 256, false, false, 16, 16, 16, true, true, (ck_tile::memory_operation_enum)0>, void> >::FmhaFwdBatchModeKargs)",43,130542282403543,130542283382528,32768,356,256,0,128,128,1,1,3072,32,1
"KERNEL_DISPATCH","Agent 2",1,1,1930062,44,22,"(anonymous namespace)::convert_f16_to_f32(__half const*, float*, unsigned long)",44,130542283399649,130542283445930,0,0,8,0,128,256,1,1,6291456,1,1
"KERNEL_DISPATCH","Agent 2",1,1,1930062,45,21,"(anonymous namespace)::rotate_q_givens_f32_to_f16(float const*, __half*, float const*, float const*, int, int)",45,130542283479081,130542283638405,0,0,24,0,128,32,1,1,1572864,1,1
"KERNEL_DISPATCH","Agent 2",1,1,1930062,46,23,"hipfire::ck_attention::predecode_asym3_k_q8_v_f16(unsigned char const*, unsigned char const*, __half*, __half*, int, int, int)",46,130542283646685,130542283766528,0,0,16,0,128,32,1,1,65536,4,1
"KERNEL_DISPATCH","Agent 2",1,1,1930062,47,24,"void ck_tile::kentry<ck_tile::gfx11_t, 1, ck_tile::FmhaFwdKernel<ck_tile::BlockFmhaPipelineQRKSVS<ck_tile::BlockFmhaPipelineProblem<_Float16, _Float16, _Float16, float, float, _Float16, unsigned char, float, _Float16, float, _Float16, ck_tile::TileFmhaShape<ck_tile::sequence<64, 32, 32, 256, 32, 256>, ck_tile::sequence<4, 1, 1>, ck_tile::sequence<16, 16, 16>, ck_tile::sequence<4, 1, 1>, ck_tile::sequence<16, 16, 16>, true>, false, ck_tile::ComposedAttention<0u, true>, ck_tile::SimplifiedGenericAttentionMask<true>, false, ck_tile::TileFmhaTraits<false, false, false, false, false, (ck_tile::BlockAttentionBiasEnum)0, false, false, false, (ck_tile::BlockAttentionQuantScaleEnum)0, -1, false> >, ck_tile::BlockFmhaPipelineQXKSVSCustomPolicy<true, false, 1, 1> >, ck_tile::DefaultGemm2DEpilogue<ck_tile::DefaultGemm2DEpilogueProblem<_Float16, _Float16, ck_tile::tuple<>, float, _Float16, ck_tile::tuple<>, ck_tile::tensor_layout::gemm::RowMajor, ck_tile::element_wise::PassThrough, 64, 256, false, false, 16, 16, 16, true, true, (ck_tile::memory_operation_enum)0>, void> >, ck_tile::FmhaFwdKernel<ck_tile::BlockFmhaPipelineQRKSVS<ck_tile::BlockFmhaPipelineProblem<_Float16, _Float16, _Float16, float, float, _Float16, unsigned char, float, _Float16, float, _Float16, ck_tile::TileFmhaShape<ck_tile::sequence<64, 32, 32, 256, 32, 256>, ck_tile::sequence<4, 1, 1>, ck_tile::sequence<16, 16, 16>, ck_tile::sequence<4, 1, 1>, ck_tile::sequence<16, 16, 16>, true>, false, ck_tile::ComposedAttention<0u, true>, ck_tile::SimplifiedGenericAttentionMask<true>, false, ck_tile::TileFmhaTraits<false, false, false, false, false, (ck_tile::BlockAttentionBiasEnum)0, false, false, false, (ck_tile::BlockAttentionQuantScaleEnum)0, -1, false> >, ck_tile::BlockFmhaPipelineQXKSVSCustomPolicy<true, false, 1, 1> >, ck_tile::DefaultGemm2DEpilogue<ck_tile::DefaultGemm2DEpilogueProblem<_Float16, _Float16, ck_tile::tuple<>, float, _Float16, ck_tile::tuple<>, ck_tile::tensor_layout::gemm::RowMajor, ck_tile::element_wise::PassThrough, 64, 256, false, false, 16, 16, 16, true, true, (ck_tile::memory_operation_enum)0>, void> >::FmhaFwdBatchModeKargs>(ck_tile::FmhaFwdKernel<ck_tile::BlockFmhaPipelineQRKSVS<ck_tile::BlockFmhaPipelineProblem<_Float16, _Float16, _Float16, float, float, _Float16, unsigned char, float, _Float16, float, _Float16, ck_tile::TileFmhaShape<ck_tile::sequence<64, 32, 32, 256, 32, 256>, ck_tile::sequence<4, 1, 1>, ck_tile::sequence<16, 16, 16>, ck_tile::sequence<4, 1, 1>, ck_tile::sequence<16, 16, 16>, true>, false, ck_tile::ComposedAttention<0u, true>, ck_tile::SimplifiedGenericAttentionMask<true>, false, ck_tile::TileFmhaTraits<false, false, false, false, false, (ck_tile::BlockAttentionBiasEnum)0, false, false, false, (ck_tile::BlockAttentionQuantScaleEnum)0, -1, false> >, ck_tile::BlockFmhaPipelineQXKSVSCustomPolicy<true, false, 1, 1> >, ck_tile::DefaultGemm2DEpilogue<ck_tile::DefaultGemm2DEpilogueProblem<_Float16, _Float16, ck_tile::tuple<>, float, _Float16, ck_tile::tuple<>, ck_tile::tensor_layout::gemm::RowMajor, ck_tile::element_wise::PassThrough, 64, 256, false, false, 16, 16, 16, true, true, (ck_tile::memory_operation_enum)0>, void> >::FmhaFwdBatchModeKargs)",47,130542283774888,130542284789274,32768,356,256,0,128,128,1,1,3072,32,1
"KERNEL_DISPATCH","Agent 2",1,1,1930062,48,22,"(anonymous namespace)::convert_f16_to_f32(__half const*, float*, unsigned long)",48,130542284806355,130542284847676,0,0,8,0,128,256,1,1,6291456,1,1
"KERNEL_DISPATCH","Agent 2",1,1,1930062,49,21,"(anonymous namespace)::rotate_q_givens_f32_to_f16(float const*, __half*, float const*, float const*, int, int)",49,130542284881707,130542285039871,0,0,24,0,128,32,1,1,1572864,1,1
"KERNEL_DISPATCH","Agent 2",1,1,1930062,50,19,"void ck_tile::kentry<ck_tile::gfx11_t, 1, (anonymous namespace)::QuantizedFmhaKernel, (anonymous namespace)::QuantizedFmhaKernel::Kargs>((anonymous namespace)::QuantizedFmhaKernel::Kargs)",50,130542285048991,130542288301514,32768,400,256,0,128,128,1,1,3072,32,1
"KERNEL_DISPATCH","Agent 2",1,1,1930062,51,22,"(anonymous namespace)::convert_f16_to_f32(__half const*, float*, unsigned long)",51,130542288318915,130542288364796,0,0,8,0,128,256,1,1,6291456,1,1
"KERNEL_DISPATCH","Agent 2",1,1,1930062,52,21,"(anonymous namespace)::rotate_q_givens_f32_to_f16(float const*, __half*, float const*, float const*, int, int)",52,130542288397427,130542288540231,0,0,24,0,128,32,1,1,1572864,1,1
"KERNEL_DISPATCH","Agent 2",1,1,1930062,53,19,"void ck_tile::kentry<ck_tile::gfx11_t, 1, (anonymous namespace)::QuantizedFmhaKernel, (anonymous namespace)::QuantizedFmhaKernel::Kargs>((anonymous namespace)::QuantizedFmhaKernel::Kargs)",53,130542288548951,130542291790834,32768,400,256,0,128,128,1,1,3072,32,1
"KERNEL_DISPATCH","Agent 2",1,1,1930062,54,22,"(anonymous namespace)::convert_f16_to_f32(__half const*, float*, unsigned long)",54,130542291808035,130542291853836,0,0,8,0,128,256,1,1,6291456,1,1
"KERNEL_DISPATCH","Agent 2",1,1,1930062,55,21,"(anonymous namespace)::rotate_q_givens_f32_to_f16(float const*, __half*, float const*, float const*, int, int)",55,130542291888007,130542292030690,0,0,24,0,128,32,1,1,1572864,1,1
"KERNEL_DISPATCH","Agent 2",1,1,1930062,56,23,"hipfire::ck_attention::predecode_asym3_k_q8_v_f16(unsigned char const*, unsigned char const*, __half*, __half*, int, int, int)",56,130542292039211,130542292152093,0,0,16,0,128,32,1,1,65536,4,1
"KERNEL_DISPATCH","Agent 2",1,1,1930062,57,24,"void ck_tile::kentry<ck_tile::gfx11_t, 1, ck_tile::FmhaFwdKernel<ck_tile::BlockFmhaPipelineQRKSVS<ck_tile::BlockFmhaPipelineProblem<_Float16, _Float16, _Float16, float, float, _Float16, unsigned char, float, _Float16, float, _Float16, ck_tile::TileFmhaShape<ck_tile::sequence<64, 32, 32, 256, 32, 256>, ck_tile::sequence<4, 1, 1>, ck_tile::sequence<16, 16, 16>, ck_tile::sequence<4, 1, 1>, ck_tile::sequence<16, 16, 16>, true>, false, ck_tile::ComposedAttention<0u, true>, ck_tile::SimplifiedGenericAttentionMask<true>, false, ck_tile::TileFmhaTraits<false, false, false, false, false, (ck_tile::BlockAttentionBiasEnum)0, false, false, false, (ck_tile::BlockAttentionQuantScaleEnum)0, -1, false> >, ck_tile::BlockFmhaPipelineQXKSVSCustomPolicy<true, false, 1, 1> >, ck_tile::DefaultGemm2DEpilogue<ck_tile::DefaultGemm2DEpilogueProblem<_Float16, _Float16, ck_tile::tuple<>, float, _Float16, ck_tile::tuple<>, ck_tile::tensor_layout::gemm::RowMajor, ck_tile::element_wise::PassThrough, 64, 256, false, false, 16, 16, 16, true, true, (ck_tile::memory_operation_enum)0>, void> >, ck_tile::FmhaFwdKernel<ck_tile::BlockFmhaPipelineQRKSVS<ck_tile::BlockFmhaPipelineProblem<_Float16, _Float16, _Float16, float, float, _Float16, unsigned char, float, _Float16, float, _Float16, ck_tile::TileFmhaShape<ck_tile::sequence<64, 32, 32, 256, 32, 256>, ck_tile::sequence<4, 1, 1>, ck_tile::sequence<16, 16, 16>, ck_tile::sequence<4, 1, 1>, ck_tile::sequence<16, 16, 16>, true>, false, ck_tile::ComposedAttention<0u, true>, ck_tile::SimplifiedGenericAttentionMask<true>, false, ck_tile::TileFmhaTraits<false, false, false, false, false, (ck_tile::BlockAttentionBiasEnum)0, false, false, false, (ck_tile::BlockAttentionQuantScaleEnum)0, -1, false> >, ck_tile::BlockFmhaPipelineQXKSVSCustomPolicy<true, false, 1, 1> >, ck_tile::DefaultGemm2DEpilogue<ck_tile::DefaultGemm2DEpilogueProblem<_Float16, _Float16, ck_tile::tuple<>, float, _Float16, ck_tile::tuple<>, ck_tile::tensor_layout::gemm::RowMajor, ck_tile::element_wise::PassThrough, 64, 256, false, false, 16, 16, 16, true, true, (ck_tile::memory_operation_enum)0>, void> >::FmhaFwdBatchModeKargs>(ck_tile::FmhaFwdKernel<ck_tile::BlockFmhaPipelineQRKSVS<ck_tile::BlockFmhaPipelineProblem<_Float16, _Float16, _Float16, float, float, _Float16, unsigned char, float, _Float16, float, _Float16, ck_tile::TileFmhaShape<ck_tile::sequence<64, 32, 32, 256, 32, 256>, ck_tile::sequence<4, 1, 1>, ck_tile::sequence<16, 16, 16>, ck_tile::sequence<4, 1, 1>, ck_tile::sequence<16, 16, 16>, true>, false, ck_tile::ComposedAttention<0u, true>, ck_tile::SimplifiedGenericAttentionMask<true>, false, ck_tile::TileFmhaTraits<false, false, false, false, false, (ck_tile::BlockAttentionBiasEnum)0, false, false, false, (ck_tile::BlockAttentionQuantScaleEnum)0, -1, false> >, ck_tile::BlockFmhaPipelineQXKSVSCustomPolicy<true, false, 1, 1> >, ck_tile::DefaultGemm2DEpilogue<ck_tile::DefaultGemm2DEpilogueProblem<_Float16, _Float16, ck_tile::tuple<>, float, _Float16, ck_tile::tuple<>, ck_tile::tensor_layout::gemm::RowMajor, ck_tile::element_wise::PassThrough, 64, 256, false, false, 16, 16, 16, true, true, (ck_tile::memory_operation_enum)0>, void> >::FmhaFwdBatchModeKargs)",57,130542292160534,130542293145559,32768,356,256,0,128,128,1,1,3072,32,1
"KERNEL_DISPATCH","Agent 2",1,1,1930062,58,22,"(anonymous namespace)::convert_f16_to_f32(__half const*, float*, unsigned long)",58,130542293162759,130542293207721,0,0,8,0,128,256,1,1,6291456,1,1
"KERNEL_DISPATCH","Agent 2",1,1,1930062,59,21,"(anonymous namespace)::rotate_q_givens_f32_to_f16(float const*, __half*, float const*, float const*, int, int)",59,130542293264092,130542293415736,0,0,24,0,128,32,1,1,1572864,1,1
"KERNEL_DISPATCH","Agent 2",1,1,1930062,60,23,"hipfire::ck_attention::predecode_asym3_k_q8_v_f16(unsigned char const*, unsigned char const*, __half*, __half*, int, int, int)",60,130542293421296,130542293546819,0,0,16,0,128,32,1,1,65536,4,1
"KERNEL_DISPATCH","Agent 2",1,1,1930062,61,24,"void ck_tile::kentry<ck_tile::gfx11_t, 1, ck_tile::FmhaFwdKernel<ck_tile::BlockFmhaPipelineQRKSVS<ck_tile::BlockFmhaPipelineProblem<_Float16, _Float16, _Float16, float, float, _Float16, unsigned char, float, _Float16, float, _Float16, ck_tile::TileFmhaShape<ck_tile::sequence<64, 32, 32, 256, 32, 256>, ck_tile::sequence<4, 1, 1>, ck_tile::sequence<16, 16, 16>, ck_tile::sequence<4, 1, 1>, ck_tile::sequence<16, 16, 16>, true>, false, ck_tile::ComposedAttention<0u, true>, ck_tile::SimplifiedGenericAttentionMask<true>, false, ck_tile::TileFmhaTraits<false, false, false, false, false, (ck_tile::BlockAttentionBiasEnum)0, false, false, false, (ck_tile::BlockAttentionQuantScaleEnum)0, -1, false> >, ck_tile::BlockFmhaPipelineQXKSVSCustomPolicy<true, false, 1, 1> >, ck_tile::DefaultGemm2DEpilogue<ck_tile::DefaultGemm2DEpilogueProblem<_Float16, _Float16, ck_tile::tuple<>, float, _Float16, ck_tile::tuple<>, ck_tile::tensor_layout::gemm::RowMajor, ck_tile::element_wise::PassThrough, 64, 256, false, false, 16, 16, 16, true, true, (ck_tile::memory_operation_enum)0>, void> >, ck_tile::FmhaFwdKernel<ck_tile::BlockFmhaPipelineQRKSVS<ck_tile::BlockFmhaPipelineProblem<_Float16, _Float16, _Float16, float, float, _Float16, unsigned char, float, _Float16, float, _Float16, ck_tile::TileFmhaShape<ck_tile::sequence<64, 32, 32, 256, 32, 256>, ck_tile::sequence<4, 1, 1>, ck_tile::sequence<16, 16, 16>, ck_tile::sequence<4, 1, 1>, ck_tile::sequence<16, 16, 16>, true>, false, ck_tile::ComposedAttention<0u, true>, ck_tile::SimplifiedGenericAttentionMask<true>, false, ck_tile::TileFmhaTraits<false, false, false, false, false, (ck_tile::BlockAttentionBiasEnum)0, false, false, false, (ck_tile::BlockAttentionQuantScaleEnum)0, -1, false> >, ck_tile::BlockFmhaPipelineQXKSVSCustomPolicy<true, false, 1, 1> >, ck_tile::DefaultGemm2DEpilogue<ck_tile::DefaultGemm2DEpilogueProblem<_Float16, _Float16, ck_tile::tuple<>, float, _Float16, ck_tile::tuple<>, ck_tile::tensor_layout::gemm::RowMajor, ck_tile::element_wise::PassThrough, 64, 256, false, false, 16, 16, 16, true, true, (ck_tile::memory_operation_enum)0>, void> >::FmhaFwdBatchModeKargs>(ck_tile::FmhaFwdKernel<ck_tile::BlockFmhaPipelineQRKSVS<ck_tile::BlockFmhaPipelineProblem<_Float16, _Float16, _Float16, float, float, _Float16, unsigned char, float, _Float16, float, _Float16, ck_tile::TileFmhaShape<ck_tile::sequence<64, 32, 32, 256, 32, 256>, ck_tile::sequence<4, 1, 1>, ck_tile::sequence<16, 16, 16>, ck_tile::sequence<4, 1, 1>, ck_tile::sequence<16, 16, 16>, true>, false, ck_tile::ComposedAttention<0u, true>, ck_tile::SimplifiedGenericAttentionMask<true>, false, ck_tile::TileFmhaTraits<false, false, false, false, false, (ck_tile::BlockAttentionBiasEnum)0, false, false, false, (ck_tile::BlockAttentionQuantScaleEnum)0, -1, false> >, ck_tile::BlockFmhaPipelineQXKSVSCustomPolicy<true, false, 1, 1> >, ck_tile::DefaultGemm2DEpilogue<ck_tile::DefaultGemm2DEpilogueProblem<_Float16, _Float16, ck_tile::tuple<>, float, _Float16, ck_tile::tuple<>, ck_tile::tensor_layout::gemm::RowMajor, ck_tile::element_wise::PassThrough, 64, 256, false, false, 16, 16, 16, true, true, (ck_tile::memory_operation_enum)0>, void> >::FmhaFwdBatchModeKargs)",61,130542293551419,130542294570126,32768,356,256,0,128,128,1,1,3072,32,1
"KERNEL_DISPATCH","Agent 2",1,1,1930062,62,22,"(anonymous namespace)::convert_f16_to_f32(__half const*, float*, unsigned long)",62,130542294587086,130542294628887,0,0,8,0,128,256,1,1,6291456,1,1
"KERNEL_DISPATCH","Agent 2",1,1,1930062,63,21,"(anonymous namespace)::rotate_q_givens_f32_to_f16(float const*, __half*, float const*, float const*, int, int)",63,130542294660838,130542294797201,0,0,24,0,128,32,1,1,1572864,1,1
"KERNEL_DISPATCH","Agent 2",1,1,1930062,64,19,"void ck_tile::kentry<ck_tile::gfx11_t, 1, (anonymous namespace)::QuantizedFmhaKernel, (anonymous namespace)::QuantizedFmhaKernel::Kargs>((anonymous namespace)::QuantizedFmhaKernel::Kargs)",64,130542294807235,130542298068720,32768,400,256,0,128,128,1,1,3072,32,1
"KERNEL_DISPATCH","Agent 2",1,1,1930062,65,22,"(anonymous namespace)::convert_f16_to_f32(__half const*, float*, unsigned long)",65,130542298086080,130542298133041,0,0,8,0,128,256,1,1,6291456,1,1
"KERNEL_DISPATCH","Agent 2",1,1,1930062,66,21,"(anonymous namespace)::rotate_q_givens_f32_to_f16(float const*, __half*, float const*, float const*, int, int)",66,130542298167052,130542298309135,0,0,24,0,128,32,1,1,1572864,1,1
"KERNEL_DISPATCH","Agent 2",1,1,1930062,67,19,"void ck_tile::kentry<ck_tile::gfx11_t, 1, (anonymous namespace)::QuantizedFmhaKernel, (anonymous namespace)::QuantizedFmhaKernel::Kargs>((anonymous namespace)::QuantizedFmhaKernel::Kargs)",67,130542298317775,130542301549860,32768,400,256,0,128,128,1,1,3072,32,1
"KERNEL_DISPATCH","Agent 2",1,1,1930062,68,22,"(anonymous namespace)::convert_f16_to_f32(__half const*, float*, unsigned long)",68,130542301567260,130542301613301,0,0,8,0,128,256,1,1,6291456,1,1
"KERNEL_DISPATCH","Agent 2",1,1,1930062,69,21,"(anonymous namespace)::rotate_q_givens_f32_to_f16(float const*, __half*, float const*, float const*, int, int)",69,130542301645432,130542301787476,0,0,24,0,128,32,1,1,1572864,1,1
"KERNEL_DISPATCH","Agent 2",1,1,1930062,70,23,"hipfire::ck_attention::predecode_asym3_k_q8_v_f16(unsigned char const*, unsigned char const*, __half*, __half*, int, int, int)",70,130542301797156,130542301927840,0,0,16,0,128,32,1,1,65536,4,1
"KERNEL_DISPATCH","Agent 2",1,1,1930062,71,24,"void ck_tile::kentry<ck_tile::gfx11_t, 1, ck_tile::FmhaFwdKernel<ck_tile::BlockFmhaPipelineQRKSVS<ck_tile::BlockFmhaPipelineProblem<_Float16, _Float16, _Float16, float, float, _Float16, unsigned char, float, _Float16, float, _Float16, ck_tile::TileFmhaShape<ck_tile::sequence<64, 32, 32, 256, 32, 256>, ck_tile::sequence<4, 1, 1>, ck_tile::sequence<16, 16, 16>, ck_tile::sequence<4, 1, 1>, ck_tile::sequence<16, 16, 16>, true>, false, ck_tile::ComposedAttention<0u, true>, ck_tile::SimplifiedGenericAttentionMask<true>, false, ck_tile::TileFmhaTraits<false, false, false, false, false, (ck_tile::BlockAttentionBiasEnum)0, false, false, false, (ck_tile::BlockAttentionQuantScaleEnum)0, -1, false> >, ck_tile::BlockFmhaPipelineQXKSVSCustomPolicy<true, false, 1, 1> >, ck_tile::DefaultGemm2DEpilogue<ck_tile::DefaultGemm2DEpilogueProblem<_Float16, _Float16, ck_tile::tuple<>, float, _Float16, ck_tile::tuple<>, ck_tile::tensor_layout::gemm::RowMajor, ck_tile::element_wise::PassThrough, 64, 256, false, false, 16, 16, 16, true, true, (ck_tile::memory_operation_enum)0>, void> >, ck_tile::FmhaFwdKernel<ck_tile::BlockFmhaPipelineQRKSVS<ck_tile::BlockFmhaPipelineProblem<_Float16, _Float16, _Float16, float, float, _Float16, unsigned char, float, _Float16, float, _Float16, ck_tile::TileFmhaShape<ck_tile::sequence<64, 32, 32, 256, 32, 256>, ck_tile::sequence<4, 1, 1>, ck_tile::sequence<16, 16, 16>, ck_tile::sequence<4, 1, 1>, ck_tile::sequence<16, 16, 16>, true>, false, ck_tile::ComposedAttention<0u, true>, ck_tile::SimplifiedGenericAttentionMask<true>, false, ck_tile::TileFmhaTraits<false, false, false, false, false, (ck_tile::BlockAttentionBiasEnum)0, false, false, false, (ck_tile::BlockAttentionQuantScaleEnum)0, -1, false> >, ck_tile::BlockFmhaPipelineQXKSVSCustomPolicy<true, false, 1, 1> >, ck_tile::DefaultGemm2DEpilogue<ck_tile::DefaultGemm2DEpilogueProblem<_Float16, _Float16, ck_tile::tuple<>, float, _Float16, ck_tile::tuple<>, ck_tile::tensor_layout::gemm::RowMajor, ck_tile::element_wise::PassThrough, 64, 256, false, false, 16, 16, 16, true, true, (ck_tile::memory_operation_enum)0>, void> >::FmhaFwdBatchModeKargs>(ck_tile::FmhaFwdKernel<ck_tile::BlockFmhaPipelineQRKSVS<ck_tile::BlockFmhaPipelineProblem<_Float16, _Float16, _Float16, float, float, _Float16, unsigned char, float, _Float16, float, _Float16, ck_tile::TileFmhaShape<ck_tile::sequence<64, 32, 32, 256, 32, 256>, ck_tile::sequence<4, 1, 1>, ck_tile::sequence<16, 16, 16>, ck_tile::sequence<4, 1, 1>, ck_tile::sequence<16, 16, 16>, true>, false, ck_tile::ComposedAttention<0u, true>, ck_tile::SimplifiedGenericAttentionMask<true>, false, ck_tile::TileFmhaTraits<false, false, false, false, false, (ck_tile::BlockAttentionBiasEnum)0, false, false, false, (ck_tile::BlockAttentionQuantScaleEnum)0, -1, false> >, ck_tile::BlockFmhaPipelineQXKSVSCustomPolicy<true, false, 1, 1> >, ck_tile::DefaultGemm2DEpilogue<ck_tile::DefaultGemm2DEpilogueProblem<_Float16, _Float16, ck_tile::tuple<>, float, _Float16, ck_tile::tuple<>, ck_tile::tensor_layout::gemm::RowMajor, ck_tile::element_wise::PassThrough, 64, 256, false, false, 16, 16, 16, true, true, (ck_tile::memory_operation_enum)0>, void> >::FmhaFwdBatchModeKargs)",71,130542301936600,130542302915465,32768,356,256,0,128,128,1,1,3072,32,1
"KERNEL_DISPATCH","Agent 2",1,1,1930062,72,22,"(anonymous namespace)::convert_f16_to_f32(__half const*, float*, unsigned long)",72,130542302932586,130542302976507,0,0,8,0,128,256,1,1,6291456,1,1
"KERNEL_DISPATCH","Agent 2",1,1,1930062,73,21,"(anonymous namespace)::rotate_q_givens_f32_to_f16(float const*, __half*, float const*, float const*, int, int)",73,130542303009438,130542303147241,0,0,24,0,128,32,1,1,1572864,1,1
"KERNEL_DISPATCH","Agent 2",1,1,1930062,74,23,"hipfire::ck_attention::predecode_asym3_k_q8_v_f16(unsigned char const*, unsigned char const*, __half*, __half*, int, int, int)",74,130542303156802,130542303305045,0,0,16,0,128,32,1,1,65536,4,1
"KERNEL_DISPATCH","Agent 2",1,1,1930062,75,24,"void ck_tile::kentry<ck_tile::gfx11_t, 1, ck_tile::FmhaFwdKernel<ck_tile::BlockFmhaPipelineQRKSVS<ck_tile::BlockFmhaPipelineProblem<_Float16, _Float16, _Float16, float, float, _Float16, unsigned char, float, _Float16, float, _Float16, ck_tile::TileFmhaShape<ck_tile::sequence<64, 32, 32, 256, 32, 256>, ck_tile::sequence<4, 1, 1>, ck_tile::sequence<16, 16, 16>, ck_tile::sequence<4, 1, 1>, ck_tile::sequence<16, 16, 16>, true>, false, ck_tile::ComposedAttention<0u, true>, ck_tile::SimplifiedGenericAttentionMask<true>, false, ck_tile::TileFmhaTraits<false, false, false, false, false, (ck_tile::BlockAttentionBiasEnum)0, false, false, false, (ck_tile::BlockAttentionQuantScaleEnum)0, -1, false> >, ck_tile::BlockFmhaPipelineQXKSVSCustomPolicy<true, false, 1, 1> >, ck_tile::DefaultGemm2DEpilogue<ck_tile::DefaultGemm2DEpilogueProblem<_Float16, _Float16, ck_tile::tuple<>, float, _Float16, ck_tile::tuple<>, ck_tile::tensor_layout::gemm::RowMajor, ck_tile::element_wise::PassThrough, 64, 256, false, false, 16, 16, 16, true, true, (ck_tile::memory_operation_enum)0>, void> >, ck_tile::FmhaFwdKernel<ck_tile::BlockFmhaPipelineQRKSVS<ck_tile::BlockFmhaPipelineProblem<_Float16, _Float16, _Float16, float, float, _Float16, unsigned char, float, _Float16, float, _Float16, ck_tile::TileFmhaShape<ck_tile::sequence<64, 32, 32, 256, 32, 256>, ck_tile::sequence<4, 1, 1>, ck_tile::sequence<16, 16, 16>, ck_tile::sequence<4, 1, 1>, ck_tile::sequence<16, 16, 16>, true>, false, ck_tile::ComposedAttention<0u, true>, ck_tile::SimplifiedGenericAttentionMask<true>, false, ck_tile::TileFmhaTraits<false, false, false, false, false, (ck_tile::BlockAttentionBiasEnum)0, false, false, false, (ck_tile::BlockAttentionQuantScaleEnum)0, -1, false> >, ck_tile::BlockFmhaPipelineQXKSVSCustomPolicy<true, false, 1, 1> >, ck_tile::DefaultGemm2DEpilogue<ck_tile::DefaultGemm2DEpilogueProblem<_Float16, _Float16, ck_tile::tuple<>, float, _Float16, ck_tile::tuple<>, ck_tile::tensor_layout::gemm::RowMajor, ck_tile::element_wise::PassThrough, 64, 256, false, false, 16, 16, 16, true, true, (ck_tile::memory_operation_enum)0>, void> >::FmhaFwdBatchModeKargs>(ck_tile::FmhaFwdKernel<ck_tile::BlockFmhaPipelineQRKSVS<ck_tile::BlockFmhaPipelineProblem<_Float16, _Float16, _Float16, float, float, _Float16, unsigned char, float, _Float16, float, _Float16, ck_tile::TileFmhaShape<ck_tile::sequence<64, 32, 32, 256, 32, 256>, ck_tile::sequence<4, 1, 1>, ck_tile::sequence<16, 16, 16>, ck_tile::sequence<4, 1, 1>, ck_tile::sequence<16, 16, 16>, true>, false, ck_tile::ComposedAttention<0u, true>, ck_tile::SimplifiedGenericAttentionMask<true>, false, ck_tile::TileFmhaTraits<false, false, false, false, false, (ck_tile::BlockAttentionBiasEnum)0, false, false, false, (ck_tile::BlockAttentionQuantScaleEnum)0, -1, false> >, ck_tile::BlockFmhaPipelineQXKSVSCustomPolicy<true, false, 1, 1> >, ck_tile::DefaultGemm2DEpilogue<ck_tile::DefaultGemm2DEpilogueProblem<_Float16, _Float16, ck_tile::tuple<>, float, _Float16, ck_tile::tuple<>, ck_tile::tensor_layout::gemm::RowMajor, ck_tile::element_wise::PassThrough, 64, 256, false, false, 16, 16, 16, true, true, (ck_tile::memory_operation_enum)0>, void> >::FmhaFwdBatchModeKargs)",75,130542303313646,130542304306111,32768,356,256,0,128,128,1,1,3072,32,1
"KERNEL_DISPATCH","Agent 2",1,1,1930062,76,22,"(anonymous namespace)::convert_f16_to_f32(__half const*, float*, unsigned long)",76,130542304323272,130542304367833,0,0,8,0,128,256,1,1,6291456,1,1
"KERNEL_DISPATCH","Agent 2",1,1,1930062,77,21,"(anonymous namespace)::rotate_q_givens_f32_to_f16(float const*, __half*, float const*, float const*, int, int)",77,130542304399064,130542304556428,0,0,24,0,128,32,1,1,1572864,1,1
"KERNEL_DISPATCH","Agent 2",1,1,1930062,78,19,"void ck_tile::kentry<ck_tile::gfx11_t, 1, (anonymous namespace)::QuantizedFmhaKernel, (anonymous namespace)::QuantizedFmhaKernel::Kargs>((anonymous namespace)::QuantizedFmhaKernel::Kargs)",78,130542304565548,130542307796552,32768,400,256,0,128,128,1,1,3072,32,1
"KERNEL_DISPATCH","Agent 2",1,1,1930062,79,22,"(anonymous namespace)::convert_f16_to_f32(__half const*, float*, unsigned long)",79,130542307813913,130542307860674,0,0,8,0,128,256,1,1,6291456,1,1
"KERNEL_DISPATCH","Agent 2",1,1,1930062,80,21,"(anonymous namespace)::rotate_q_givens_f32_to_f16(float const*, __half*, float const*, float const*, int, int)",80,130542307892785,130542308034989,0,0,24,0,128,32,1,1,1572864,1,1
"KERNEL_DISPATCH","Agent 2",1,1,1930062,81,19,"void ck_tile::kentry<ck_tile::gfx11_t, 1, (anonymous namespace)::QuantizedFmhaKernel, (anonymous namespace)::QuantizedFmhaKernel::Kargs>((anonymous namespace)::QuantizedFmhaKernel::Kargs)",81,130542308044309,130542311276873,32768,400,256,0,128,128,1,1,3072,32,1
"KERNEL_DISPATCH","Agent 2",1,1,1930062,82,22,"(anonymous namespace)::convert_f16_to_f32(__half const*, float*, unsigned long)",82,130542311294033,130542311339635,0,0,8,0,128,256,1,1,6291456,1,1
"KERNEL_DISPATCH","Agent 2",1,1,1930062,83,21,"(anonymous namespace)::rotate_q_givens_f32_to_f16(float const*, __half*, float const*, float const*, int, int)",83,130542311371505,130542311515349,0,0,24,0,128,32,1,1,1572864,1,1
"KERNEL_DISPATCH","Agent 2",1,1,1930062,84,23,"hipfire::ck_attention::predecode_asym3_k_q8_v_f16(unsigned char const*, unsigned char const*, __half*, __half*, int, int, int)",84,130542311524629,130542311632312,0,0,16,0,128,32,1,1,65536,4,1
"KERNEL_DISPATCH","Agent 2",1,1,1930062,85,24,"void ck_tile::kentry<ck_tile::gfx11_t, 1, ck_tile::FmhaFwdKernel<ck_tile::BlockFmhaPipelineQRKSVS<ck_tile::BlockFmhaPipelineProblem<_Float16, _Float16, _Float16, float, float, _Float16, unsigned char, float, _Float16, float, _Float16, ck_tile::TileFmhaShape<ck_tile::sequence<64, 32, 32, 256, 32, 256>, ck_tile::sequence<4, 1, 1>, ck_tile::sequence<16, 16, 16>, ck_tile::sequence<4, 1, 1>, ck_tile::sequence<16, 16, 16>, true>, false, ck_tile::ComposedAttention<0u, true>, ck_tile::SimplifiedGenericAttentionMask<true>, false, ck_tile::TileFmhaTraits<false, false, false, false, false, (ck_tile::BlockAttentionBiasEnum)0, false, false, false, (ck_tile::BlockAttentionQuantScaleEnum)0, -1, false> >, ck_tile::BlockFmhaPipelineQXKSVSCustomPolicy<true, false, 1, 1> >, ck_tile::DefaultGemm2DEpilogue<ck_tile::DefaultGemm2DEpilogueProblem<_Float16, _Float16, ck_tile::tuple<>, float, _Float16, ck_tile::tuple<>, ck_tile::tensor_layout::gemm::RowMajor, ck_tile::element_wise::PassThrough, 64, 256, false, false, 16, 16, 16, true, true, (ck_tile::memory_operation_enum)0>, void> >, ck_tile::FmhaFwdKernel<ck_tile::BlockFmhaPipelineQRKSVS<ck_tile::BlockFmhaPipelineProblem<_Float16, _Float16, _Float16, float, float, _Float16, unsigned char, float, _Float16, float, _Float16, ck_tile::TileFmhaShape<ck_tile::sequence<64, 32, 32, 256, 32, 256>, ck_tile::sequence<4, 1, 1>, ck_tile::sequence<16, 16, 16>, ck_tile::sequence<4, 1, 1>, ck_tile::sequence<16, 16, 16>, true>, false, ck_tile::ComposedAttention<0u, true>, ck_tile::SimplifiedGenericAttentionMask<true>, false, ck_tile::TileFmhaTraits<false, false, false, false, false, (ck_tile::BlockAttentionBiasEnum)0, false, false, false, (ck_tile::BlockAttentionQuantScaleEnum)0, -1, false> >, ck_tile::BlockFmhaPipelineQXKSVSCustomPolicy<true, false, 1, 1> >, ck_tile::DefaultGemm2DEpilogue<ck_tile::DefaultGemm2DEpilogueProblem<_Float16, _Float16, ck_tile::tuple<>, float, _Float16, ck_tile::tuple<>, ck_tile::tensor_layout::gemm::RowMajor, ck_tile::element_wise::PassThrough, 64, 256, false, false, 16, 16, 16, true, true, (ck_tile::memory_operation_enum)0>, void> >::FmhaFwdBatchModeKargs>(ck_tile::FmhaFwdKernel<ck_tile::BlockFmhaPipelineQRKSVS<ck_tile::BlockFmhaPipelineProblem<_Float16, _Float16, _Float16, float, float, _Float16, unsigned char, float, _Float16, float, _Float16, ck_tile::TileFmhaShape<ck_tile::sequence<64, 32, 32, 256, 32, 256>, ck_tile::sequence<4, 1, 1>, ck_tile::sequence<16, 16, 16>, ck_tile::sequence<4, 1, 1>, ck_tile::sequence<16, 16, 16>, true>, false, ck_tile::ComposedAttention<0u, true>, ck_tile::SimplifiedGenericAttentionMask<true>, false, ck_tile::TileFmhaTraits<false, false, false, false, false, (ck_tile::BlockAttentionBiasEnum)0, false, false, false, (ck_tile::BlockAttentionQuantScaleEnum)0, -1, false> >, ck_tile::BlockFmhaPipelineQXKSVSCustomPolicy<true, false, 1, 1> >, ck_tile::DefaultGemm2DEpilogue<ck_tile::DefaultGemm2DEpilogueProblem<_Float16, _Float16, ck_tile::tuple<>, float, _Float16, ck_tile::tuple<>, ck_tile::tensor_layout::gemm::RowMajor, ck_tile::element_wise::PassThrough, 64, 256, false, false, 16, 16, 16, true, true, (ck_tile::memory_operation_enum)0>, void> >::FmhaFwdBatchModeKargs)",85,130542311641152,130542312625018,32768,356,256,0,128,128,1,1,3072,32,1
"KERNEL_DISPATCH","Agent 2",1,1,1930062,86,22,"(anonymous namespace)::convert_f16_to_f32(__half const*, float*, unsigned long)",86,130542312642259,130542312687260,0,0,8,0,128,256,1,1,6291456,1,1
"KERNEL_DISPATCH","Agent 2",1,1,1930062,87,21,"(anonymous namespace)::rotate_q_givens_f32_to_f16(float const*, __half*, float const*, float const*, int, int)",87,130542312732151,130542312867234,0,0,24,0,128,32,1,1,1572864,1,1
"KERNEL_DISPATCH","Agent 2",1,1,1930062,88,19,"void ck_tile::kentry<ck_tile::gfx11_t, 1, (anonymous namespace)::QuantizedFmhaKernel, (anonymous namespace)::QuantizedFmhaKernel::Kargs>((anonymous namespace)::QuantizedFmhaKernel::Kargs)",88,130542312876235,130542316095679,32768,400,256,0,128,128,1,1,3072,32,1
"KERNEL_DISPATCH","Agent 2",1,1,1930062,89,22,"(anonymous namespace)::convert_f16_to_f32(__half const*, float*, unsigned long)",89,130542316112799,130542316159640,0,0,8,0,128,256,1,1,6291456,1,1
"KERNEL_DISPATCH","Agent 2",1,1,1930062,90,21,"(anonymous namespace)::rotate_q_givens_f32_to_f16(float const*, __half*, float const*, float const*, int, int)",90,130542316163520,130542316308564,0,0,24,0,128,32,1,1,1572864,1,1
"KERNEL_DISPATCH","Agent 2",1,1,1930062,91,23,"hipfire::ck_attention::predecode_asym3_k_q8_v_f16(unsigned char const*, unsigned char const*, __half*, __half*, int, int, int)",91,130542316317004,130542316435847,0,0,16,0,128,32,1,1,65536,4,1
"KERNEL_DISPATCH","Agent 2",1,1,1930062,92,24,"void ck_tile::kentry<ck_tile::gfx11_t, 1, ck_tile::FmhaFwdKernel<ck_tile::BlockFmhaPipelineQRKSVS<ck_tile::BlockFmhaPipelineProblem<_Float16, _Float16, _Float16, float, float, _Float16, unsigned char, float, _Float16, float, _Float16, ck_tile::TileFmhaShape<ck_tile::sequence<64, 32, 32, 256, 32, 256>, ck_tile::sequence<4, 1, 1>, ck_tile::sequence<16, 16, 16>, ck_tile::sequence<4, 1, 1>, ck_tile::sequence<16, 16, 16>, true>, false, ck_tile::ComposedAttention<0u, true>, ck_tile::SimplifiedGenericAttentionMask<true>, false, ck_tile::TileFmhaTraits<false, false, false, false, false, (ck_tile::BlockAttentionBiasEnum)0, false, false, false, (ck_tile::BlockAttentionQuantScaleEnum)0, -1, false> >, ck_tile::BlockFmhaPipelineQXKSVSCustomPolicy<true, false, 1, 1> >, ck_tile::DefaultGemm2DEpilogue<ck_tile::DefaultGemm2DEpilogueProblem<_Float16, _Float16, ck_tile::tuple<>, float, _Float16, ck_tile::tuple<>, ck_tile::tensor_layout::gemm::RowMajor, ck_tile::element_wise::PassThrough, 64, 256, false, false, 16, 16, 16, true, true, (ck_tile::memory_operation_enum)0>, void> >, ck_tile::FmhaFwdKernel<ck_tile::BlockFmhaPipelineQRKSVS<ck_tile::BlockFmhaPipelineProblem<_Float16, _Float16, _Float16, float, float, _Float16, unsigned char, float, _Float16, float, _Float16, ck_tile::TileFmhaShape<ck_tile::sequence<64, 32, 32, 256, 32, 256>, ck_tile::sequence<4, 1, 1>, ck_tile::sequence<16, 16, 16>, ck_tile::sequence<4, 1, 1>, ck_tile::sequence<16, 16, 16>, true>, false, ck_tile::ComposedAttention<0u, true>, ck_tile::SimplifiedGenericAttentionMask<true>, false, ck_tile::TileFmhaTraits<false, false, false, false, false, (ck_tile::BlockAttentionBiasEnum)0, false, false, false, (ck_tile::BlockAttentionQuantScaleEnum)0, -1, false> >, ck_tile::BlockFmhaPipelineQXKSVSCustomPolicy<true, false, 1, 1> >, ck_tile::DefaultGemm2DEpilogue<ck_tile::DefaultGemm2DEpilogueProblem<_Float16, _Float16, ck_tile::tuple<>, float, _Float16, ck_tile::tuple<>, ck_tile::tensor_layout::gemm::RowMajor, ck_tile::element_wise::PassThrough, 64, 256, false, false, 16, 16, 16, true, true, (ck_tile::memory_operation_enum)0>, void> >::FmhaFwdBatchModeKargs>(ck_tile::FmhaFwdKernel<ck_tile::BlockFmhaPipelineQRKSVS<ck_tile::BlockFmhaPipelineProblem<_Float16, _Float16, _Float16, float, float, _Float16, unsigned char, float, _Float16, float, _Float16, ck_tile::TileFmhaShape<ck_tile::sequence<64, 32, 32, 256, 32, 256>, ck_tile::sequence<4, 1, 1>, ck_tile::sequence<16, 16, 16>, ck_tile::sequence<4, 1, 1>, ck_tile::sequence<16, 16, 16>, true>, false, ck_tile::ComposedAttention<0u, true>, ck_tile::SimplifiedGenericAttentionMask<true>, false, ck_tile::TileFmhaTraits<false, false, false, false, false, (ck_tile::BlockAttentionBiasEnum)0, false, false, false, (ck_tile::BlockAttentionQuantScaleEnum)0, -1, false> >, ck_tile::BlockFmhaPipelineQXKSVSCustomPolicy<true, false, 1, 1> >, ck_tile::DefaultGemm2DEpilogue<ck_tile::DefaultGemm2DEpilogueProblem<_Float16, _Float16, ck_tile::tuple<>, float, _Float16, ck_tile::tuple<>, ck_tile::tensor_layout::gemm::RowMajor, ck_tile::element_wise::PassThrough, 64, 256, false, false, 16, 16, 16, true, true, (ck_tile::memory_operation_enum)0>, void> >::FmhaFwdBatchModeKargs)",92,130542316444328,130542317422473,32768,356,256,0,128,128,1,1,3072,32,1
"KERNEL_DISPATCH","Agent 2",1,1,1930062,93,22,"(anonymous namespace)::convert_f16_to_f32(__half const*, float*, unsigned long)",93,130542317439554,130542317486195,0,0,8,0,128,256,1,1,6291456,1,1
"KERNEL_DISPATCH","Agent 2",2,2,1930062,95,15,"__amd_rocclr_copyBuffer",95,130542471643999,130542471646719,0,0,16,0,128,512,1,1,512,1,1
"KERNEL_DISPATCH","Agent 2",2,2,1930062,94,15,"__amd_rocclr_copyBuffer",94,130542471628479,130542471637479,0,0,16,0,128,512,1,1,512,1,1
"KERNEL_DISPATCH","Agent 2",2,2,1930062,96,21,"(anonymous namespace)::rotate_q_givens_f32_to_f16(float const*, __half*, float const*, float const*, int, int)",96,130542471692090,130542471723610,0,0,24,0,128,32,1,1,1572864,1,1
"KERNEL_DISPATCH","Agent 2",2,2,1930062,97,19,"void ck_tile::kentry<ck_tile::gfx11_t, 1, (anonymous namespace)::QuantizedFmhaKernel, (anonymous namespace)::QuantizedFmhaKernel::Kargs>((anonymous namespace)::QuantizedFmhaKernel::Kargs)",97,130542472002217,130542480610318,32768,400,256,0,128,128,1,1,3072,32,1
"KERNEL_DISPATCH","Agent 2",2,2,1930062,98,22,"(anonymous namespace)::convert_f16_to_f32(__half const*, float*, unsigned long)",98,130542480629559,130542480679360,0,0,8,0,128,256,1,1,6291456,1,1
"KERNEL_DISPATCH","Agent 2",2,2,1930062,99,21,"(anonymous namespace)::rotate_q_givens_f32_to_f16(float const*, __half*, float const*, float const*, int, int)",99,130542480683000,130542480839764,0,0,24,0,128,32,1,1,1572864,1,1
"KERNEL_DISPATCH","Agent 2",2,2,1930062,100,23,"hipfire::ck_attention::predecode_asym3_k_q8_v_f16(unsigned char const*, unsigned char const*, __half*, __half*, int, int, int)",100,130542480844164,130542481120892,0,0,16,0,128,32,1,1,131072,4,1
"KERNEL_DISPATCH","Agent 2",2,2,1930062,126,22,"(anonymous namespace)::convert_f16_to_f32(__half const*, float*, unsigned long)",126,130542531792592,130542531839593,0,0,8,0,128,256,1,1,6291456,1,1
"KERNEL_DISPATCH","Agent 2",2,2,1930062,121,23,"hipfire::ck_attention::predecode_asym3_k_q8_v_f16(unsigned char const*, unsigned char const*, __half*, __half*, int, int, int)",121,130542518970263,130542519228870,0,0,16,0,128,32,1,1,131072,4,1
"KERNEL_DISPATCH","Agent 2",2,2,1930062,116,22,"(anonymous namespace)::convert_f16_to_f32(__half const*, float*, unsigned long)",116,130542509182892,130542509228493,0,0,8,0,128,256,1,1,6291456,1,1
"KERNEL_DISPATCH","Agent 2",2,2,1930062,111,19,"void ck_tile::kentry<ck_tile::gfx11_t, 1, (anonymous namespace)::QuantizedFmhaKernel, (anonymous namespace)::QuantizedFmhaKernel::Kargs>((anonymous namespace)::QuantizedFmhaKernel::Kargs)",111,130542496537367,130542505954729,32768,400,256,0,128,128,1,1,3072,32,1
"KERNEL_DISPATCH","Agent 2",2,2,1930062,106,21,"(anonymous namespace)::rotate_q_givens_f32_to_f16(float const*, __half*, float const*, float const*, int, int)",106,130542493318565,130542493464768,0,0,24,0,128,32,1,1,1572864,1,1
"KERNEL_DISPATCH","Agent 2",2,2,1930062,101,24,"void ck_tile::kentry<ck_tile::gfx11_t, 1, ck_tile::FmhaFwdKernel<ck_tile::BlockFmhaPipelineQRKSVS<ck_tile::BlockFmhaPipelineProblem<_Float16, _Float16, _Float16, float, float, _Float16, unsigned char, float, _Float16, float, _Float16, ck_tile::TileFmhaShape<ck_tile::sequence<64, 32, 32, 256, 32, 256>, ck_tile::sequence<4, 1, 1>, ck_tile::sequence<16, 16, 16>, ck_tile::sequence<4, 1, 1>, ck_tile::sequence<16, 16, 16>, true>, false, ck_tile::ComposedAttention<0u, true>, ck_tile::SimplifiedGenericAttentionMask<true>, false, ck_tile::TileFmhaTraits<false, false, false, false, false, (ck_tile::BlockAttentionBiasEnum)0, false, false, false, (ck_tile::BlockAttentionQuantScaleEnum)0, -1, false> >, ck_tile::BlockFmhaPipelineQXKSVSCustomPolicy<true, false, 1, 1> >, ck_tile::DefaultGemm2DEpilogue<ck_tile::DefaultGemm2DEpilogueProblem<_Float16, _Float16, ck_tile::tuple<>, float, _Float16, ck_tile::tuple<>, ck_tile::tensor_layout::gemm::RowMajor, ck_tile::element_wise::PassThrough, 64, 256, false, false, 16, 16, 16, true, true, (ck_tile::memory_operation_enum)0>, void> >, ck_tile::FmhaFwdKernel<ck_tile::BlockFmhaPipelineQRKSVS<ck_tile::BlockFmhaPipelineProblem<_Float16, _Float16, _Float16, float, float, _Float16, unsigned char, float, _Float16, float, _Float16, ck_tile::TileFmhaShape<ck_tile::sequence<64, 32, 32, 256, 32, 256>, ck_tile::sequence<4, 1, 1>, ck_tile::sequence<16, 16, 16>, ck_tile::sequence<4, 1, 1>, ck_tile::sequence<16, 16, 16>, true>, false, ck_tile::ComposedAttention<0u, true>, ck_tile::SimplifiedGenericAttentionMask<true>, false, ck_tile::TileFmhaTraits<false, false, false, false, false, (ck_tile::BlockAttentionBiasEnum)0, false, false, false, (ck_tile::BlockAttentionQuantScaleEnum)0, -1, false> >, ck_tile::BlockFmhaPipelineQXKSVSCustomPolicy<true, false, 1, 1> >, ck_tile::DefaultGemm2DEpilogue<ck_tile::DefaultGemm2DEpilogueProblem<_Float16, _Float16, ck_tile::tuple<>, float, _Float16, ck_tile::tuple<>, ck_tile::tensor_layout::gemm::RowMajor, ck_tile::element_wise::PassThrough, 64, 256, false, false, 16, 16, 16, true, true, (ck_tile::memory_operation_enum)0>, void> >::FmhaFwdBatchModeKargs>(ck_tile::FmhaFwdKernel<ck_tile::BlockFmhaPipelineQRKSVS<ck_tile::BlockFmhaPipelineProblem<_Float16, _Float16, _Float16, float, float, _Float16, unsigned char, float, _Float16, float, _Float16, ck_tile::TileFmhaShape<ck_tile::sequence<64, 32, 32, 256, 32, 256>, ck_tile::sequence<4, 1, 1>, ck_tile::sequence<16, 16, 16>, ck_tile::sequence<4, 1, 1>, ck_tile::sequence<16, 16, 16>, true>, false, ck_tile::ComposedAttention<0u, true>, ck_tile::SimplifiedGenericAttentionMask<true>, false, ck_tile::TileFmhaTraits<false, false, false, false, false, (ck_tile::BlockAttentionBiasEnum)0, false, false, false, (ck_tile::BlockAttentionQuantScaleEnum)0, -1, false> >, ck_tile::BlockFmhaPipelineQXKSVSCustomPolicy<true, false, 1, 1> >, ck_tile::DefaultGemm2DEpilogue<ck_tile::DefaultGemm2DEpilogueProblem<_Float16, _Float16, ck_tile::tuple<>, float, _Float16, ck_tile::tuple<>, ck_tile::tensor_layout::gemm::RowMajor, ck_tile::element_wise::PassThrough, 64, 256, false, false, 16, 16, 16, true, true, (ck_tile::memory_operation_enum)0>, void> >::FmhaFwdBatchModeKargs)",101,130542481126332,130542483584155,32768,356,256,0,128,128,1,1,3072,32,1
"KERNEL_DISPATCH","Agent 2",2,2,1930062,102,22,"(anonymous namespace)::convert_f16_to_f32(__half const*, float*, unsigned long)",102,130542483600955,130542483646676,0,0,8,0,128,256,1,1,6291456,1,1
"KERNEL_DISPATCH","Agent 2",2,2,1930062,107,23,"hipfire::ck_attention::predecode_asym3_k_q8_v_f16(unsigned char const*, unsigned char const*, __half*, __half*, int, int, int)",107,130542493472969,130542493720975,0,0,16,0,128,32,1,1,131072,4,1
"KERNEL_DISPATCH","Agent 2",2,2,1930062,112,22,"(anonymous namespace)::convert_f16_to_f32(__half const*, float*, unsigned long)",112,130542505972049,130542506018771,0,0,8,0,128,256,1,1,6291456,1,1
"KERNEL_DISPATCH","Agent 2",2,2,1930062,117,21,"(anonymous namespace)::rotate_q_givens_f32_to_f16(float const*, __half*, float const*, float const*, int, int)",117,130542509232173,130542509385097,0,0,24,0,128,32,1,1,1572864,1,1
"KERNEL_DISPATCH","Agent 2",2,2,1930062,122,24,"void ck_tile::kentry<ck_tile::gfx11_t, 1, ck_tile::FmhaFwdKernel<ck_tile::BlockFmhaPipelineQRKSVS<ck_tile::BlockFmhaPipelineProblem<_Float16, _Float16, _Float16, float, float, _Float16, unsigned char, float, _Float16, float, _Float16, ck_tile::TileFmhaShape<ck_tile::sequence<64, 32, 32, 256, 32, 256>, ck_tile::sequence<4, 1, 1>, ck_tile::sequence<16, 16, 16>, ck_tile::sequence<4, 1, 1>, ck_tile::sequence<16, 16, 16>, true>, false, ck_tile::ComposedAttention<0u, true>, ck_tile::SimplifiedGenericAttentionMask<true>, false, ck_tile::TileFmhaTraits<false, false, false, false, false, (ck_tile::BlockAttentionBiasEnum)0, false, false, false, (ck_tile::BlockAttentionQuantScaleEnum)0, -1, false> >, ck_tile::BlockFmhaPipelineQXKSVSCustomPolicy<true, false, 1, 1> >, ck_tile::DefaultGemm2DEpilogue<ck_tile::DefaultGemm2DEpilogueProblem<_Float16, _Float16, ck_tile::tuple<>, float, _Float16, ck_tile::tuple<>, ck_tile::tensor_layout::gemm::RowMajor, ck_tile::element_wise::PassThrough, 64, 256, false, false, 16, 16, 16, true, true, (ck_tile::memory_operation_enum)0>, void> >, ck_tile::FmhaFwdKernel<ck_tile::BlockFmhaPipelineQRKSVS<ck_tile::BlockFmhaPipelineProblem<_Float16, _Float16, _Float16, float, float, _Float16, unsigned char, float, _Float16, float, _Float16, ck_tile::TileFmhaShape<ck_tile::sequence<64, 32, 32, 256, 32, 256>, ck_tile::sequence<4, 1, 1>, ck_tile::sequence<16, 16, 16>, ck_tile::sequence<4, 1, 1>, ck_tile::sequence<16, 16, 16>, true>, false, ck_tile::ComposedAttention<0u, true>, ck_tile::SimplifiedGenericAttentionMask<true>, false, ck_tile::TileFmhaTraits<false, false, false, false, false, (ck_tile::BlockAttentionBiasEnum)0, false, false, false, (ck_tile::BlockAttentionQuantScaleEnum)0, -1, false> >, ck_tile::BlockFmhaPipelineQXKSVSCustomPolicy<true, false, 1, 1> >, ck_tile::DefaultGemm2DEpilogue<ck_tile::DefaultGemm2DEpilogueProblem<_Float16, _Float16, ck_tile::tuple<>, float, _Float16, ck_tile::tuple<>, ck_tile::tensor_layout::gemm::RowMajor, ck_tile::element_wise::PassThrough, 64, 256, false, false, 16, 16, 16, true, true, (ck_tile::memory_operation_enum)0>, void> >::FmhaFwdBatchModeKargs>(ck_tile::FmhaFwdKernel<ck_tile::BlockFmhaPipelineQRKSVS<ck_tile::BlockFmhaPipelineProblem<_Float16, _Float16, _Float16, float, float, _Float16, unsigned char, float, _Float16, float, _Float16, ck_tile::TileFmhaShape<ck_tile::sequence<64, 32, 32, 256, 32, 256>, ck_tile::sequence<4, 1, 1>, ck_tile::sequence<16, 16, 16>, ck_tile::sequence<4, 1, 1>, ck_tile::sequence<16, 16, 16>, true>, false, ck_tile::ComposedAttention<0u, true>, ck_tile::SimplifiedGenericAttentionMask<true>, false, ck_tile::TileFmhaTraits<false, false, false, false, false, (ck_tile::BlockAttentionBiasEnum)0, false, false, false, (ck_tile::BlockAttentionQuantScaleEnum)0, -1, false> >, ck_tile::BlockFmhaPipelineQXKSVSCustomPolicy<true, false, 1, 1> >, ck_tile::DefaultGemm2DEpilogue<ck_tile::DefaultGemm2DEpilogueProblem<_Float16, _Float16, ck_tile::tuple<>, float, _Float16, ck_tile::tuple<>, ck_tile::tensor_layout::gemm::RowMajor, ck_tile::element_wise::PassThrough, 64, 256, false, false, 16, 16, 16, true, true, (ck_tile::memory_operation_enum)0>, void> >::FmhaFwdBatchModeKargs)",122,130542519233310,130542521880138,32768,356,256,0,128,128,1,1,3072,32,1
"KERNEL_DISPATCH","Agent 2",2,2,1930062,103,21,"(anonymous namespace)::rotate_q_givens_f32_to_f16(float const*, __half*, float const*, float const*, int, int)",103,130542483650236,130542483789160,0,0,24,0,128,32,1,1,1572864,1,1
"KERNEL_DISPATCH","Agent 2",2,2,1930062,108,24,"void ck_tile::kentry<ck_tile::gfx11_t, 1, ck_tile::FmhaFwdKernel<ck_tile::BlockFmhaPipelineQRKSVS<ck_tile::BlockFmhaPipelineProblem<_Float16, _Float16, _Float16, float, float, _Float16, unsigned char, float, _Float16, float, _Float16, ck_tile::TileFmhaShape<ck_tile::sequence<64, 32, 32, 256, 32, 256>, ck_tile::sequence<4, 1, 1>, ck_tile::sequence<16, 16, 16>, ck_tile::sequence<4, 1, 1>, ck_tile::sequence<16, 16, 16>, true>, false, ck_tile::ComposedAttention<0u, true>, ck_tile::SimplifiedGenericAttentionMask<true>, false, ck_tile::TileFmhaTraits<false, false, false, false, false, (ck_tile::BlockAttentionBiasEnum)0, false, false, false, (ck_tile::BlockAttentionQuantScaleEnum)0, -1, false> >, ck_tile::BlockFmhaPipelineQXKSVSCustomPolicy<true, false, 1, 1> >, ck_tile::DefaultGemm2DEpilogue<ck_tile::DefaultGemm2DEpilogueProblem<_Float16, _Float16, ck_tile::tuple<>, float, _Float16, ck_tile::tuple<>, ck_tile::tensor_layout::gemm::RowMajor, ck_tile::element_wise::PassThrough, 64, 256, false, false, 16, 16, 16, true, true, (ck_tile::memory_operation_enum)0>, void> >, ck_tile::FmhaFwdKernel<ck_tile::BlockFmhaPipelineQRKSVS<ck_tile::BlockFmhaPipelineProblem<_Float16, _Float16, _Float16, float, float, _Float16, unsigned char, float, _Float16, float, _Float16, ck_tile::TileFmhaShape<ck_tile::sequence<64, 32, 32, 256, 32, 256>, ck_tile::sequence<4, 1, 1>, ck_tile::sequence<16, 16, 16>, ck_tile::sequence<4, 1, 1>, ck_tile::sequence<16, 16, 16>, true>, false, ck_tile::ComposedAttention<0u, true>, ck_tile::SimplifiedGenericAttentionMask<true>, false, ck_tile::TileFmhaTraits<false, false, false, false, false, (ck_tile::BlockAttentionBiasEnum)0, false, false, false, (ck_tile::BlockAttentionQuantScaleEnum)0, -1, false> >, ck_tile::BlockFmhaPipelineQXKSVSCustomPolicy<true, false, 1, 1> >, ck_tile::DefaultGemm2DEpilogue<ck_tile::DefaultGemm2DEpilogueProblem<_Float16, _Float16, ck_tile::tuple<>, float, _Float16, ck_tile::tuple<>, ck_tile::tensor_layout::gemm::RowMajor, ck_tile::element_wise::PassThrough, 64, 256, false, false, 16, 16, 16, true, true, (ck_tile::memory_operation_enum)0>, void> >::FmhaFwdBatchModeKargs>(ck_tile::FmhaFwdKernel<ck_tile::BlockFmhaPipelineQRKSVS<ck_tile::BlockFmhaPipelineProblem<_Float16, _Float16, _Float16, float, float, _Float16, unsigned char, float, _Float16, float, _Float16, ck_tile::TileFmhaShape<ck_tile::sequence<64, 32, 32, 256, 32, 256>, ck_tile::sequence<4, 1, 1>, ck_tile::sequence<16, 16, 16>, ck_tile::sequence<4, 1, 1>, ck_tile::sequence<16, 16, 16>, true>, false, ck_tile::ComposedAttention<0u, true>, ck_tile::SimplifiedGenericAttentionMask<true>, false, ck_tile::TileFmhaTraits<false, false, false, false, false, (ck_tile::BlockAttentionBiasEnum)0, false, false, false, (ck_tile::BlockAttentionQuantScaleEnum)0, -1, false> >, ck_tile::BlockFmhaPipelineQXKSVSCustomPolicy<true, false, 1, 1> >, ck_tile::DefaultGemm2DEpilogue<ck_tile::DefaultGemm2DEpilogueProblem<_Float16, _Float16, ck_tile::tuple<>, float, _Float16, ck_tile::tuple<>, ck_tile::tensor_layout::gemm::RowMajor, ck_tile::element_wise::PassThrough, 64, 256, false, false, 16, 16, 16, true, true, (ck_tile::memory_operation_enum)0>, void> >::FmhaFwdBatchModeKargs)",108,130542493725175,130542496323002,32768,356,256,0,128,128,1,1,3072,32,1
"KERNEL_DISPATCH","Agent 2",2,2,1930062,113,21,"(anonymous namespace)::rotate_q_givens_f32_to_f16(float const*, __half*, float const*, float const*, int, int)",113,130542506022611,130542506168855,0,0,24,0,128,32,1,1,1572864,1,1
"KERNEL_DISPATCH","Agent 2",2,2,1930062,118,19,"void ck_tile::kentry<ck_tile::gfx11_t, 1, (anonymous namespace)::QuantizedFmhaKernel, (anonymous namespace)::QuantizedFmhaKernel::Kargs>((anonymous namespace)::QuantizedFmhaKernel::Kargs)",118,130542509389537,130542518747497,32768,400,256,0,128,128,1,1,3072,32,1
"KERNEL_DISPATCH","Agent 2",2,2,1930062,123,22,"(anonymous namespace)::convert_f16_to_f32(__half const*, float*, unsigned long)",123,130542521897058,130542521942619,0,0,8,0,128,256,1,1,6291456,1,1
"KERNEL_DISPATCH","Agent 2",2,2,1930062,104,19,"void ck_tile::kentry<ck_tile::gfx11_t, 1, (anonymous namespace)::QuantizedFmhaKernel, (anonymous namespace)::QuantizedFmhaKernel::Kargs>((anonymous namespace)::QuantizedFmhaKernel::Kargs)",104,130542483797240,130542493250523,32768,400,256,0,128,128,1,1,3072,32,1
"KERNEL_DISPATCH","Agent 2",2,2,1930062,109,22,"(anonymous namespace)::convert_f16_to_f32(__half const*, float*, unsigned long)",109,130542496339762,130542496385123,0,0,8,0,128,256,1,1,6291456,1,1
"KERNEL_DISPATCH","Agent 2",2,2,1930062,114,23,"hipfire::ck_attention::predecode_asym3_k_q8_v_f16(unsigned char const*, unsigned char const*, __half*, __half*, int, int, int)",114,130542506177255,130542506460542,0,0,16,0,128,32,1,1,131072,4,1
"KERNEL_DISPATCH","Agent 2",2,2,1930062,119,22,"(anonymous namespace)::convert_f16_to_f32(__half const*, float*, unsigned long)",119,130542518764858,130542518812539,0,0,8,0,128,256,1,1,6291456,1,1
"KERNEL_DISPATCH","Agent 2",2,2,1930062,124,21,"(anonymous namespace)::rotate_q_givens_f32_to_f16(float const*, __half*, float const*, float const*, int, int)",124,130542521946340,130542522087343,0,0,24,0,128,32,1,1,1572864,1,1
"KERNEL_DISPATCH","Agent 2",2,2,1930062,105,22,"(anonymous namespace)::convert_f16_to_f32(__half const*, float*, unsigned long)",105,130542493267403,130542493314925,0,0,8,0,128,256,1,1,6291456,1,1
"KERNEL_DISPATCH","Agent 2",2,2,1930062,110,21,"(anonymous namespace)::rotate_q_givens_f32_to_f16(float const*, __half*, float const*, float const*, int, int)",110,130542496389003,130542496529207,0,0,24,0,128,32,1,1,1572864,1,1
"KERNEL_DISPATCH","Agent 2",2,2,1930062,115,24,"void ck_tile::kentry<ck_tile::gfx11_t, 1, ck_tile::FmhaFwdKernel<ck_tile::BlockFmhaPipelineQRKSVS<ck_tile::BlockFmhaPipelineProblem<_Float16, _Float16, _Float16, float, float, _Float16, unsigned char, float, _Float16, float, _Float16, ck_tile::TileFmhaShape<ck_tile::sequence<64, 32, 32, 256, 32, 256>, ck_tile::sequence<4, 1, 1>, ck_tile::sequence<16, 16, 16>, ck_tile::sequence<4, 1, 1>, ck_tile::sequence<16, 16, 16>, true>, false, ck_tile::ComposedAttention<0u, true>, ck_tile::SimplifiedGenericAttentionMask<true>, false, ck_tile::TileFmhaTraits<false, false, false, false, false, (ck_tile::BlockAttentionBiasEnum)0, false, false, false, (ck_tile::BlockAttentionQuantScaleEnum)0, -1, false> >, ck_tile::BlockFmhaPipelineQXKSVSCustomPolicy<true, false, 1, 1> >, ck_tile::DefaultGemm2DEpilogue<ck_tile::DefaultGemm2DEpilogueProblem<_Float16, _Float16, ck_tile::tuple<>, float, _Float16, ck_tile::tuple<>, ck_tile::tensor_layout::gemm::RowMajor, ck_tile::element_wise::PassThrough, 64, 256, false, false, 16, 16, 16, true, true, (ck_tile::memory_operation_enum)0>, void> >, ck_tile::FmhaFwdKernel<ck_tile::BlockFmhaPipelineQRKSVS<ck_tile::BlockFmhaPipelineProblem<_Float16, _Float16, _Float16, float, float, _Float16, unsigned char, float, _Float16, float, _Float16, ck_tile::TileFmhaShape<ck_tile::sequence<64, 32, 32, 256, 32, 256>, ck_tile::sequence<4, 1, 1>, ck_tile::sequence<16, 16, 16>, ck_tile::sequence<4, 1, 1>, ck_tile::sequence<16, 16, 16>, true>, false, ck_tile::ComposedAttention<0u, true>, ck_tile::SimplifiedGenericAttentionMask<true>, false, ck_tile::TileFmhaTraits<false, false, false, false, false, (ck_tile::BlockAttentionBiasEnum)0, false, false, false, (ck_tile::BlockAttentionQuantScaleEnum)0, -1, false> >, ck_tile::BlockFmhaPipelineQXKSVSCustomPolicy<true, false, 1, 1> >, ck_tile::DefaultGemm2DEpilogue<ck_tile::DefaultGemm2DEpilogueProblem<_Float16, _Float16, ck_tile::tuple<>, float, _Float16, ck_tile::tuple<>, ck_tile::tensor_layout::gemm::RowMajor, ck_tile::element_wise::PassThrough, 64, 256, false, false, 16, 16, 16, true, true, (ck_tile::memory_operation_enum)0>, void> >::FmhaFwdBatchModeKargs>(ck_tile::FmhaFwdKernel<ck_tile::BlockFmhaPipelineQRKSVS<ck_tile::BlockFmhaPipelineProblem<_Float16, _Float16, _Float16, float, float, _Float16, unsigned char, float, _Float16, float, _Float16, ck_tile::TileFmhaShape<ck_tile::sequence<64, 32, 32, 256, 32, 256>, ck_tile::sequence<4, 1, 1>, ck_tile::sequence<16, 16, 16>, ck_tile::sequence<4, 1, 1>, ck_tile::sequence<16, 16, 16>, true>, false, ck_tile::ComposedAttention<0u, true>, ck_tile::SimplifiedGenericAttentionMask<true>, false, ck_tile::TileFmhaTraits<false, false, false, false, false, (ck_tile::BlockAttentionBiasEnum)0, false, false, false, (ck_tile::BlockAttentionQuantScaleEnum)0, -1, false> >, ck_tile::BlockFmhaPipelineQXKSVSCustomPolicy<true, false, 1, 1> >, ck_tile::DefaultGemm2DEpilogue<ck_tile::DefaultGemm2DEpilogueProblem<_Float16, _Float16, ck_tile::tuple<>, float, _Float16, ck_tile::tuple<>, ck_tile::tensor_layout::gemm::RowMajor, ck_tile::element_wise::PassThrough, 64, 256, false, false, 16, 16, 16, true, true, (ck_tile::memory_operation_enum)0>, void> >::FmhaFwdBatchModeKargs)",115,130542506469222,130542509165691,32768,356,256,0,128,128,1,1,3072,32,1
"KERNEL_DISPATCH","Agent 2",2,2,1930062,120,21,"(anonymous namespace)::rotate_q_givens_f32_to_f16(float const*, __half*, float const*, float const*, int, int)",120,130542518816379,130542518961863,0,0,24,0,128,32,1,1,1572864,1,1
"KERNEL_DISPATCH","Agent 2",2,2,1930062,125,19,"void ck_tile::kentry<ck_tile::gfx11_t, 1, (anonymous namespace)::QuantizedFmhaKernel, (anonymous namespace)::QuantizedFmhaKernel::Kargs>((anonymous namespace)::QuantizedFmhaKernel::Kargs)",125,130542522095823,130542531775232,32768,400,256,0,128,128,1,1,3072,32,1
"KERNEL_DISPATCH","Agent 2",2,2,1930062,127,21,"(anonymous namespace)::rotate_q_givens_f32_to_f16(float const*, __half*, float const*, float const*, int, int)",127,130542531843674,130542532002638,0,0,24,0,128,32,1,1,1572864,1,1
"KERNEL_DISPATCH","Agent 2",2,2,1930062,128,23,"hipfire::ck_attention::predecode_asym3_k_q8_v_f16(unsigned char const*, unsigned char const*, __half*, __half*, int, int, int)",128,130542532007398,130542532277605,0,0,16,0,128,32,1,1,131072,4,1
"KERNEL_DISPATCH","Agent 2",2,2,1930062,129,24,"void ck_tile::kentry<ck_tile::gfx11_t, 1, ck_tile::FmhaFwdKernel<ck_tile::BlockFmhaPipelineQRKSVS<ck_tile::BlockFmhaPipelineProblem<_Float16, _Float16, _Float16, float, float, _Float16, unsigned char, float, _Float16, float, _Float16, ck_tile::TileFmhaShape<ck_tile::sequence<64, 32, 32, 256, 32, 256>, ck_tile::sequence<4, 1, 1>, ck_tile::sequence<16, 16, 16>, ck_tile::sequence<4, 1, 1>, ck_tile::sequence<16, 16, 16>, true>, false, ck_tile::ComposedAttention<0u, true>, ck_tile::SimplifiedGenericAttentionMask<true>, false, ck_tile::TileFmhaTraits<false, false, false, false, false, (ck_tile::BlockAttentionBiasEnum)0, false, false, false, (ck_tile::BlockAttentionQuantScaleEnum)0, -1, false> >, ck_tile::BlockFmhaPipelineQXKSVSCustomPolicy<true, false, 1, 1> >, ck_tile::DefaultGemm2DEpilogue<ck_tile::DefaultGemm2DEpilogueProblem<_Float16, _Float16, ck_tile::tuple<>, float, _Float16, ck_tile::tuple<>, ck_tile::tensor_layout::gemm::RowMajor, ck_tile::element_wise::PassThrough, 64, 256, false, false, 16, 16, 16, true, true, (ck_tile::memory_operation_enum)0>, void> >, ck_tile::FmhaFwdKernel<ck_tile::BlockFmhaPipelineQRKSVS<ck_tile::BlockFmhaPipelineProblem<_Float16, _Float16, _Float16, float, float, _Float16, unsigned char, float, _Float16, float, _Float16, ck_tile::TileFmhaShape<ck_tile::sequence<64, 32, 32, 256, 32, 256>, ck_tile::sequence<4, 1, 1>, ck_tile::sequence<16, 16, 16>, ck_tile::sequence<4, 1, 1>, ck_tile::sequence<16, 16, 16>, true>, false, ck_tile::ComposedAttention<0u, true>, ck_tile::SimplifiedGenericAttentionMask<true>, false, ck_tile::TileFmhaTraits<false, false, false, false, false, (ck_tile::BlockAttentionBiasEnum)0, false, false, false, (ck_tile::BlockAttentionQuantScaleEnum)0, -1, false> >, ck_tile::BlockFmhaPipelineQXKSVSCustomPolicy<true, false, 1, 1> >, ck_tile::DefaultGemm2DEpilogue<ck_tile::DefaultGemm2DEpilogueProblem<_Float16, _Float16, ck_tile::tuple<>, float, _Float16, ck_tile::tuple<>, ck_tile::tensor_layout::gemm::RowMajor, ck_tile::element_wise::PassThrough, 64, 256, false, false, 16, 16, 16, true, true, (ck_tile::memory_operation_enum)0>, void> >::FmhaFwdBatchModeKargs>(ck_tile::FmhaFwdKernel<ck_tile::BlockFmhaPipelineQRKSVS<ck_tile::BlockFmhaPipelineProblem<_Float16, _Float16, _Float16, float, float, _Float16, unsigned char, float, _Float16, float, _Float16, ck_tile::TileFmhaShape<ck_tile::sequence<64, 32, 32, 256, 32, 256>, ck_tile::sequence<4, 1, 1>, ck_tile::sequence<16, 16, 16>, ck_tile::sequence<4, 1, 1>, ck_tile::sequence<16, 16, 16>, true>, false, ck_tile::ComposedAttention<0u, true>, ck_tile::SimplifiedGenericAttentionMask<true>, false, ck_tile::TileFmhaTraits<false, false, false, false, false, (ck_tile::BlockAttentionBiasEnum)0, false, false, false, (ck_tile::BlockAttentionQuantScaleEnum)0, -1, false> >, ck_tile::BlockFmhaPipelineQXKSVSCustomPolicy<true, false, 1, 1> >, ck_tile::DefaultGemm2DEpilogue<ck_tile::DefaultGemm2DEpilogueProblem<_Float16, _Float16, ck_tile::tuple<>, float, _Float16, ck_tile::tuple<>, ck_tile::tensor_layout::gemm::RowMajor, ck_tile::element_wise::PassThrough, 64, 256, false, false, 16, 16, 16, true, true, (ck_tile::memory_operation_enum)0>, void> >::FmhaFwdBatchModeKargs)",129,130542532282481,130542534876549,32768,356,256,0,128,128,1,1,3072,32,1
"KERNEL_DISPATCH","Agent 2",2,2,1930062,130,22,"(anonymous namespace)::convert_f16_to_f32(__half const*, float*, unsigned long)",130,130542534893549,130542534938790,0,0,8,0,128,256,1,1,6291456,1,1
"KERNEL_DISPATCH","Agent 2",2,2,1930062,131,21,"(anonymous namespace)::rotate_q_givens_f32_to_f16(float const*, __half*, float const*, float const*, int, int)",131,130542534996441,130542535133445,0,0,24,0,128,32,1,1,1572864,1,1
"KERNEL_DISPATCH","Agent 2",2,2,1930062,132,19,"void ck_tile::kentry<ck_tile::gfx11_t, 1, (anonymous namespace)::QuantizedFmhaKernel, (anonymous namespace)::QuantizedFmhaKernel::Kargs>((anonymous namespace)::QuantizedFmhaKernel::Kargs)",132,130542535143485,130542544371885,32768,400,256,0,128,128,1,1,3072,32,1
"KERNEL_DISPATCH","Agent 2",2,2,1930062,133,22,"(anonymous namespace)::convert_f16_to_f32(__half const*, float*, unsigned long)",133,130542544388965,130542544436407,0,0,8,0,128,256,1,1,6291456,1,1
"KERNEL_DISPATCH","Agent 2",2,2,1930062,134,21,"(anonymous namespace)::rotate_q_givens_f32_to_f16(float const*, __half*, float const*, float const*, int, int)",134,130542544472588,130542544613751,0,0,24,0,128,32,1,1,1572864,1,1
"KERNEL_DISPATCH","Agent 2",2,2,1930062,135,23,"hipfire::ck_attention::predecode_asym3_k_q8_v_f16(unsigned char const*, unsigned char const*, __half*, __half*, int, int, int)",135,130542544623352,130542544901239,0,0,16,0,128,32,1,1,131072,4,1
"KERNEL_DISPATCH","Agent 2",2,2,1930062,136,24,"void ck_tile::kentry<ck_tile::gfx11_t, 1, ck_tile::FmhaFwdKernel<ck_tile::BlockFmhaPipelineQRKSVS<ck_tile::BlockFmhaPipelineProblem<_Float16, _Float16, _Float16, float, float, _Float16, unsigned char, float, _Float16, float, _Float16, ck_tile::TileFmhaShape<ck_tile::sequence<64, 32, 32, 256, 32, 256>, ck_tile::sequence<4, 1, 1>, ck_tile::sequence<16, 16, 16>, ck_tile::sequence<4, 1, 1>, ck_tile::sequence<16, 16, 16>, true>, false, ck_tile::ComposedAttention<0u, true>, ck_tile::SimplifiedGenericAttentionMask<true>, false, ck_tile::TileFmhaTraits<false, false, false, false, false, (ck_tile::BlockAttentionBiasEnum)0, false, false, false, (ck_tile::BlockAttentionQuantScaleEnum)0, -1, false> >, ck_tile::BlockFmhaPipelineQXKSVSCustomPolicy<true, false, 1, 1> >, ck_tile::DefaultGemm2DEpilogue<ck_tile::DefaultGemm2DEpilogueProblem<_Float16, _Float16, ck_tile::tuple<>, float, _Float16, ck_tile::tuple<>, ck_tile::tensor_layout::gemm::RowMajor, ck_tile::element_wise::PassThrough, 64, 256, false, false, 16, 16, 16, true, true, (ck_tile::memory_operation_enum)0>, void> >, ck_tile::FmhaFwdKernel<ck_tile::BlockFmhaPipelineQRKSVS<ck_tile::BlockFmhaPipelineProblem<_Float16, _Float16, _Float16, float, float, _Float16, unsigned char, float, _Float16, float, _Float16, ck_tile::TileFmhaShape<ck_tile::sequence<64, 32, 32, 256, 32, 256>, ck_tile::sequence<4, 1, 1>, ck_tile::sequence<16, 16, 16>, ck_tile::sequence<4, 1, 1>, ck_tile::sequence<16, 16, 16>, true>, false, ck_tile::ComposedAttention<0u, true>, ck_tile::SimplifiedGenericAttentionMask<true>, false, ck_tile::TileFmhaTraits<false, false, false, false, false, (ck_tile::BlockAttentionBiasEnum)0, false, false, false, (ck_tile::BlockAttentionQuantScaleEnum)0, -1, false> >, ck_tile::BlockFmhaPipelineQXKSVSCustomPolicy<true, false, 1, 1> >, ck_tile::DefaultGemm2DEpilogue<ck_tile::DefaultGemm2DEpilogueProblem<_Float16, _Float16, ck_tile::tuple<>, float, _Float16, ck_tile::tuple<>, ck_tile::tensor_layout::gemm::RowMajor, ck_tile::element_wise::PassThrough, 64, 256, false, false, 16, 16, 16, true, true, (ck_tile::memory_operation_enum)0>, void> >::FmhaFwdBatchModeKargs>(ck_tile::FmhaFwdKernel<ck_tile::BlockFmhaPipelineQRKSVS<ck_tile::BlockFmhaPipelineProblem<_Float16, _Float16, _Float16, float, float, _Float16, unsigned char, float, _Float16, float, _Float16, ck_tile::TileFmhaShape<ck_tile::sequence<64, 32, 32, 256, 32, 256>, ck_tile::sequence<4, 1, 1>, ck_tile::sequence<16, 16, 16>, ck_tile::sequence<4, 1, 1>, ck_tile::sequence<16, 16, 16>, true>, false, ck_tile::ComposedAttention<0u, true>, ck_tile::SimplifiedGenericAttentionMask<true>, false, ck_tile::TileFmhaTraits<false, false, false, false, false, (ck_tile::BlockAttentionBiasEnum)0, false, false, false, (ck_tile::BlockAttentionQuantScaleEnum)0, -1, false> >, ck_tile::BlockFmhaPipelineQXKSVSCustomPolicy<true, false, 1, 1> >, ck_tile::DefaultGemm2DEpilogue<ck_tile::DefaultGemm2DEpilogueProblem<_Float16, _Float16, ck_tile::tuple<>, float, _Float16, ck_tile::tuple<>, ck_tile::tensor_layout::gemm::RowMajor, ck_tile::element_wise::PassThrough, 64, 256, false, false, 16, 16, 16, true, true, (ck_tile::memory_operation_enum)0>, void> >::FmhaFwdBatchModeKargs)",136,130542544909959,130542547529147,32768,356,256,0,128,128,1,1,3072,32,1
"KERNEL_DISPATCH","Agent 2",2,2,1930062,137,22,"(anonymous namespace)::convert_f16_to_f32(__half const*, float*, unsigned long)",137,130542547546068,130542547591789,0,0,8,0,128,256,1,1,6291456,1,1
"KERNEL_DISPATCH","Agent 2",2,2,1930062,138,21,"(anonymous namespace)::rotate_q_givens_f32_to_f16(float const*, __half*, float const*, float const*, int, int)",138,130542547624720,130542547760483,0,0,24,0,128,32,1,1,1572864,1,1
"KERNEL_DISPATCH","Agent 2",2,2,1930062,139,23,"hipfire::ck_attention::predecode_asym3_k_q8_v_f16(unsigned char const*, unsigned char const*, __half*, __half*, int, int, int)",139,130542547770003,130542548010170,0,0,16,0,128,32,1,1,131072,4,1
"KERNEL_DISPATCH","Agent 2",2,2,1930062,140,24,"void ck_tile::kentry<ck_tile::gfx11_t, 1, ck_tile::FmhaFwdKernel<ck_tile::BlockFmhaPipelineQRKSVS<ck_tile::BlockFmhaPipelineProblem<_Float16, _Float16, _Float16, float, float, _Float16, unsigned char, float, _Float16, float, _Float16, ck_tile::TileFmhaShape<ck_tile::sequence<64, 32, 32, 256, 32, 256>, ck_tile::sequence<4, 1, 1>, ck_tile::sequence<16, 16, 16>, ck_tile::sequence<4, 1, 1>, ck_tile::sequence<16, 16, 16>, true>, false, ck_tile::ComposedAttention<0u, true>, ck_tile::SimplifiedGenericAttentionMask<true>, false, ck_tile::TileFmhaTraits<false, false, false, false, false, (ck_tile::BlockAttentionBiasEnum)0, false, false, false, (ck_tile::BlockAttentionQuantScaleEnum)0, -1, false> >, ck_tile::BlockFmhaPipelineQXKSVSCustomPolicy<true, false, 1, 1> >, ck_tile::DefaultGemm2DEpilogue<ck_tile::DefaultGemm2DEpilogueProblem<_Float16, _Float16, ck_tile::tuple<>, float, _Float16, ck_tile::tuple<>, ck_tile::tensor_layout::gemm::RowMajor, ck_tile::element_wise::PassThrough, 64, 256, false, false, 16, 16, 16, true, true, (ck_tile::memory_operation_enum)0>, void> >, ck_tile::FmhaFwdKernel<ck_tile::BlockFmhaPipelineQRKSVS<ck_tile::BlockFmhaPipelineProblem<_Float16, _Float16, _Float16, float, float, _Float16, unsigned char, float, _Float16, float, _Float16, ck_tile::TileFmhaShape<ck_tile::sequence<64, 32, 32, 256, 32, 256>, ck_tile::sequence<4, 1, 1>, ck_tile::sequence<16, 16, 16>, ck_tile::sequence<4, 1, 1>, ck_tile::sequence<16, 16, 16>, true>, false, ck_tile::ComposedAttention<0u, true>, ck_tile::SimplifiedGenericAttentionMask<true>, false, ck_tile::TileFmhaTraits<false, false, false, false, false, (ck_tile::BlockAttentionBiasEnum)0, false, false, false, (ck_tile::BlockAttentionQuantScaleEnum)0, -1, false> >, ck_tile::BlockFmhaPipelineQXKSVSCustomPolicy<true, false, 1, 1> >, ck_tile::DefaultGemm2DEpilogue<ck_tile::DefaultGemm2DEpilogueProblem<_Float16, _Float16, ck_tile::tuple<>, float, _Float16, ck_tile::tuple<>, ck_tile::tensor_layout::gemm::RowMajor, ck_tile::element_wise::PassThrough, 64, 256, false, false, 16, 16, 16, true, true, (ck_tile::memory_operation_enum)0>, void> >::FmhaFwdBatchModeKargs>(ck_tile::FmhaFwdKernel<ck_tile::BlockFmhaPipelineQRKSVS<ck_tile::BlockFmhaPipelineProblem<_Float16, _Float16, _Float16, float, float, _Float16, unsigned char, float, _Float16, float, _Float16, ck_tile::TileFmhaShape<ck_tile::sequence<64, 32, 32, 256, 32, 256>, ck_tile::sequence<4, 1, 1>, ck_tile::sequence<16, 16, 16>, ck_tile::sequence<4, 1, 1>, ck_tile::sequence<16, 16, 16>, true>, false, ck_tile::ComposedAttention<0u, true>, ck_tile::SimplifiedGenericAttentionMask<true>, false, ck_tile::TileFmhaTraits<false, false, false, false, false, (ck_tile::BlockAttentionBiasEnum)0, false, false, false, (ck_tile::BlockAttentionQuantScaleEnum)0, -1, false> >, ck_tile::BlockFmhaPipelineQXKSVSCustomPolicy<true, false, 1, 1> >, ck_tile::DefaultGemm2DEpilogue<ck_tile::DefaultGemm2DEpilogueProblem<_Float16, _Float16, ck_tile::tuple<>, float, _Float16, ck_tile::tuple<>, ck_tile::tensor_layout::gemm::RowMajor, ck_tile::element_wise::PassThrough, 64, 256, false, false, 16, 16, 16, true, true, (ck_tile::memory_operation_enum)0>, void> >::FmhaFwdBatchModeKargs)",140,130542548018370,130542550819323,32768,356,256,0,128,128,1,1,3072,32,1
"KERNEL_DISPATCH","Agent 2",2,2,1930062,141,22,"(anonymous namespace)::convert_f16_to_f32(__half const*, float*, unsigned long)",141,130542550836443,130542550886445,0,0,8,0,128,256,1,1,6291456,1,1
"KERNEL_DISPATCH","Agent 2",2,2,1930062,142,21,"(anonymous namespace)::rotate_q_givens_f32_to_f16(float const*, __half*, float const*, float const*, int, int)",142,130542550919565,130542551076329,0,0,24,0,128,32,1,1,1572864,1,1
"KERNEL_DISPATCH","Agent 2",2,2,1930062,143,19,"void ck_tile::kentry<ck_tile::gfx11_t, 1, (anonymous namespace)::QuantizedFmhaKernel, (anonymous namespace)::QuantizedFmhaKernel::Kargs>((anonymous namespace)::QuantizedFmhaKernel::Kargs)",143,130542551085130,130542560602937,32768,400,256,0,128,128,1,1,3072,32,1
"KERNEL_DISPATCH","Agent 2",2,2,1930062,144,22,"(anonymous namespace)::convert_f16_to_f32(__half const*, float*, unsigned long)",144,130542560619978,130542560666939,0,0,8,0,128,256,1,1,6291456,1,1
"KERNEL_DISPATCH","Agent 2",2,2,1930062,145,21,"(anonymous namespace)::rotate_q_givens_f32_to_f16(float const*, __half*, float const*, float const*, int, int)",145,130542560700000,130542560857484,0,0,24,0,128,32,1,1,1572864,1,1
"KERNEL_DISPATCH","Agent 2",2,2,1930062,146,19,"void ck_tile::kentry<ck_tile::gfx11_t, 1, (anonymous namespace)::QuantizedFmhaKernel, (anonymous namespace)::QuantizedFmhaKernel::Kargs>((anonymous namespace)::QuantizedFmhaKernel::Kargs)",146,130542560861924,130542569878679,32768,400,256,0,128,128,1,1,3072,32,1
"KERNEL_DISPATCH","Agent 2",2,2,1930062,147,22,"(anonymous namespace)::convert_f16_to_f32(__half const*, float*, unsigned long)",147,130542569895679,130542569940160,0,0,8,0,128,256,1,1,6291456,1,1
"KERNEL_DISPATCH","Agent 2",2,2,1930062,148,21,"(anonymous namespace)::rotate_q_givens_f32_to_f16(float const*, __half*, float const*, float const*, int, int)",148,130542569975101,130542570118585,0,0,24,0,128,32,1,1,1572864,1,1
"KERNEL_DISPATCH","Agent 2",2,2,1930062,149,23,"hipfire::ck_attention::predecode_asym3_k_q8_v_f16(unsigned char const*, unsigned char const*, __half*, __half*, int, int, int)",149,130542570127185,130542570398592,0,0,16,0,128,32,1,1,131072,4,1
"KERNEL_DISPATCH","Agent 2",2,2,1930062,150,24,"void ck_tile::kentry<ck_tile::gfx11_t, 1, ck_tile::FmhaFwdKernel<ck_tile::BlockFmhaPipelineQRKSVS<ck_tile::BlockFmhaPipelineProblem<_Float16, _Float16, _Float16, float, float, _Float16, unsigned char, float, _Float16, float, _Float16, ck_tile::TileFmhaShape<ck_tile::sequence<64, 32, 32, 256, 32, 256>, ck_tile::sequence<4, 1, 1>, ck_tile::sequence<16, 16, 16>, ck_tile::sequence<4, 1, 1>, ck_tile::sequence<16, 16, 16>, true>, false, ck_tile::ComposedAttention<0u, true>, ck_tile::SimplifiedGenericAttentionMask<true>, false, ck_tile::TileFmhaTraits<false, false, false, false, false, (ck_tile::BlockAttentionBiasEnum)0, false, false, false, (ck_tile::BlockAttentionQuantScaleEnum)0, -1, false> >, ck_tile::BlockFmhaPipelineQXKSVSCustomPolicy<true, false, 1, 1> >, ck_tile::DefaultGemm2DEpilogue<ck_tile::DefaultGemm2DEpilogueProblem<_Float16, _Float16, ck_tile::tuple<>, float, _Float16, ck_tile::tuple<>, ck_tile::tensor_layout::gemm::RowMajor, ck_tile::element_wise::PassThrough, 64, 256, false, false, 16, 16, 16, true, true, (ck_tile::memory_operation_enum)0>, void> >, ck_tile::FmhaFwdKernel<ck_tile::BlockFmhaPipelineQRKSVS<ck_tile::BlockFmhaPipelineProblem<_Float16, _Float16, _Float16, float, float, _Float16, unsigned char, float, _Float16, float, _Float16, ck_tile::TileFmhaShape<ck_tile::sequence<64, 32, 32, 256, 32, 256>, ck_tile::sequence<4, 1, 1>, ck_tile::sequence<16, 16, 16>, ck_tile::sequence<4, 1, 1>, ck_tile::sequence<16, 16, 16>, true>, false, ck_tile::ComposedAttention<0u, true>, ck_tile::SimplifiedGenericAttentionMask<true>, false, ck_tile::TileFmhaTraits<false, false, false, false, false, (ck_tile::BlockAttentionBiasEnum)0, false, false, false, (ck_tile::BlockAttentionQuantScaleEnum)0, -1, false> >, ck_tile::BlockFmhaPipelineQXKSVSCustomPolicy<true, false, 1, 1> >, ck_tile::DefaultGemm2DEpilogue<ck_tile::DefaultGemm2DEpilogueProblem<_Float16, _Float16, ck_tile::tuple<>, float, _Float16, ck_tile::tuple<>, ck_tile::tensor_layout::gemm::RowMajor, ck_tile::element_wise::PassThrough, 64, 256, false, false, 16, 16, 16, true, true, (ck_tile::memory_operation_enum)0>, void> >::FmhaFwdBatchModeKargs>(ck_tile::FmhaFwdKernel<ck_tile::BlockFmhaPipelineQRKSVS<ck_tile::BlockFmhaPipelineProblem<_Float16, _Float16, _Float16, float, float, _Float16, unsigned char, float, _Float16, float, _Float16, ck_tile::TileFmhaShape<ck_tile::sequence<64, 32, 32, 256, 32, 256>, ck_tile::sequence<4, 1, 1>, ck_tile::sequence<16, 16, 16>, ck_tile::sequence<4, 1, 1>, ck_tile::sequence<16, 16, 16>, true>, false, ck_tile::ComposedAttention<0u, true>, ck_tile::SimplifiedGenericAttentionMask<true>, false, ck_tile::TileFmhaTraits<false, false, false, false, false, (ck_tile::BlockAttentionBiasEnum)0, false, false, false, (ck_tile::BlockAttentionQuantScaleEnum)0, -1, false> >, ck_tile::BlockFmhaPipelineQXKSVSCustomPolicy<true, false, 1, 1> >, ck_tile::DefaultGemm2DEpilogue<ck_tile::DefaultGemm2DEpilogueProblem<_Float16, _Float16, ck_tile::tuple<>, float, _Float16, ck_tile::tuple<>, ck_tile::tensor_layout::gemm::RowMajor, ck_tile::element_wise::PassThrough, 64, 256, false, false, 16, 16, 16, true, true, (ck_tile::memory_operation_enum)0>, void> >::FmhaFwdBatchModeKargs)",150,130542570402872,130542572967579,32768,356,256,0,128,128,1,1,3072,32,1
"KERNEL_DISPATCH","Agent 2",2,2,1930062,151,22,"(anonymous namespace)::convert_f16_to_f32(__half const*, float*, unsigned long)",151,130542572984500,130542573028381,0,0,8,0,128,256,1,1,6291456,1,1
"KERNEL_DISPATCH","Agent 2",2,2,1930062,152,21,"(anonymous namespace)::rotate_q_givens_f32_to_f16(float const*, __half*, float const*, float const*, int, int)",152,130542573059791,130542573209795,0,0,24,0,128,32,1,1,1572864,1,1
"KERNEL_DISPATCH","Agent 2",2,2,1930062,153,23,"hipfire::ck_attention::predecode_asym3_k_q8_v_f16(unsigned char const*, unsigned char const*, __half*, __half*, int, int, int)",153,130542573214315,130542573506203,0,0,16,0,128,32,1,1,131072,4,1
"KERNEL_DISPATCH","Agent 2",2,2,1930062,154,24,"void ck_tile::kentry<ck_tile::gfx11_t, 1, ck_tile::FmhaFwdKernel<ck_tile::BlockFmhaPipelineQRKSVS<ck_tile::BlockFmhaPipelineProblem<_Float16, _Float16, _Float16, float, float, _Float16, unsigned char, float, _Float16, float, _Float16, ck_tile::TileFmhaShape<ck_tile::sequence<64, 32, 32, 256, 32, 256>, ck_tile::sequence<4, 1, 1>, ck_tile::sequence<16, 16, 16>, ck_tile::sequence<4, 1, 1>, ck_tile::sequence<16, 16, 16>, true>, false, ck_tile::ComposedAttention<0u, true>, ck_tile::SimplifiedGenericAttentionMask<true>, false, ck_tile::TileFmhaTraits<false, false, false, false, false, (ck_tile::BlockAttentionBiasEnum)0, false, false, false, (ck_tile::BlockAttentionQuantScaleEnum)0, -1, false> >, ck_tile::BlockFmhaPipelineQXKSVSCustomPolicy<true, false, 1, 1> >, ck_tile::DefaultGemm2DEpilogue<ck_tile::DefaultGemm2DEpilogueProblem<_Float16, _Float16, ck_tile::tuple<>, float, _Float16, ck_tile::tuple<>, ck_tile::tensor_layout::gemm::RowMajor, ck_tile::element_wise::PassThrough, 64, 256, false, false, 16, 16, 16, true, true, (ck_tile::memory_operation_enum)0>, void> >, ck_tile::FmhaFwdKernel<ck_tile::BlockFmhaPipelineQRKSVS<ck_tile::BlockFmhaPipelineProblem<_Float16, _Float16, _Float16, float, float, _Float16, unsigned char, float, _Float16, float, _Float16, ck_tile::TileFmhaShape<ck_tile::sequence<64, 32, 32, 256, 32, 256>, ck_tile::sequence<4, 1, 1>, ck_tile::sequence<16, 16, 16>, ck_tile::sequence<4, 1, 1>, ck_tile::sequence<16, 16, 16>, true>, false, ck_tile::ComposedAttention<0u, true>, ck_tile::SimplifiedGenericAttentionMask<true>, false, ck_tile::TileFmhaTraits<false, false, false, false, false, (ck_tile::BlockAttentionBiasEnum)0, false, false, false, (ck_tile::BlockAttentionQuantScaleEnum)0, -1, false> >, ck_tile::BlockFmhaPipelineQXKSVSCustomPolicy<true, false, 1, 1> >, ck_tile::DefaultGemm2DEpilogue<ck_tile::DefaultGemm2DEpilogueProblem<_Float16, _Float16, ck_tile::tuple<>, float, _Float16, ck_tile::tuple<>, ck_tile::tensor_layout::gemm::RowMajor, ck_tile::element_wise::PassThrough, 64, 256, false, false, 16, 16, 16, true, true, (ck_tile::memory_operation_enum)0>, void> >::FmhaFwdBatchModeKargs>(ck_tile::FmhaFwdKernel<ck_tile::BlockFmhaPipelineQRKSVS<ck_tile::BlockFmhaPipelineProblem<_Float16, _Float16, _Float16, float, float, _Float16, unsigned char, float, _Float16, float, _Float16, ck_tile::TileFmhaShape<ck_tile::sequence<64, 32, 32, 256, 32, 256>, ck_tile::sequence<4, 1, 1>, ck_tile::sequence<16, 16, 16>, ck_tile::sequence<4, 1, 1>, ck_tile::sequence<16, 16, 16>, true>, false, ck_tile::ComposedAttention<0u, true>, ck_tile::SimplifiedGenericAttentionMask<true>, false, ck_tile::TileFmhaTraits<false, false, false, false, false, (ck_tile::BlockAttentionBiasEnum)0, false, false, false, (ck_tile::BlockAttentionQuantScaleEnum)0, -1, false> >, ck_tile::BlockFmhaPipelineQXKSVSCustomPolicy<true, false, 1, 1> >, ck_tile::DefaultGemm2DEpilogue<ck_tile::DefaultGemm2DEpilogueProblem<_Float16, _Float16, ck_tile::tuple<>, float, _Float16, ck_tile::tuple<>, ck_tile::tensor_layout::gemm::RowMajor, ck_tile::element_wise::PassThrough, 64, 256, false, false, 16, 16, 16, true, true, (ck_tile::memory_operation_enum)0>, void> >::FmhaFwdBatchModeKargs)",154,130542573511763,130542576354677,32768,356,256,0,128,128,1,1,3072,32,1
"KERNEL_DISPATCH","Agent 2",2,2,1930062,155,22,"(anonymous namespace)::convert_f16_to_f32(__half const*, float*, unsigned long)",155,130542576371878,130542576421759,0,0,8,0,128,256,1,1,6291456,1,1
"KERNEL_DISPATCH","Agent 2",2,2,1930062,156,21,"(anonymous namespace)::rotate_q_givens_f32_to_f16(float const*, __half*, float const*, float const*, int, int)",156,130542576455570,130542576585773,0,0,24,0,128,32,1,1,1572864,1,1
"KERNEL_DISPATCH","Agent 2",2,2,1930062,157,19,"void ck_tile::kentry<ck_tile::gfx11_t, 1, (anonymous namespace)::QuantizedFmhaKernel, (anonymous namespace)::QuantizedFmhaKernel::Kargs>((anonymous namespace)::QuantizedFmhaKernel::Kargs)",157,130542576595373,130542586197983,32768,400,256,0,128,128,1,1,3072,32,1
"KERNEL_DISPATCH","Agent 2",2,2,1930062,158,22,"(anonymous namespace)::convert_f16_to_f32(__half const*, float*, unsigned long)",158,130542586215104,130542586261065,0,0,8,0,128,256,1,1,6291456,1,1
"KERNEL_DISPATCH","Agent 2",2,2,1930062,159,21,"(anonymous namespace)::rotate_q_givens_f32_to_f16(float const*, __half*, float const*, float const*, int, int)",159,130542586292956,130542586435680,0,0,24,0,128,32,1,1,1572864,1,1
"KERNEL_DISPATCH","Agent 2",2,2,1930062,160,19,"void ck_tile::kentry<ck_tile::gfx11_t, 1, (anonymous namespace)::QuantizedFmhaKernel, (anonymous namespace)::QuantizedFmhaKernel::Kargs>((anonymous namespace)::QuantizedFmhaKernel::Kargs)",160,130542586444320,130542595272469,32768,400,256,0,128,128,1,1,3072,32,1
"KERNEL_DISPATCH","Agent 2",2,2,1930062,161,22,"(anonymous namespace)::convert_f16_to_f32(__half const*, float*, unsigned long)",161,130542595289590,130542595332951,0,0,8,0,128,256,1,1,6291456,1,1
"KERNEL_DISPATCH","Agent 2",2,2,1930062,162,21,"(anonymous namespace)::rotate_q_givens_f32_to_f16(float const*, __half*, float const*, float const*, int, int)",162,130542595364912,130542595510276,0,0,24,0,128,32,1,1,1572864,1,1
"KERNEL_DISPATCH","Agent 2",2,2,1930062,163,23,"hipfire::ck_attention::predecode_asym3_k_q8_v_f16(unsigned char const*, unsigned char const*, __half*, __half*, int, int, int)",163,130542595518916,130542595766642,0,0,16,0,128,32,1,1,131072,4,1
"KERNEL_DISPATCH","Agent 2",2,2,1930062,164,24,"void ck_tile::kentry<ck_tile::gfx11_t, 1, ck_tile::FmhaFwdKernel<ck_tile::BlockFmhaPipelineQRKSVS<ck_tile::BlockFmhaPipelineProblem<_Float16, _Float16, _Float16, float, float, _Float16, unsigned char, float, _Float16, float, _Float16, ck_tile::TileFmhaShape<ck_tile::sequence<64, 32, 32, 256, 32, 256>, ck_tile::sequence<4, 1, 1>, ck_tile::sequence<16, 16, 16>, ck_tile::sequence<4, 1, 1>, ck_tile::sequence<16, 16, 16>, true>, false, ck_tile::ComposedAttention<0u, true>, ck_tile::SimplifiedGenericAttentionMask<true>, false, ck_tile::TileFmhaTraits<false, false, false, false, false, (ck_tile::BlockAttentionBiasEnum)0, false, false, false, (ck_tile::BlockAttentionQuantScaleEnum)0, -1, false> >, ck_tile::BlockFmhaPipelineQXKSVSCustomPolicy<true, false, 1, 1> >, ck_tile::DefaultGemm2DEpilogue<ck_tile::DefaultGemm2DEpilogueProblem<_Float16, _Float16, ck_tile::tuple<>, float, _Float16, ck_tile::tuple<>, ck_tile::tensor_layout::gemm::RowMajor, ck_tile::element_wise::PassThrough, 64, 256, false, false, 16, 16, 16, true, true, (ck_tile::memory_operation_enum)0>, void> >, ck_tile::FmhaFwdKernel<ck_tile::BlockFmhaPipelineQRKSVS<ck_tile::BlockFmhaPipelineProblem<_Float16, _Float16, _Float16, float, float, _Float16, unsigned char, float, _Float16, float, _Float16, ck_tile::TileFmhaShape<ck_tile::sequence<64, 32, 32, 256, 32, 256>, ck_tile::sequence<4, 1, 1>, ck_tile::sequence<16, 16, 16>, ck_tile::sequence<4, 1, 1>, ck_tile::sequence<16, 16, 16>, true>, false, ck_tile::ComposedAttention<0u, true>, ck_tile::SimplifiedGenericAttentionMask<true>, false, ck_tile::TileFmhaTraits<false, false, false, false, false, (ck_tile::BlockAttentionBiasEnum)0, false, false, false, (ck_tile::BlockAttentionQuantScaleEnum)0, -1, false> >, ck_tile::BlockFmhaPipelineQXKSVSCustomPolicy<true, false, 1, 1> >, ck_tile::DefaultGemm2DEpilogue<ck_tile::DefaultGemm2DEpilogueProblem<_Float16, _Float16, ck_tile::tuple<>, float, _Float16, ck_tile::tuple<>, ck_tile::tensor_layout::gemm::RowMajor, ck_tile::element_wise::PassThrough, 64, 256, false, false, 16, 16, 16, true, true, (ck_tile::memory_operation_enum)0>, void> >::FmhaFwdBatchModeKargs>(ck_tile::FmhaFwdKernel<ck_tile::BlockFmhaPipelineQRKSVS<ck_tile::BlockFmhaPipelineProblem<_Float16, _Float16, _Float16, float, float, _Float16, unsigned char, float, _Float16, float, _Float16, ck_tile::TileFmhaShape<ck_tile::sequence<64, 32, 32, 256, 32, 256>, ck_tile::sequence<4, 1, 1>, ck_tile::sequence<16, 16, 16>, ck_tile::sequence<4, 1, 1>, ck_tile::sequence<16, 16, 16>, true>, false, ck_tile::ComposedAttention<0u, true>, ck_tile::SimplifiedGenericAttentionMask<true>, false, ck_tile::TileFmhaTraits<false, false, false, false, false, (ck_tile::BlockAttentionBiasEnum)0, false, false, false, (ck_tile::BlockAttentionQuantScaleEnum)0, -1, false> >, ck_tile::BlockFmhaPipelineQXKSVSCustomPolicy<true, false, 1, 1> >, ck_tile::DefaultGemm2DEpilogue<ck_tile::DefaultGemm2DEpilogueProblem<_Float16, _Float16, ck_tile::tuple<>, float, _Float16, ck_tile::tuple<>, ck_tile::tensor_layout::gemm::RowMajor, ck_tile::element_wise::PassThrough, 64, 256, false, false, 16, 16, 16, true, true, (ck_tile::memory_operation_enum)0>, void> >::FmhaFwdBatchModeKargs)",164,130542595771224,130542598263489,32768,356,256,0,128,128,1,1,3072,32,1
"KERNEL_DISPATCH","Agent 2",2,2,1930062,165,22,"(anonymous namespace)::convert_f16_to_f32(__half const*, float*, unsigned long)",165,130542598280369,130542598323090,0,0,8,0,128,256,1,1,6291456,1,1
"KERNEL_DISPATCH","Agent 2",2,2,1930062,166,21,"(anonymous namespace)::rotate_q_givens_f32_to_f16(float const*, __half*, float const*, float const*, int, int)",166,130542598355890,130542598492734,0,0,24,0,128,32,1,1,1572864,1,1
"KERNEL_DISPATCH","Agent 2",2,2,1930062,167,23,"hipfire::ck_attention::predecode_asym3_k_q8_v_f16(unsigned char const*, unsigned char const*, __half*, __half*, int, int, int)",167,130542598502974,130542598739620,0,0,16,0,128,32,1,1,131072,4,1
"KERNEL_DISPATCH","Agent 2",2,2,1930062,168,24,"void ck_tile::kentry<ck_tile::gfx11_t, 1, ck_tile::FmhaFwdKernel<ck_tile::BlockFmhaPipelineQRKSVS<ck_tile::BlockFmhaPipelineProblem<_Float16, _Float16, _Float16, float, float, _Float16, unsigned char, float, _Float16, float, _Float16, ck_tile::TileFmhaShape<ck_tile::sequence<64, 32, 32, 256, 32, 256>, ck_tile::sequence<4, 1, 1>, ck_tile::sequence<16, 16, 16>, ck_tile::sequence<4, 1, 1>, ck_tile::sequence<16, 16, 16>, true>, false, ck_tile::ComposedAttention<0u, true>, ck_tile::SimplifiedGenericAttentionMask<true>, false, ck_tile::TileFmhaTraits<false, false, false, false, false, (ck_tile::BlockAttentionBiasEnum)0, false, false, false, (ck_tile::BlockAttentionQuantScaleEnum)0, -1, false> >, ck_tile::BlockFmhaPipelineQXKSVSCustomPolicy<true, false, 1, 1> >, ck_tile::DefaultGemm2DEpilogue<ck_tile::DefaultGemm2DEpilogueProblem<_Float16, _Float16, ck_tile::tuple<>, float, _Float16, ck_tile::tuple<>, ck_tile::tensor_layout::gemm::RowMajor, ck_tile::element_wise::PassThrough, 64, 256, false, false, 16, 16, 16, true, true, (ck_tile::memory_operation_enum)0>, void> >, ck_tile::FmhaFwdKernel<ck_tile::BlockFmhaPipelineQRKSVS<ck_tile::BlockFmhaPipelineProblem<_Float16, _Float16, _Float16, float, float, _Float16, unsigned char, float, _Float16, float, _Float16, ck_tile::TileFmhaShape<ck_tile::sequence<64, 32, 32, 256, 32, 256>, ck_tile::sequence<4, 1, 1>, ck_tile::sequence<16, 16, 16>, ck_tile::sequence<4, 1, 1>, ck_tile::sequence<16, 16, 16>, true>, false, ck_tile::ComposedAttention<0u, true>, ck_tile::SimplifiedGenericAttentionMask<true>, false, ck_tile::TileFmhaTraits<false, false, false, false, false, (ck_tile::BlockAttentionBiasEnum)0, false, false, false, (ck_tile::BlockAttentionQuantScaleEnum)0, -1, false> >, ck_tile::BlockFmhaPipelineQXKSVSCustomPolicy<true, false, 1, 1> >, ck_tile::DefaultGemm2DEpilogue<ck_tile::DefaultGemm2DEpilogueProblem<_Float16, _Float16, ck_tile::tuple<>, float, _Float16, ck_tile::tuple<>, ck_tile::tensor_layout::gemm::RowMajor, ck_tile::element_wise::PassThrough, 64, 256, false, false, 16, 16, 16, true, true, (ck_tile::memory_operation_enum)0>, void> >::FmhaFwdBatchModeKargs>(ck_tile::FmhaFwdKernel<ck_tile::BlockFmhaPipelineQRKSVS<ck_tile::BlockFmhaPipelineProblem<_Float16, _Float16, _Float16, float, float, _Float16, unsigned char, float, _Float16, float, _Float16, ck_tile::TileFmhaShape<ck_tile::sequence<64, 32, 32, 256, 32, 256>, ck_tile::sequence<4, 1, 1>, ck_tile::sequence<16, 16, 16>, ck_tile::sequence<4, 1, 1>, ck_tile::sequence<16, 16, 16>, true>, false, ck_tile::ComposedAttention<0u, true>, ck_tile::SimplifiedGenericAttentionMask<true>, false, ck_tile::TileFmhaTraits<false, false, false, false, false, (ck_tile::BlockAttentionBiasEnum)0, false, false, false, (ck_tile::BlockAttentionQuantScaleEnum)0, -1, false> >, ck_tile::BlockFmhaPipelineQXKSVSCustomPolicy<true, false, 1, 1> >, ck_tile::DefaultGemm2DEpilogue<ck_tile::DefaultGemm2DEpilogueProblem<_Float16, _Float16, ck_tile::tuple<>, float, _Float16, ck_tile::tuple<>, ck_tile::tensor_layout::gemm::RowMajor, ck_tile::element_wise::PassThrough, 64, 256, false, false, 16, 16, 16, true, true, (ck_tile::memory_operation_enum)0>, void> >::FmhaFwdBatchModeKargs)",168,130542598744141,130542601920783,32768,356,256,0,128,128,1,1,3072,32,1
"KERNEL_DISPATCH","Agent 2",2,2,1930062,169,22,"(anonymous namespace)::convert_f16_to_f32(__half const*, float*, unsigned long)",169,130542601953624,130542602005186,0,0,8,0,128,256,1,1,6291456,1,1
"KERNEL_DISPATCH","Agent 2",2,2,1930062,170,21,"(anonymous namespace)::rotate_q_givens_f32_to_f16(float const*, __half*, float const*, float const*, int, int)",170,130542602044117,130542602175400,0,0,24,0,128,32,1,1,1572864,1,1
"KERNEL_DISPATCH","Agent 2",2,2,1930062,171,19,"void ck_tile::kentry<ck_tile::gfx11_t, 1, (anonymous namespace)::QuantizedFmhaKernel, (anonymous namespace)::QuantizedFmhaKernel::Kargs>((anonymous namespace)::QuantizedFmhaKernel::Kargs)",171,130542602186040,130542611525924,32768,400,256,0,128,128,1,1,3072,32,1
"KERNEL_DISPATCH","Agent 2",2,2,1930062,172,22,"(anonymous namespace)::convert_f16_to_f32(__half const*, float*, unsigned long)",172,130542611542964,130542611588605,0,0,8,0,128,256,1,1,6291456,1,1
"KERNEL_DISPATCH","Agent 2",2,2,1930062,173,21,"(anonymous namespace)::rotate_q_givens_f32_to_f16(float const*, __half*, float const*, float const*, int, int)",173,130542611626386,130542611768310,0,0,24,0,128,32,1,1,1572864,1,1
"KERNEL_DISPATCH","Agent 2",2,2,1930062,174,19,"void ck_tile::kentry<ck_tile::gfx11_t, 1, (anonymous namespace)::QuantizedFmhaKernel, (anonymous namespace)::QuantizedFmhaKernel::Kargs>((anonymous namespace)::QuantizedFmhaKernel::Kargs)",174,130542611777710,130542620527658,32768,400,256,0,128,128,1,1,3072,32,1
"KERNEL_DISPATCH","Agent 2",2,2,1930062,175,22,"(anonymous namespace)::convert_f16_to_f32(__half const*, float*, unsigned long)",175,130542620544659,130542620587380,0,0,8,0,128,256,1,1,6291456,1,1
"KERNEL_DISPATCH","Agent 2",2,2,1930062,176,21,"(anonymous namespace)::rotate_q_givens_f32_to_f16(float const*, __half*, float const*, float const*, int, int)",176,130542620620101,130542620778105,0,0,24,0,128,32,1,1,1572864,1,1
"KERNEL_DISPATCH","Agent 2",2,2,1930062,177,23,"hipfire::ck_attention::predecode_asym3_k_q8_v_f16(unsigned char const*, unsigned char const*, __half*, __half*, int, int, int)",177,130542620782825,130542621079273,0,0,16,0,128,32,1,1,131072,4,1
"KERNEL_DISPATCH","Agent 2",2,2,1930062,178,24,"void ck_tile::kentry<ck_tile::gfx11_t, 1, ck_tile::FmhaFwdKernel<ck_tile::BlockFmhaPipelineQRKSVS<ck_tile::BlockFmhaPipelineProblem<_Float16, _Float16, _Float16, float, float, _Float16, unsigned char, float, _Float16, float, _Float16, ck_tile::TileFmhaShape<ck_tile::sequence<64, 32, 32, 256, 32, 256>, ck_tile::sequence<4, 1, 1>, ck_tile::sequence<16, 16, 16>, ck_tile::sequence<4, 1, 1>, ck_tile::sequence<16, 16, 16>, true>, false, ck_tile::ComposedAttention<0u, true>, ck_tile::SimplifiedGenericAttentionMask<true>, false, ck_tile::TileFmhaTraits<false, false, false, false, false, (ck_tile::BlockAttentionBiasEnum)0, false, false, false, (ck_tile::BlockAttentionQuantScaleEnum)0, -1, false> >, ck_tile::BlockFmhaPipelineQXKSVSCustomPolicy<true, false, 1, 1> >, ck_tile::DefaultGemm2DEpilogue<ck_tile::DefaultGemm2DEpilogueProblem<_Float16, _Float16, ck_tile::tuple<>, float, _Float16, ck_tile::tuple<>, ck_tile::tensor_layout::gemm::RowMajor, ck_tile::element_wise::PassThrough, 64, 256, false, false, 16, 16, 16, true, true, (ck_tile::memory_operation_enum)0>, void> >, ck_tile::FmhaFwdKernel<ck_tile::BlockFmhaPipelineQRKSVS<ck_tile::BlockFmhaPipelineProblem<_Float16, _Float16, _Float16, float, float, _Float16, unsigned char, float, _Float16, float, _Float16, ck_tile::TileFmhaShape<ck_tile::sequence<64, 32, 32, 256, 32, 256>, ck_tile::sequence<4, 1, 1>, ck_tile::sequence<16, 16, 16>, ck_tile::sequence<4, 1, 1>, ck_tile::sequence<16, 16, 16>, true>, false, ck_tile::ComposedAttention<0u, true>, ck_tile::SimplifiedGenericAttentionMask<true>, false, ck_tile::TileFmhaTraits<false, false, false, false, false, (ck_tile::BlockAttentionBiasEnum)0, false, false, false, (ck_tile::BlockAttentionQuantScaleEnum)0, -1, false> >, ck_tile::BlockFmhaPipelineQXKSVSCustomPolicy<true, false, 1, 1> >, ck_tile::DefaultGemm2DEpilogue<ck_tile::DefaultGemm2DEpilogueProblem<_Float16, _Float16, ck_tile::tuple<>, float, _Float16, ck_tile::tuple<>, ck_tile::tensor_layout::gemm::RowMajor, ck_tile::element_wise::PassThrough, 64, 256, false, false, 16, 16, 16, true, true, (ck_tile::memory_operation_enum)0>, void> >::FmhaFwdBatchModeKargs>(ck_tile::FmhaFwdKernel<ck_tile::BlockFmhaPipelineQRKSVS<ck_tile::BlockFmhaPipelineProblem<_Float16, _Float16, _Float16, float, float, _Float16, unsigned char, float, _Float16, float, _Float16, ck_tile::TileFmhaShape<ck_tile::sequence<64, 32, 32, 256, 32, 256>, ck_tile::sequence<4, 1, 1>, ck_tile::sequence<16, 16, 16>, ck_tile::sequence<4, 1, 1>, ck_tile::sequence<16, 16, 16>, true>, false, ck_tile::ComposedAttention<0u, true>, ck_tile::SimplifiedGenericAttentionMask<true>, false, ck_tile::TileFmhaTraits<false, false, false, false, false, (ck_tile::BlockAttentionBiasEnum)0, false, false, false, (ck_tile::BlockAttentionQuantScaleEnum)0, -1, false> >, ck_tile::BlockFmhaPipelineQXKSVSCustomPolicy<true, false, 1, 1> >, ck_tile::DefaultGemm2DEpilogue<ck_tile::DefaultGemm2DEpilogueProblem<_Float16, _Float16, ck_tile::tuple<>, float, _Float16, ck_tile::tuple<>, ck_tile::tensor_layout::gemm::RowMajor, ck_tile::element_wise::PassThrough, 64, 256, false, false, 16, 16, 16, true, true, (ck_tile::memory_operation_enum)0>, void> >::FmhaFwdBatchModeKargs)",178,130542621083633,130542623538057,32768,356,256,0,128,128,1,1,3072,32,1
"KERNEL_DISPATCH","Agent 2",2,2,1930062,179,22,"(anonymous namespace)::convert_f16_to_f32(__half const*, float*, unsigned long)",179,130542623555017,130542623597138,0,0,8,0,128,256,1,1,6291456,1,1
"KERNEL_DISPATCH","Agent 2",2,2,1930062,181,19,"void ck_tile::kentry<ck_tile::gfx11_t, 1, (anonymous namespace)::QuantizedFmhaKernel, (anonymous namespace)::QuantizedFmhaKernel::Kargs>((anonymous namespace)::QuantizedFmhaKernel::Kargs)",181,130542623779433,130542632787108,32768,400,256,0,128,128,1,1,3072,32,1
"KERNEL_DISPATCH","Agent 2",2,2,1930062,182,22,"(anonymous namespace)::convert_f16_to_f32(__half const*, float*, unsigned long)",182,130542632804349,130542632849870,0,0,8,0,128,256,1,1,6291456,1,1
"KERNEL_DISPATCH","Agent 2",2,2,1930062,180,21,"(anonymous namespace)::rotate_q_givens_f32_to_f16(float const*, __half*, float const*, float const*, int, int)",180,130542623632829,130542623769433,0,0,24,0,128,32,1,1,1572864,1,1
"KERNEL_DISPATCH","Agent 2",2,2,1930062,183,21,"(anonymous namespace)::rotate_q_givens_f32_to_f16(float const*, __half*, float const*, float const*, int, int)",183,130542632853670,130542633000714,0,0,24,0,128,32,1,1,1572864,1,1
"KERNEL_DISPATCH","Agent 2",2,2,1930062,184,23,"hipfire::ck_attention::predecode_asym3_k_q8_v_f16(unsigned char const*, unsigned char const*, __half*, __half*, int, int, int)",184,130542633009154,130542633279761,0,0,16,0,128,32,1,1,131072,4,1
"KERNEL_DISPATCH","Agent 2",2,2,1930062,185,24,"void ck_tile::kentry<ck_tile::gfx11_t, 1, ck_tile::FmhaFwdKernel<ck_tile::BlockFmhaPipelineQRKSVS<ck_tile::BlockFmhaPipelineProblem<_Float16, _Float16, _Float16, float, float, _Float16, unsigned char, float, _Float16, float, _Float16, ck_tile::TileFmhaShape<ck_tile::sequence<64, 32, 32, 256, 32, 256>, ck_tile::sequence<4, 1, 1>, ck_tile::sequence<16, 16, 16>, ck_tile::sequence<4, 1, 1>, ck_tile::sequence<16, 16, 16>, true>, false, ck_tile::ComposedAttention<0u, true>, ck_tile::SimplifiedGenericAttentionMask<true>, false, ck_tile::TileFmhaTraits<false, false, false, false, false, (ck_tile::BlockAttentionBiasEnum)0, false, false, false, (ck_tile::BlockAttentionQuantScaleEnum)0, -1, false> >, ck_tile::BlockFmhaPipelineQXKSVSCustomPolicy<true, false, 1, 1> >, ck_tile::DefaultGemm2DEpilogue<ck_tile::DefaultGemm2DEpilogueProblem<_Float16, _Float16, ck_tile::tuple<>, float, _Float16, ck_tile::tuple<>, ck_tile::tensor_layout::gemm::RowMajor, ck_tile::element_wise::PassThrough, 64, 256, false, false, 16, 16, 16, true, true, (ck_tile::memory_operation_enum)0>, void> >, ck_tile::FmhaFwdKernel<ck_tile::BlockFmhaPipelineQRKSVS<ck_tile::BlockFmhaPipelineProblem<_Float16, _Float16, _Float16, float, float, _Float16, unsigned char, float, _Float16, float, _Float16, ck_tile::TileFmhaShape<ck_tile::sequence<64, 32, 32, 256, 32, 256>, ck_tile::sequence<4, 1, 1>, ck_tile::sequence<16, 16, 16>, ck_tile::sequence<4, 1, 1>, ck_tile::sequence<16, 16, 16>, true>, false, ck_tile::ComposedAttention<0u, true>, ck_tile::SimplifiedGenericAttentionMask<true>, false, ck_tile::TileFmhaTraits<false, false, false, false, false, (ck_tile::BlockAttentionBiasEnum)0, false, false, false, (ck_tile::BlockAttentionQuantScaleEnum)0, -1, false> >, ck_tile::BlockFmhaPipelineQXKSVSCustomPolicy<true, false, 1, 1> >, ck_tile::DefaultGemm2DEpilogue<ck_tile::DefaultGemm2DEpilogueProblem<_Float16, _Float16, ck_tile::tuple<>, float, _Float16, ck_tile::tuple<>, ck_tile::tensor_layout::gemm::RowMajor, ck_tile::element_wise::PassThrough, 64, 256, false, false, 16, 16, 16, true, true, (ck_tile::memory_operation_enum)0>, void> >::FmhaFwdBatchModeKargs>(ck_tile::FmhaFwdKernel<ck_tile::BlockFmhaPipelineQRKSVS<ck_tile::BlockFmhaPipelineProblem<_Float16, _Float16, _Float16, float, float, _Float16, unsigned char, float, _Float16, float, _Float16, ck_tile::TileFmhaShape<ck_tile::sequence<64, 32, 32, 256, 32, 256>, ck_tile::sequence<4, 1, 1>, ck_tile::sequence<16, 16, 16>, ck_tile::sequence<4, 1, 1>, ck_tile::sequence<16, 16, 16>, true>, false, ck_tile::ComposedAttention<0u, true>, ck_tile::SimplifiedGenericAttentionMask<true>, false, ck_tile::TileFmhaTraits<false, false, false, false, false, (ck_tile::BlockAttentionBiasEnum)0, false, false, false, (ck_tile::BlockAttentionQuantScaleEnum)0, -1, false> >, ck_tile::BlockFmhaPipelineQXKSVSCustomPolicy<true, false, 1, 1> >, ck_tile::DefaultGemm2DEpilogue<ck_tile::DefaultGemm2DEpilogueProblem<_Float16, _Float16, ck_tile::tuple<>, float, _Float16, ck_tile::tuple<>, ck_tile::tensor_layout::gemm::RowMajor, ck_tile::element_wise::PassThrough, 64, 256, false, false, 16, 16, 16, true, true, (ck_tile::memory_operation_enum)0>, void> >::FmhaFwdBatchModeKargs)",185,130542633284121,130542635792146,32768,356,256,0,128,128,1,1,3072,32,1
"KERNEL_DISPATCH","Agent 2",2,2,1930062,186,22,"(anonymous namespace)::convert_f16_to_f32(__half const*, float*, unsigned long)",186,130542635809067,130542635854708,0,0,8,0,128,256,1,1,6291456,1,1
"KERNEL_DISPATCH","Agent 2",3,3,1930062,188,15,"__amd_rocclr_copyBuffer",188,130542806423609,130542806426369,0,0,16,0,128,512,1,1,512,1,1
"KERNEL_DISPATCH","Agent 2",3,3,1930062,187,15,"__amd_rocclr_copyBuffer",187,130542806408169,130542806417209,0,0,16,0,128,512,1,1,512,1,1
"KERNEL_DISPATCH","Agent 2",3,3,1930062,189,21,"(anonymous namespace)::rotate_q_givens_f32_to_f16(float const*, __half*, float const*, float const*, int, int)",189,130542806469969,130542806501490,0,0,24,0,128,32,1,1,1572864,1,1
"KERNEL_DISPATCH","Agent 2",3,3,1930062,190,19,"void ck_tile::kentry<ck_tile::gfx11_t, 1, (anonymous namespace)::QuantizedFmhaKernel, (anonymous namespace)::QuantizedFmhaKernel::Kargs>((anonymous namespace)::QuantizedFmhaKernel::Kargs)",190,130542806783537,130542821079950,32768,400,256,0,128,128,1,1,3072,32,1
"KERNEL_DISPATCH","Agent 2",3,3,1930062,191,22,"(anonymous namespace)::convert_f16_to_f32(__half const*, float*, unsigned long)",191,130542821099350,130542821149591,0,0,8,0,128,256,1,1,6291456,1,1
"KERNEL_DISPATCH","Agent 2",3,3,1930062,192,21,"(anonymous namespace)::rotate_q_givens_f32_to_f16(float const*, __half*, float const*, float const*, int, int)",192,130542821153271,130542821294035,0,0,24,0,128,32,1,1,1572864,1,1
"KERNEL_DISPATCH","Agent 2",3,3,1930062,193,23,"hipfire::ck_attention::predecode_asym3_k_q8_v_f16(unsigned char const*, unsigned char const*, __half*, __half*, int, int, int)",193,130542821302235,130542821707526,0,0,16,0,128,32,1,1,196608,4,1
"KERNEL_DISPATCH","Agent 2",3,3,1930062,219,22,"(anonymous namespace)::convert_f16_to_f32(__half const*, float*, unsigned long)",219,130542904955804,130542905002725,0,0,8,0,128,256,1,1,6291456,1,1
"KERNEL_DISPATCH","Agent 2",3,3,1930062,214,23,"hipfire::ck_attention::predecode_asym3_k_q8_v_f16(unsigned char const*, unsigned char const*, __half*, __half*, int, int, int)",214,130542884436069,130542884843080,0,0,16,0,128,32,1,1,196608,4,1
"KERNEL_DISPATCH","Agent 2",3,3,1930062,209,22,"(anonymous namespace)::convert_f16_to_f32(__half const*, float*, unsigned long)",209,130542868420691,130542868474653,0,0,8,0,128,256,1,1,6291456,1,1
"KERNEL_DISPATCH","Agent 2",3,3,1930062,204,19,"void ck_tile::kentry<ck_tile::gfx11_t, 1, (anonymous namespace)::QuantizedFmhaKernel, (anonymous namespace)::QuantizedFmhaKernel::Kargs>((anonymous namespace)::QuantizedFmhaKernel::Kargs)",204,130542847520907,130542863278197,32768,400,256,0,128,128,1,1,3072,32,1
"KERNEL_DISPATCH","Agent 2",3,3,1930062,199,21,"(anonymous namespace)::rotate_q_givens_f32_to_f16(float const*, __half*, float const*, float const*, int, int)",199,130542842192408,130542842335691,0,0,24,0,128,32,1,1,1572864,1,1
"KERNEL_DISPATCH","Agent 2",3,3,1930062,194,24,"void ck_tile::kentry<ck_tile::gfx11_t, 1, ck_tile::FmhaFwdKernel<ck_tile::BlockFmhaPipelineQRKSVS<ck_tile::BlockFmhaPipelineProblem<_Float16, _Float16, _Float16, float, float, _Float16, unsigned char, float, _Float16, float, _Float16, ck_tile::TileFmhaShape<ck_tile::sequence<64, 32, 32, 256, 32, 256>, ck_tile::sequence<4, 1, 1>, ck_tile::sequence<16, 16, 16>, ck_tile::sequence<4, 1, 1>, ck_tile::sequence<16, 16, 16>, true>, false, ck_tile::ComposedAttention<0u, true>, ck_tile::SimplifiedGenericAttentionMask<true>, false, ck_tile::TileFmhaTraits<false, false, false, false, false, (ck_tile::BlockAttentionBiasEnum)0, false, false, false, (ck_tile::BlockAttentionQuantScaleEnum)0, -1, false> >, ck_tile::BlockFmhaPipelineQXKSVSCustomPolicy<true, false, 1, 1> >, ck_tile::DefaultGemm2DEpilogue<ck_tile::DefaultGemm2DEpilogueProblem<_Float16, _Float16, ck_tile::tuple<>, float, _Float16, ck_tile::tuple<>, ck_tile::tensor_layout::gemm::RowMajor, ck_tile::element_wise::PassThrough, 64, 256, false, false, 16, 16, 16, true, true, (ck_tile::memory_operation_enum)0>, void> >, ck_tile::FmhaFwdKernel<ck_tile::BlockFmhaPipelineQRKSVS<ck_tile::BlockFmhaPipelineProblem<_Float16, _Float16, _Float16, float, float, _Float16, unsigned char, float, _Float16, float, _Float16, ck_tile::TileFmhaShape<ck_tile::sequence<64, 32, 32, 256, 32, 256>, ck_tile::sequence<4, 1, 1>, ck_tile::sequence<16, 16, 16>, ck_tile::sequence<4, 1, 1>, ck_tile::sequence<16, 16, 16>, true>, false, ck_tile::ComposedAttention<0u, true>, ck_tile::SimplifiedGenericAttentionMask<true>, false, ck_tile::TileFmhaTraits<false, false, false, false, false, (ck_tile::BlockAttentionBiasEnum)0, false, false, false, (ck_tile::BlockAttentionQuantScaleEnum)0, -1, false> >, ck_tile::BlockFmhaPipelineQXKSVSCustomPolicy<true, false, 1, 1> >, ck_tile::DefaultGemm2DEpilogue<ck_tile::DefaultGemm2DEpilogueProblem<_Float16, _Float16, ck_tile::tuple<>, float, _Float16, ck_tile::tuple<>, ck_tile::tensor_layout::gemm::RowMajor, ck_tile::element_wise::PassThrough, 64, 256, false, false, 16, 16, 16, true, true, (ck_tile::memory_operation_enum)0>, void> >::FmhaFwdBatchModeKargs>(ck_tile::FmhaFwdKernel<ck_tile::BlockFmhaPipelineQRKSVS<ck_tile::BlockFmhaPipelineProblem<_Float16, _Float16, _Float16, float, float, _Float16, unsigned char, float, _Float16, float, _Float16, ck_tile::TileFmhaShape<ck_tile::sequence<64, 32, 32, 256, 32, 256>, ck_tile::sequence<4, 1, 1>, ck_tile::sequence<16, 16, 16>, ck_tile::sequence<4, 1, 1>, ck_tile::sequence<16, 16, 16>, true>, false, ck_tile::ComposedAttention<0u, true>, ck_tile::SimplifiedGenericAttentionMask<true>, false, ck_tile::TileFmhaTraits<false, false, false, false, false, (ck_tile::BlockAttentionBiasEnum)0, false, false, false, (ck_tile::BlockAttentionQuantScaleEnum)0, -1, false> >, ck_tile::BlockFmhaPipelineQXKSVSCustomPolicy<true, false, 1, 1> >, ck_tile::DefaultGemm2DEpilogue<ck_tile::DefaultGemm2DEpilogueProblem<_Float16, _Float16, ck_tile::tuple<>, float, _Float16, ck_tile::tuple<>, ck_tile::tensor_layout::gemm::RowMajor, ck_tile::element_wise::PassThrough, 64, 256, false, false, 16, 16, 16, true, true, (ck_tile::memory_operation_enum)0>, void> >::FmhaFwdBatchModeKargs)",194,130542821712554,130542825976745,32768,356,256,0,128,128,1,1,3072,32,1
"KERNEL_DISPATCH","Agent 2",3,3,1930062,195,22,"(anonymous namespace)::convert_f16_to_f32(__half const*, float*, unsigned long)",195,130542825989585,130542826049467,0,0,8,0,128,256,1,1,6291456,1,1
"KERNEL_DISPATCH","Agent 2",3,3,1930062,200,23,"hipfire::ck_attention::predecode_asym3_k_q8_v_f16(unsigned char const*, unsigned char const*, __half*, __half*, int, int, int)",200,130542842344052,130542842783223,0,0,16,0,128,32,1,1,196608,4,1
"KERNEL_DISPATCH","Agent 2",3,3,1930062,205,22,"(anonymous namespace)::convert_f16_to_f32(__half const*, float*, unsigned long)",205,130542863295278,130542863342239,0,0,8,0,128,256,1,1,6291456,1,1
"KERNEL_DISPATCH","Agent 2",3,3,1930062,210,21,"(anonymous namespace)::rotate_q_givens_f32_to_f16(float const*, __half*, float const*, float const*, int, int)",210,130542868478493,130542868639577,0,0,24,0,128,32,1,1,1572864,1,1
"KERNEL_DISPATCH","Agent 2",3,3,1930062,215,24,"void ck_tile::kentry<ck_tile::gfx11_t, 1, ck_tile::FmhaFwdKernel<ck_tile::BlockFmhaPipelineQRKSVS<ck_tile::BlockFmhaPipelineProblem<_Float16, _Float16, _Float16, float, float, _Float16, unsigned char, float, _Float16, float, _Float16, ck_tile::TileFmhaShape<ck_tile::sequence<64, 32, 32, 256, 32, 256>, ck_tile::sequence<4, 1, 1>, ck_tile::sequence<16, 16, 16>, ck_tile::sequence<4, 1, 1>, ck_tile::sequence<16, 16, 16>, true>, false, ck_tile::ComposedAttention<0u, true>, ck_tile::SimplifiedGenericAttentionMask<true>, false, ck_tile::TileFmhaTraits<false, false, false, false, false, (ck_tile::BlockAttentionBiasEnum)0, false, false, false, (ck_tile::BlockAttentionQuantScaleEnum)0, -1, false> >, ck_tile::BlockFmhaPipelineQXKSVSCustomPolicy<true, false, 1, 1> >, ck_tile::DefaultGemm2DEpilogue<ck_tile::DefaultGemm2DEpilogueProblem<_Float16, _Float16, ck_tile::tuple<>, float, _Float16, ck_tile::tuple<>, ck_tile::tensor_layout::gemm::RowMajor, ck_tile::element_wise::PassThrough, 64, 256, false, false, 16, 16, 16, true, true, (ck_tile::memory_operation_enum)0>, void> >, ck_tile::FmhaFwdKernel<ck_tile::BlockFmhaPipelineQRKSVS<ck_tile::BlockFmhaPipelineProblem<_Float16, _Float16, _Float16, float, float, _Float16, unsigned char, float, _Float16, float, _Float16, ck_tile::TileFmhaShape<ck_tile::sequence<64, 32, 32, 256, 32, 256>, ck_tile::sequence<4, 1, 1>, ck_tile::sequence<16, 16, 16>, ck_tile::sequence<4, 1, 1>, ck_tile::sequence<16, 16, 16>, true>, false, ck_tile::ComposedAttention<0u, true>, ck_tile::SimplifiedGenericAttentionMask<true>, false, ck_tile::TileFmhaTraits<false, false, false, false, false, (ck_tile::BlockAttentionBiasEnum)0, false, false, false, (ck_tile::BlockAttentionQuantScaleEnum)0, -1, false> >, ck_tile::BlockFmhaPipelineQXKSVSCustomPolicy<true, false, 1, 1> >, ck_tile::DefaultGemm2DEpilogue<ck_tile::DefaultGemm2DEpilogueProblem<_Float16, _Float16, ck_tile::tuple<>, float, _Float16, ck_tile::tuple<>, ck_tile::tensor_layout::gemm::RowMajor, ck_tile::element_wise::PassThrough, 64, 256, false, false, 16, 16, 16, true, true, (ck_tile::memory_operation_enum)0>, void> >::FmhaFwdBatchModeKargs>(ck_tile::FmhaFwdKernel<ck_tile::BlockFmhaPipelineQRKSVS<ck_tile::BlockFmhaPipelineProblem<_Float16, _Float16, _Float16, float, float, _Float16, unsigned char, float, _Float16, float, _Float16, ck_tile::TileFmhaShape<ck_tile::sequence<64, 32, 32, 256, 32, 256>, ck_tile::sequence<4, 1, 1>, ck_tile::sequence<16, 16, 16>, ck_tile::sequence<4, 1, 1>, ck_tile::sequence<16, 16, 16>, true>, false, ck_tile::ComposedAttention<0u, true>, ck_tile::SimplifiedGenericAttentionMask<true>, false, ck_tile::TileFmhaTraits<false, false, false, false, false, (ck_tile::BlockAttentionBiasEnum)0, false, false, false, (ck_tile::BlockAttentionQuantScaleEnum)0, -1, false> >, ck_tile::BlockFmhaPipelineQXKSVSCustomPolicy<true, false, 1, 1> >, ck_tile::DefaultGemm2DEpilogue<ck_tile::DefaultGemm2DEpilogueProblem<_Float16, _Float16, ck_tile::tuple<>, float, _Float16, ck_tile::tuple<>, ck_tile::tensor_layout::gemm::RowMajor, ck_tile::element_wise::PassThrough, 64, 256, false, false, 16, 16, 16, true, true, (ck_tile::memory_operation_enum)0>, void> >::FmhaFwdBatchModeKargs)",215,130542884851720,130542889223754,32768,356,256,0,128,128,1,1,3072,32,1
"KERNEL_DISPATCH","Agent 2",3,3,1930062,220,21,"(anonymous namespace)::rotate_q_givens_f32_to_f16(float const*, __half*, float const*, float const*, int, int)",220,130542905006565,130542905151288,0,0,24,0,128,32,1,1,1572864,1,1
"KERNEL_DISPATCH","Agent 2",3,3,1930062,196,21,"(anonymous namespace)::rotate_q_givens_f32_to_f16(float const*, __half*, float const*, float const*, int, int)",196,130542826053307,130542826211911,0,0,24,0,128,32,1,1,1572864,1,1
"KERNEL_DISPATCH","Agent 2",3,3,1930062,201,24,"void ck_tile::kentry<ck_tile::gfx11_t, 1, ck_tile::FmhaFwdKernel<ck_tile::BlockFmhaPipelineQRKSVS<ck_tile::BlockFmhaPipelineProblem<_Float16, _Float16, _Float16, float, float, _Float16, unsigned char, float, _Float16, float, _Float16, ck_tile::TileFmhaShape<ck_tile::sequence<64, 32, 32, 256, 32, 256>, ck_tile::sequence<4, 1, 1>, ck_tile::sequence<16, 16, 16>, ck_tile::sequence<4, 1, 1>, ck_tile::sequence<16, 16, 16>, true>, false, ck_tile::ComposedAttention<0u, true>, ck_tile::SimplifiedGenericAttentionMask<true>, false, ck_tile::TileFmhaTraits<false, false, false, false, false, (ck_tile::BlockAttentionBiasEnum)0, false, false, false, (ck_tile::BlockAttentionQuantScaleEnum)0, -1, false> >, ck_tile::BlockFmhaPipelineQXKSVSCustomPolicy<true, false, 1, 1> >, ck_tile::DefaultGemm2DEpilogue<ck_tile::DefaultGemm2DEpilogueProblem<_Float16, _Float16, ck_tile::tuple<>, float, _Float16, ck_tile::tuple<>, ck_tile::tensor_layout::gemm::RowMajor, ck_tile::element_wise::PassThrough, 64, 256, false, false, 16, 16, 16, true, true, (ck_tile::memory_operation_enum)0>, void> >, ck_tile::FmhaFwdKernel<ck_tile::BlockFmhaPipelineQRKSVS<ck_tile::BlockFmhaPipelineProblem<_Float16, _Float16, _Float16, float, float, _Float16, unsigned char, float, _Float16, float, _Float16, ck_tile::TileFmhaShape<ck_tile::sequence<64, 32, 32, 256, 32, 256>, ck_tile::sequence<4, 1, 1>, ck_tile::sequence<16, 16, 16>, ck_tile::sequence<4, 1, 1>, ck_tile::sequence<16, 16, 16>, true>, false, ck_tile::ComposedAttention<0u, true>, ck_tile::SimplifiedGenericAttentionMask<true>, false, ck_tile::TileFmhaTraits<false, false, false, false, false, (ck_tile::BlockAttentionBiasEnum)0, false, false, false, (ck_tile::BlockAttentionQuantScaleEnum)0, -1, false> >, ck_tile::BlockFmhaPipelineQXKSVSCustomPolicy<true, false, 1, 1> >, ck_tile::DefaultGemm2DEpilogue<ck_tile::DefaultGemm2DEpilogueProblem<_Float16, _Float16, ck_tile::tuple<>, float, _Float16, ck_tile::tuple<>, ck_tile::tensor_layout::gemm::RowMajor, ck_tile::element_wise::PassThrough, 64, 256, false, false, 16, 16, 16, true, true, (ck_tile::memory_operation_enum)0>, void> >::FmhaFwdBatchModeKargs>(ck_tile::FmhaFwdKernel<ck_tile::BlockFmhaPipelineQRKSVS<ck_tile::BlockFmhaPipelineProblem<_Float16, _Float16, _Float16, float, float, _Float16, unsigned char, float, _Float16, float, _Float16, ck_tile::TileFmhaShape<ck_tile::sequence<64, 32, 32, 256, 32, 256>, ck_tile::sequence<4, 1, 1>, ck_tile::sequence<16, 16, 16>, ck_tile::sequence<4, 1, 1>, ck_tile::sequence<16, 16, 16>, true>, false, ck_tile::ComposedAttention<0u, true>, ck_tile::SimplifiedGenericAttentionMask<true>, false, ck_tile::TileFmhaTraits<false, false, false, false, false, (ck_tile::BlockAttentionBiasEnum)0, false, false, false, (ck_tile::BlockAttentionQuantScaleEnum)0, -1, false> >, ck_tile::BlockFmhaPipelineQXKSVSCustomPolicy<true, false, 1, 1> >, ck_tile::DefaultGemm2DEpilogue<ck_tile::DefaultGemm2DEpilogueProblem<_Float16, _Float16, ck_tile::tuple<>, float, _Float16, ck_tile::tuple<>, ck_tile::tensor_layout::gemm::RowMajor, ck_tile::element_wise::PassThrough, 64, 256, false, false, 16, 16, 16, true, true, (ck_tile::memory_operation_enum)0>, void> >::FmhaFwdBatchModeKargs)",201,130542842787903,130542847296501,32768,356,256,0,128,128,1,1,3072,32,1
"KERNEL_DISPATCH","Agent 2",3,3,1930062,206,21,"(anonymous namespace)::rotate_q_givens_f32_to_f16(float const*, __half*, float const*, float const*, int, int)",206,130542863346079,130542863491043,0,0,24,0,128,32,1,1,1572864,1,1
"KERNEL_DISPATCH","Agent 2",3,3,1930062,211,19,"void ck_tile::kentry<ck_tile::gfx11_t, 1, (anonymous namespace)::QuantizedFmhaKernel, (anonymous namespace)::QuantizedFmhaKernel::Kargs>((anonymous namespace)::QuantizedFmhaKernel::Kargs)",211,130542868647977,130542884218383,32768,400,256,0,128,128,1,1,3072,32,1
"KERNEL_DISPATCH","Agent 2",3,3,1930062,216,22,"(anonymous namespace)::convert_f16_to_f32(__half const*, float*, unsigned long)",216,130542889240954,130542889292596,0,0,8,0,128,256,1,1,6291456,1,1
"KERNEL_DISPATCH","Agent 2",3,3,1930062,197,19,"void ck_tile::kentry<ck_tile::gfx11_t, 1, (anonymous namespace)::QuantizedFmhaKernel, (anonymous namespace)::QuantizedFmhaKernel::Kargs>((anonymous namespace)::QuantizedFmhaKernel::Kargs)",197,130542826220391,130542842124446,32768,400,256,0,128,128,1,1,3072,32,1
"KERNEL_DISPATCH","Agent 2",3,3,1930062,202,22,"(anonymous namespace)::convert_f16_to_f32(__half const*, float*, unsigned long)",202,130542847313621,130542847369623,0,0,8,0,128,256,1,1,6291456,1,1
"KERNEL_DISPATCH","Agent 2",3,3,1930062,207,23,"hipfire::ck_attention::predecode_asym3_k_q8_v_f16(unsigned char const*, unsigned char const*, __half*, __half*, int, int, int)",207,130542863499443,130542863980496,0,0,16,0,128,32,1,1,196608,4,1
"KERNEL_DISPATCH","Agent 2",3,3,1930062,212,22,"(anonymous namespace)::convert_f16_to_f32(__half const*, float*, unsigned long)",212,130542884235424,130542884280865,0,0,8,0,128,256,1,1,6291456,1,1
"KERNEL_DISPATCH","Agent 2",3,3,1930062,217,21,"(anonymous namespace)::rotate_q_givens_f32_to_f16(float const*, __half*, float const*, float const*, int, int)",217,130542889296396,130542889434799,0,0,24,0,128,32,1,1,1572864,1,1
"KERNEL_DISPATCH","Agent 2",3,3,1930062,198,22,"(anonymous namespace)::convert_f16_to_f32(__half const*, float*, unsigned long)",198,130542842141566,130542842188568,0,0,8,0,128,256,1,1,6291456,1,1
"KERNEL_DISPATCH","Agent 2",3,3,1930062,203,21,"(anonymous namespace)::rotate_q_givens_f32_to_f16(float const*, __half*, float const*, float const*, int, int)",203,130542847373503,130542847512146,0,0,24,0,128,32,1,1,1572864,1,1
"KERNEL_DISPATCH","Agent 2",3,3,1930062,208,24,"void ck_tile::kentry<ck_tile::gfx11_t, 1, ck_tile::FmhaFwdKernel<ck_tile::BlockFmhaPipelineQRKSVS<ck_tile::BlockFmhaPipelineProblem<_Float16, _Float16, _Float16, float, float, _Float16, unsigned char, float, _Float16, float, _Float16, ck_tile::TileFmhaShape<ck_tile::sequence<64, 32, 32, 256, 32, 256>, ck_tile::sequence<4, 1, 1>, ck_tile::sequence<16, 16, 16>, ck_tile::sequence<4, 1, 1>, ck_tile::sequence<16, 16, 16>, true>, false, ck_tile::ComposedAttention<0u, true>, ck_tile::SimplifiedGenericAttentionMask<true>, false, ck_tile::TileFmhaTraits<false, false, false, false, false, (ck_tile::BlockAttentionBiasEnum)0, false, false, false, (ck_tile::BlockAttentionQuantScaleEnum)0, -1, false> >, ck_tile::BlockFmhaPipelineQXKSVSCustomPolicy<true, false, 1, 1> >, ck_tile::DefaultGemm2DEpilogue<ck_tile::DefaultGemm2DEpilogueProblem<_Float16, _Float16, ck_tile::tuple<>, float, _Float16, ck_tile::tuple<>, ck_tile::tensor_layout::gemm::RowMajor, ck_tile::element_wise::PassThrough, 64, 256, false, false, 16, 16, 16, true, true, (ck_tile::memory_operation_enum)0>, void> >, ck_tile::FmhaFwdKernel<ck_tile::BlockFmhaPipelineQRKSVS<ck_tile::BlockFmhaPipelineProblem<_Float16, _Float16, _Float16, float, float, _Float16, unsigned char, float, _Float16, float, _Float16, ck_tile::TileFmhaShape<ck_tile::sequence<64, 32, 32, 256, 32, 256>, ck_tile::sequence<4, 1, 1>, ck_tile::sequence<16, 16, 16>, ck_tile::sequence<4, 1, 1>, ck_tile::sequence<16, 16, 16>, true>, false, ck_tile::ComposedAttention<0u, true>, ck_tile::SimplifiedGenericAttentionMask<true>, false, ck_tile::TileFmhaTraits<false, false, false, false, false, (ck_tile::BlockAttentionBiasEnum)0, false, false, false, (ck_tile::BlockAttentionQuantScaleEnum)0, -1, false> >, ck_tile::BlockFmhaPipelineQXKSVSCustomPolicy<true, false, 1, 1> >, ck_tile::DefaultGemm2DEpilogue<ck_tile::DefaultGemm2DEpilogueProblem<_Float16, _Float16, ck_tile::tuple<>, float, _Float16, ck_tile::tuple<>, ck_tile::tensor_layout::gemm::RowMajor, ck_tile::element_wise::PassThrough, 64, 256, false, false, 16, 16, 16, true, true, (ck_tile::memory_operation_enum)0>, void> >::FmhaFwdBatchModeKargs>(ck_tile::FmhaFwdKernel<ck_tile::BlockFmhaPipelineQRKSVS<ck_tile::BlockFmhaPipelineProblem<_Float16, _Float16, _Float16, float, float, _Float16, unsigned char, float, _Float16, float, _Float16, ck_tile::TileFmhaShape<ck_tile::sequence<64, 32, 32, 256, 32, 256>, ck_tile::sequence<4, 1, 1>, ck_tile::sequence<16, 16, 16>, ck_tile::sequence<4, 1, 1>, ck_tile::sequence<16, 16, 16>, true>, false, ck_tile::ComposedAttention<0u, true>, ck_tile::SimplifiedGenericAttentionMask<true>, false, ck_tile::TileFmhaTraits<false, false, false, false, false, (ck_tile::BlockAttentionBiasEnum)0, false, false, false, (ck_tile::BlockAttentionQuantScaleEnum)0, -1, false> >, ck_tile::BlockFmhaPipelineQXKSVSCustomPolicy<true, false, 1, 1> >, ck_tile::DefaultGemm2DEpilogue<ck_tile::DefaultGemm2DEpilogueProblem<_Float16, _Float16, ck_tile::tuple<>, float, _Float16, ck_tile::tuple<>, ck_tile::tensor_layout::gemm::RowMajor, ck_tile::element_wise::PassThrough, 64, 256, false, false, 16, 16, 16, true, true, (ck_tile::memory_operation_enum)0>, void> >::FmhaFwdBatchModeKargs)",208,130542863984936,130542868403611,32768,356,256,0,128,128,1,1,3072,32,1
"KERNEL_DISPATCH","Agent 2",3,3,1930062,213,21,"(anonymous namespace)::rotate_q_givens_f32_to_f16(float const*, __half*, float const*, float const*, int, int)",213,130542884285025,130542884427589,0,0,24,0,128,32,1,1,1572864,1,1
"KERNEL_DISPATCH","Agent 2",3,3,1930062,218,19,"void ck_tile::kentry<ck_tile::gfx11_t, 1, (anonymous namespace)::QuantizedFmhaKernel, (anonymous namespace)::QuantizedFmhaKernel::Kargs>((anonymous namespace)::QuantizedFmhaKernel::Kargs)",218,130542889443080,130542904938723,32768,400,256,0,128,128,1,1,3072,32,1
"KERNEL_DISPATCH","Agent 2",3,3,1930062,221,23,"hipfire::ck_attention::predecode_asym3_k_q8_v_f16(unsigned char const*, unsigned char const*, __half*, __half*, int, int, int)",221,130542905159728,130542905587619,0,0,16,0,128,32,1,1,196608,4,1
"KERNEL_DISPATCH","Agent 2",3,3,1930062,222,24,"void ck_tile::kentry<ck_tile::gfx11_t, 1, ck_tile::FmhaFwdKernel<ck_tile::BlockFmhaPipelineQRKSVS<ck_tile::BlockFmhaPipelineProblem<_Float16, _Float16, _Float16, float, float, _Float16, unsigned char, float, _Float16, float, _Float16, ck_tile::TileFmhaShape<ck_tile::sequence<64, 32, 32, 256, 32, 256>, ck_tile::sequence<4, 1, 1>, ck_tile::sequence<16, 16, 16>, ck_tile::sequence<4, 1, 1>, ck_tile::sequence<16, 16, 16>, true>, false, ck_tile::ComposedAttention<0u, true>, ck_tile::SimplifiedGenericAttentionMask<true>, false, ck_tile::TileFmhaTraits<false, false, false, false, false, (ck_tile::BlockAttentionBiasEnum)0, false, false, false, (ck_tile::BlockAttentionQuantScaleEnum)0, -1, false> >, ck_tile::BlockFmhaPipelineQXKSVSCustomPolicy<true, false, 1, 1> >, ck_tile::DefaultGemm2DEpilogue<ck_tile::DefaultGemm2DEpilogueProblem<_Float16, _Float16, ck_tile::tuple<>, float, _Float16, ck_tile::tuple<>, ck_tile::tensor_layout::gemm::RowMajor, ck_tile::element_wise::PassThrough, 64, 256, false, false, 16, 16, 16, true, true, (ck_tile::memory_operation_enum)0>, void> >, ck_tile::FmhaFwdKernel<ck_tile::BlockFmhaPipelineQRKSVS<ck_tile::BlockFmhaPipelineProblem<_Float16, _Float16, _Float16, float, float, _Float16, unsigned char, float, _Float16, float, _Float16, ck_tile::TileFmhaShape<ck_tile::sequence<64, 32, 32, 256, 32, 256>, ck_tile::sequence<4, 1, 1>, ck_tile::sequence<16, 16, 16>, ck_tile::sequence<4, 1, 1>, ck_tile::sequence<16, 16, 16>, true>, false, ck_tile::ComposedAttention<0u, true>, ck_tile::SimplifiedGenericAttentionMask<true>, false, ck_tile::TileFmhaTraits<false, false, false, false, false, (ck_tile::BlockAttentionBiasEnum)0, false, false, false, (ck_tile::BlockAttentionQuantScaleEnum)0, -1, false> >, ck_tile::BlockFmhaPipelineQXKSVSCustomPolicy<true, false, 1, 1> >, ck_tile::DefaultGemm2DEpilogue<ck_tile::DefaultGemm2DEpilogueProblem<_Float16, _Float16, ck_tile::tuple<>, float, _Float16, ck_tile::tuple<>, ck_tile::tensor_layout::gemm::RowMajor, ck_tile::element_wise::PassThrough, 64, 256, false, false, 16, 16, 16, true, true, (ck_tile::memory_operation_enum)0>, void> >::FmhaFwdBatchModeKargs>(ck_tile::FmhaFwdKernel<ck_tile::BlockFmhaPipelineQRKSVS<ck_tile::BlockFmhaPipelineProblem<_Float16, _Float16, _Float16, float, float, _Float16, unsigned char, float, _Float16, float, _Float16, ck_tile::TileFmhaShape<ck_tile::sequence<64, 32, 32, 256, 32, 256>, ck_tile::sequence<4, 1, 1>, ck_tile::sequence<16, 16, 16>, ck_tile::sequence<4, 1, 1>, ck_tile::sequence<16, 16, 16>, true>, false, ck_tile::ComposedAttention<0u, true>, ck_tile::SimplifiedGenericAttentionMask<true>, false, ck_tile::TileFmhaTraits<false, false, false, false, false, (ck_tile::BlockAttentionBiasEnum)0, false, false, false, (ck_tile::BlockAttentionQuantScaleEnum)0, -1, false> >, ck_tile::BlockFmhaPipelineQXKSVSCustomPolicy<true, false, 1, 1> >, ck_tile::DefaultGemm2DEpilogue<ck_tile::DefaultGemm2DEpilogueProblem<_Float16, _Float16, ck_tile::tuple<>, float, _Float16, ck_tile::tuple<>, ck_tile::tensor_layout::gemm::RowMajor, ck_tile::element_wise::PassThrough, 64, 256, false, false, 16, 16, 16, true, true, (ck_tile::memory_operation_enum)0>, void> >::FmhaFwdBatchModeKargs)",222,130542905592220,130542909905612,32768,356,256,0,128,128,1,1,3072,32,1
"KERNEL_DISPATCH","Agent 2",3,3,1930062,223,22,"(anonymous namespace)::convert_f16_to_f32(__half const*, float*, unsigned long)",223,130542909922692,130542909975294,0,0,8,0,128,256,1,1,6291456,1,1
"KERNEL_DISPATCH","Agent 2",3,3,1930062,224,21,"(anonymous namespace)::rotate_q_givens_f32_to_f16(float const*, __half*, float const*, float const*, int, int)",224,130542910067286,130542910199770,0,0,24,0,128,32,1,1,1572864,1,1
"KERNEL_DISPATCH","Agent 2",3,3,1930062,225,19,"void ck_tile::kentry<ck_tile::gfx11_t, 1, (anonymous namespace)::QuantizedFmhaKernel, (anonymous namespace)::QuantizedFmhaKernel::Kargs>((anonymous namespace)::QuantizedFmhaKernel::Kargs)",225,130542910210290,130542925659453,32768,400,256,0,128,128,1,1,3072,32,1
"KERNEL_DISPATCH","Agent 2",3,3,1930062,226,22,"(anonymous namespace)::convert_f16_to_f32(__half const*, float*, unsigned long)",226,130542925676573,130542925721734,0,0,8,0,128,256,1,1,6291456,1,1
"KERNEL_DISPATCH","Agent 2",3,3,1930062,227,21,"(anonymous namespace)::rotate_q_givens_f32_to_f16(float const*, __half*, float const*, float const*, int, int)",227,130542925757105,130542925898069,0,0,24,0,128,32,1,1,1572864,1,1
"KERNEL_DISPATCH","Agent 2",3,3,1930062,228,23,"hipfire::ck_attention::predecode_asym3_k_q8_v_f16(unsigned char const*, unsigned char const*, __half*, __half*, int, int, int)",228,130542925907109,130542926349681,0,0,16,0,128,32,1,1,196608,4,1
"KERNEL_DISPATCH","Agent 2",3,3,1930062,229,24,"void ck_tile::kentry<ck_tile::gfx11_t, 1, ck_tile::FmhaFwdKernel<ck_tile::BlockFmhaPipelineQRKSVS<ck_tile::BlockFmhaPipelineProblem<_Float16, _Float16, _Float16, float, float, _Float16, unsigned char, float, _Float16, float, _Float16, ck_tile::TileFmhaShape<ck_tile::sequence<64, 32, 32, 256, 32, 256>, ck_tile::sequence<4, 1, 1>, ck_tile::sequence<16, 16, 16>, ck_tile::sequence<4, 1, 1>, ck_tile::sequence<16, 16, 16>, true>, false, ck_tile::ComposedAttention<0u, true>, ck_tile::SimplifiedGenericAttentionMask<true>, false, ck_tile::TileFmhaTraits<false, false, false, false, false, (ck_tile::BlockAttentionBiasEnum)0, false, false, false, (ck_tile::BlockAttentionQuantScaleEnum)0, -1, false> >, ck_tile::BlockFmhaPipelineQXKSVSCustomPolicy<true, false, 1, 1> >, ck_tile::DefaultGemm2DEpilogue<ck_tile::DefaultGemm2DEpilogueProblem<_Float16, _Float16, ck_tile::tuple<>, float, _Float16, ck_tile::tuple<>, ck_tile::tensor_layout::gemm::RowMajor, ck_tile::element_wise::PassThrough, 64, 256, false, false, 16, 16, 16, true, true, (ck_tile::memory_operation_enum)0>, void> >, ck_tile::FmhaFwdKernel<ck_tile::BlockFmhaPipelineQRKSVS<ck_tile::BlockFmhaPipelineProblem<_Float16, _Float16, _Float16, float, float, _Float16, unsigned char, float, _Float16, float, _Float16, ck_tile::TileFmhaShape<ck_tile::sequence<64, 32, 32, 256, 32, 256>, ck_tile::sequence<4, 1, 1>, ck_tile::sequence<16, 16, 16>, ck_tile::sequence<4, 1, 1>, ck_tile::sequence<16, 16, 16>, true>, false, ck_tile::ComposedAttention<0u, true>, ck_tile::SimplifiedGenericAttentionMask<true>, false, ck_tile::TileFmhaTraits<false, false, false, false, false, (ck_tile::BlockAttentionBiasEnum)0, false, false, false, (ck_tile::BlockAttentionQuantScaleEnum)0, -1, false> >, ck_tile::BlockFmhaPipelineQXKSVSCustomPolicy<true, false, 1, 1> >, ck_tile::DefaultGemm2DEpilogue<ck_tile::DefaultGemm2DEpilogueProblem<_Float16, _Float16, ck_tile::tuple<>, float, _Float16, ck_tile::tuple<>, ck_tile::tensor_layout::gemm::RowMajor, ck_tile::element_wise::PassThrough, 64, 256, false, false, 16, 16, 16, true, true, (ck_tile::memory_operation_enum)0>, void> >::FmhaFwdBatchModeKargs>(ck_tile::FmhaFwdKernel<ck_tile::BlockFmhaPipelineQRKSVS<ck_tile::BlockFmhaPipelineProblem<_Float16, _Float16, _Float16, float, float, _Float16, unsigned char, float, _Float16, float, _Float16, ck_tile::TileFmhaShape<ck_tile::sequence<64, 32, 32, 256, 32, 256>, ck_tile::sequence<4, 1, 1>, ck_tile::sequence<16, 16, 16>, ck_tile::sequence<4, 1, 1>, ck_tile::sequence<16, 16, 16>, true>, false, ck_tile::ComposedAttention<0u, true>, ck_tile::SimplifiedGenericAttentionMask<true>, false, ck_tile::TileFmhaTraits<false, false, false, false, false, (ck_tile::BlockAttentionBiasEnum)0, false, false, false, (ck_tile::BlockAttentionQuantScaleEnum)0, -1, false> >, ck_tile::BlockFmhaPipelineQXKSVSCustomPolicy<true, false, 1, 1> >, ck_tile::DefaultGemm2DEpilogue<ck_tile::DefaultGemm2DEpilogueProblem<_Float16, _Float16, ck_tile::tuple<>, float, _Float16, ck_tile::tuple<>, ck_tile::tensor_layout::gemm::RowMajor, ck_tile::element_wise::PassThrough, 64, 256, false, false, 16, 16, 16, true, true, (ck_tile::memory_operation_enum)0>, void> >::FmhaFwdBatchModeKargs)",229,130542926353961,130542930546070,32768,356,256,0,128,128,1,1,3072,32,1
"KERNEL_DISPATCH","Agent 2",3,3,1930062,230,22,"(anonymous namespace)::convert_f16_to_f32(__half const*, float*, unsigned long)",230,130542930571071,130542930622032,0,0,8,0,128,256,1,1,6291456,1,1
"KERNEL_DISPATCH","Agent 2",3,3,1930062,231,21,"(anonymous namespace)::rotate_q_givens_f32_to_f16(float const*, __half*, float const*, float const*, int, int)",231,130542930654793,130542930789756,0,0,24,0,128,32,1,1,1572864,1,1
"KERNEL_DISPATCH","Agent 2",3,3,1930062,232,23,"hipfire::ck_attention::predecode_asym3_k_q8_v_f16(unsigned char const*, unsigned char const*, __half*, __half*, int, int, int)",232,130542930799797,130542931269649,0,0,16,0,128,32,1,1,196608,4,1
"KERNEL_DISPATCH","Agent 2",3,3,1930062,233,24,"void ck_tile::kentry<ck_tile::gfx11_t, 1, ck_tile::FmhaFwdKernel<ck_tile::BlockFmhaPipelineQRKSVS<ck_tile::BlockFmhaPipelineProblem<_Float16, _Float16, _Float16, float, float, _Float16, unsigned char, float, _Float16, float, _Float16, ck_tile::TileFmhaShape<ck_tile::sequence<64, 32, 32, 256, 32, 256>, ck_tile::sequence<4, 1, 1>, ck_tile::sequence<16, 16, 16>, ck_tile::sequence<4, 1, 1>, ck_tile::sequence<16, 16, 16>, true>, false, ck_tile::ComposedAttention<0u, true>, ck_tile::SimplifiedGenericAttentionMask<true>, false, ck_tile::TileFmhaTraits<false, false, false, false, false, (ck_tile::BlockAttentionBiasEnum)0, false, false, false, (ck_tile::BlockAttentionQuantScaleEnum)0, -1, false> >, ck_tile::BlockFmhaPipelineQXKSVSCustomPolicy<true, false, 1, 1> >, ck_tile::DefaultGemm2DEpilogue<ck_tile::DefaultGemm2DEpilogueProblem<_Float16, _Float16, ck_tile::tuple<>, float, _Float16, ck_tile::tuple<>, ck_tile::tensor_layout::gemm::RowMajor, ck_tile::element_wise::PassThrough, 64, 256, false, false, 16, 16, 16, true, true, (ck_tile::memory_operation_enum)0>, void> >, ck_tile::FmhaFwdKernel<ck_tile::BlockFmhaPipelineQRKSVS<ck_tile::BlockFmhaPipelineProblem<_Float16, _Float16, _Float16, float, float, _Float16, unsigned char, float, _Float16, float, _Float16, ck_tile::TileFmhaShape<ck_tile::sequence<64, 32, 32, 256, 32, 256>, ck_tile::sequence<4, 1, 1>, ck_tile::sequence<16, 16, 16>, ck_tile::sequence<4, 1, 1>, ck_tile::sequence<16, 16, 16>, true>, false, ck_tile::ComposedAttention<0u, true>, ck_tile::SimplifiedGenericAttentionMask<true>, false, ck_tile::TileFmhaTraits<false, false, false, false, false, (ck_tile::BlockAttentionBiasEnum)0, false, false, false, (ck_tile::BlockAttentionQuantScaleEnum)0, -1, false> >, ck_tile::BlockFmhaPipelineQXKSVSCustomPolicy<true, false, 1, 1> >, ck_tile::DefaultGemm2DEpilogue<ck_tile::DefaultGemm2DEpilogueProblem<_Float16, _Float16, ck_tile::tuple<>, float, _Float16, ck_tile::tuple<>, ck_tile::tensor_layout::gemm::RowMajor, ck_tile::element_wise::PassThrough, 64, 256, false, false, 16, 16, 16, true, true, (ck_tile::memory_operation_enum)0>, void> >::FmhaFwdBatchModeKargs>(ck_tile::FmhaFwdKernel<ck_tile::BlockFmhaPipelineQRKSVS<ck_tile::BlockFmhaPipelineProblem<_Float16, _Float16, _Float16, float, float, _Float16, unsigned char, float, _Float16, float, _Float16, ck_tile::TileFmhaShape<ck_tile::sequence<64, 32, 32, 256, 32, 256>, ck_tile::sequence<4, 1, 1>, ck_tile::sequence<16, 16, 16>, ck_tile::sequence<4, 1, 1>, ck_tile::sequence<16, 16, 16>, true>, false, ck_tile::ComposedAttention<0u, true>, ck_tile::SimplifiedGenericAttentionMask<true>, false, ck_tile::TileFmhaTraits<false, false, false, false, false, (ck_tile::BlockAttentionBiasEnum)0, false, false, false, (ck_tile::BlockAttentionQuantScaleEnum)0, -1, false> >, ck_tile::BlockFmhaPipelineQXKSVSCustomPolicy<true, false, 1, 1> >, ck_tile::DefaultGemm2DEpilogue<ck_tile::DefaultGemm2DEpilogueProblem<_Float16, _Float16, ck_tile::tuple<>, float, _Float16, ck_tile::tuple<>, ck_tile::tensor_layout::gemm::RowMajor, ck_tile::element_wise::PassThrough, 64, 256, false, false, 16, 16, 16, true, true, (ck_tile::memory_operation_enum)0>, void> >::FmhaFwdBatchModeKargs)",233,130542931274409,130542936492225,32768,356,256,0,128,128,1,1,3072,32,1
"KERNEL_DISPATCH","Agent 2",3,3,1930062,234,22,"(anonymous namespace)::convert_f16_to_f32(__half const*, float*, unsigned long)",234,130542936509426,130542936565427,0,0,8,0,128,256,1,1,6291456,1,1
"KERNEL_DISPATCH","Agent 2",3,3,1930062,235,21,"(anonymous namespace)::rotate_q_givens_f32_to_f16(float const*, __half*, float const*, float const*, int, int)",235,130542936599928,130542936743172,0,0,24,0,128,32,1,1,1572864,1,1
"KERNEL_DISPATCH","Agent 2",3,3,1930062,236,19,"void ck_tile::kentry<ck_tile::gfx11_t, 1, (anonymous namespace)::QuantizedFmhaKernel, (anonymous namespace)::QuantizedFmhaKernel::Kargs>((anonymous namespace)::QuantizedFmhaKernel::Kargs)",236,130542936747692,130542951967369,32768,400,256,0,128,128,1,1,3072,32,1
"KERNEL_DISPATCH","Agent 2",3,3,1930062,237,22,"(anonymous namespace)::convert_f16_to_f32(__half const*, float*, unsigned long)",237,130542951985889,130542952032130,0,0,8,0,128,256,1,1,6291456,1,1
"KERNEL_DISPATCH","Agent 2",3,3,1930062,238,21,"(anonymous namespace)::rotate_q_givens_f32_to_f16(float const*, __half*, float const*, float const*, int, int)",238,130542952063221,130542952203265,0,0,24,0,128,32,1,1,1572864,1,1
"KERNEL_DISPATCH","Agent 2",3,3,1930062,239,19,"void ck_tile::kentry<ck_tile::gfx11_t, 1, (anonymous namespace)::QuantizedFmhaKernel, (anonymous namespace)::QuantizedFmhaKernel::Kargs>((anonymous namespace)::QuantizedFmhaKernel::Kargs)",239,130542952211825,130542966707243,32768,400,256,0,128,128,1,1,3072,32,1
"KERNEL_DISPATCH","Agent 2",3,3,1930062,240,22,"(anonymous namespace)::convert_f16_to_f32(__half const*, float*, unsigned long)",240,130542966724483,130542966768044,0,0,8,0,128,256,1,1,6291456,1,1
"KERNEL_DISPATCH","Agent 2",3,3,1930062,241,21,"(anonymous namespace)::rotate_q_givens_f32_to_f16(float const*, __half*, float const*, float const*, int, int)",241,130542966799045,130542966942289,0,0,24,0,128,32,1,1,1572864,1,1
"KERNEL_DISPATCH","Agent 2",3,3,1930062,242,23,"hipfire::ck_attention::predecode_asym3_k_q8_v_f16(unsigned char const*, unsigned char const*, __half*, __half*, int, int, int)",242,130542966950809,130542967426822,0,0,16,0,128,32,1,1,196608,4,1
"KERNEL_DISPATCH","Agent 2",3,3,1930062,243,24,"void ck_tile::kentry<ck_tile::gfx11_t, 1, ck_tile::FmhaFwdKernel<ck_tile::BlockFmhaPipelineQRKSVS<ck_tile::BlockFmhaPipelineProblem<_Float16, _Float16, _Float16, float, float, _Float16, unsigned char, float, _Float16, float, _Float16, ck_tile::TileFmhaShape<ck_tile::sequence<64, 32, 32, 256, 32, 256>, ck_tile::sequence<4, 1, 1>, ck_tile::sequence<16, 16, 16>, ck_tile::sequence<4, 1, 1>, ck_tile::sequence<16, 16, 16>, true>, false, ck_tile::ComposedAttention<0u, true>, ck_tile::SimplifiedGenericAttentionMask<true>, false, ck_tile::TileFmhaTraits<false, false, false, false, false, (ck_tile::BlockAttentionBiasEnum)0, false, false, false, (ck_tile::BlockAttentionQuantScaleEnum)0, -1, false> >, ck_tile::BlockFmhaPipelineQXKSVSCustomPolicy<true, false, 1, 1> >, ck_tile::DefaultGemm2DEpilogue<ck_tile::DefaultGemm2DEpilogueProblem<_Float16, _Float16, ck_tile::tuple<>, float, _Float16, ck_tile::tuple<>, ck_tile::tensor_layout::gemm::RowMajor, ck_tile::element_wise::PassThrough, 64, 256, false, false, 16, 16, 16, true, true, (ck_tile::memory_operation_enum)0>, void> >, ck_tile::FmhaFwdKernel<ck_tile::BlockFmhaPipelineQRKSVS<ck_tile::BlockFmhaPipelineProblem<_Float16, _Float16, _Float16, float, float, _Float16, unsigned char, float, _Float16, float, _Float16, ck_tile::TileFmhaShape<ck_tile::sequence<64, 32, 32, 256, 32, 256>, ck_tile::sequence<4, 1, 1>, ck_tile::sequence<16, 16, 16>, ck_tile::sequence<4, 1, 1>, ck_tile::sequence<16, 16, 16>, true>, false, ck_tile::ComposedAttention<0u, true>, ck_tile::SimplifiedGenericAttentionMask<true>, false, ck_tile::TileFmhaTraits<false, false, false, false, false, (ck_tile::BlockAttentionBiasEnum)0, false, false, false, (ck_tile::BlockAttentionQuantScaleEnum)0, -1, false> >, ck_tile::BlockFmhaPipelineQXKSVSCustomPolicy<true, false, 1, 1> >, ck_tile::DefaultGemm2DEpilogue<ck_tile::DefaultGemm2DEpilogueProblem<_Float16, _Float16, ck_tile::tuple<>, float, _Float16, ck_tile::tuple<>, ck_tile::tensor_layout::gemm::RowMajor, ck_tile::element_wise::PassThrough, 64, 256, false, false, 16, 16, 16, true, true, (ck_tile::memory_operation_enum)0>, void> >::FmhaFwdBatchModeKargs>(ck_tile::FmhaFwdKernel<ck_tile::BlockFmhaPipelineQRKSVS<ck_tile::BlockFmhaPipelineProblem<_Float16, _Float16, _Float16, float, float, _Float16, unsigned char, float, _Float16, float, _Float16, ck_tile::TileFmhaShape<ck_tile::sequence<64, 32, 32, 256, 32, 256>, ck_tile::sequence<4, 1, 1>, ck_tile::sequence<16, 16, 16>, ck_tile::sequence<4, 1, 1>, ck_tile::sequence<16, 16, 16>, true>, false, ck_tile::ComposedAttention<0u, true>, ck_tile::SimplifiedGenericAttentionMask<true>, false, ck_tile::TileFmhaTraits<false, false, false, false, false, (ck_tile::BlockAttentionBiasEnum)0, false, false, false, (ck_tile::BlockAttentionQuantScaleEnum)0, -1, false> >, ck_tile::BlockFmhaPipelineQXKSVSCustomPolicy<true, false, 1, 1> >, ck_tile::DefaultGemm2DEpilogue<ck_tile::DefaultGemm2DEpilogueProblem<_Float16, _Float16, ck_tile::tuple<>, float, _Float16, ck_tile::tuple<>, ck_tile::tensor_layout::gemm::RowMajor, ck_tile::element_wise::PassThrough, 64, 256, false, false, 16, 16, 16, true, true, (ck_tile::memory_operation_enum)0>, void> >::FmhaFwdBatchModeKargs)",243,130542967432179,130542971489247,32768,356,256,0,128,128,1,1,3072,32,1
"KERNEL_DISPATCH","Agent 2",3,3,1930062,244,22,"(anonymous namespace)::convert_f16_to_f32(__half const*, float*, unsigned long)",244,130542971506207,130542971558088,0,0,8,0,128,256,1,1,6291456,1,1
"KERNEL_DISPATCH","Agent 2",3,3,1930062,245,21,"(anonymous namespace)::rotate_q_givens_f32_to_f16(float const*, __half*, float const*, float const*, int, int)",245,130542971590679,130542971726762,0,0,24,0,128,32,1,1,1572864,1,1
"KERNEL_DISPATCH","Agent 2",3,3,1930062,246,23,"hipfire::ck_attention::predecode_asym3_k_q8_v_f16(unsigned char const*, unsigned char const*, __half*, __half*, int, int, int)",246,130542971735323,130542972190215,0,0,16,0,128,32,1,1,196608,4,1
"KERNEL_DISPATCH","Agent 2",3,3,1930062,247,24,"void ck_tile::kentry<ck_tile::gfx11_t, 1, ck_tile::FmhaFwdKernel<ck_tile::BlockFmhaPipelineQRKSVS<ck_tile::BlockFmhaPipelineProblem<_Float16, _Float16, _Float16, float, float, _Float16, unsigned char, float, _Float16, float, _Float16, ck_tile::TileFmhaShape<ck_tile::sequence<64, 32, 32, 256, 32, 256>, ck_tile::sequence<4, 1, 1>, ck_tile::sequence<16, 16, 16>, ck_tile::sequence<4, 1, 1>, ck_tile::sequence<16, 16, 16>, true>, false, ck_tile::ComposedAttention<0u, true>, ck_tile::SimplifiedGenericAttentionMask<true>, false, ck_tile::TileFmhaTraits<false, false, false, false, false, (ck_tile::BlockAttentionBiasEnum)0, false, false, false, (ck_tile::BlockAttentionQuantScaleEnum)0, -1, false> >, ck_tile::BlockFmhaPipelineQXKSVSCustomPolicy<true, false, 1, 1> >, ck_tile::DefaultGemm2DEpilogue<ck_tile::DefaultGemm2DEpilogueProblem<_Float16, _Float16, ck_tile::tuple<>, float, _Float16, ck_tile::tuple<>, ck_tile::tensor_layout::gemm::RowMajor, ck_tile::element_wise::PassThrough, 64, 256, false, false, 16, 16, 16, true, true, (ck_tile::memory_operation_enum)0>, void> >, ck_tile::FmhaFwdKernel<ck_tile::BlockFmhaPipelineQRKSVS<ck_tile::BlockFmhaPipelineProblem<_Float16, _Float16, _Float16, float, float, _Float16, unsigned char, float, _Float16, float, _Float16, ck_tile::TileFmhaShape<ck_tile::sequence<64, 32, 32, 256, 32, 256>, ck_tile::sequence<4, 1, 1>, ck_tile::sequence<16, 16, 16>, ck_tile::sequence<4, 1, 1>, ck_tile::sequence<16, 16, 16>, true>, false, ck_tile::ComposedAttention<0u, true>, ck_tile::SimplifiedGenericAttentionMask<true>, false, ck_tile::TileFmhaTraits<false, false, false, false, false, (ck_tile::BlockAttentionBiasEnum)0, false, false, false, (ck_tile::BlockAttentionQuantScaleEnum)0, -1, false> >, ck_tile::BlockFmhaPipelineQXKSVSCustomPolicy<true, false, 1, 1> >, ck_tile::DefaultGemm2DEpilogue<ck_tile::DefaultGemm2DEpilogueProblem<_Float16, _Float16, ck_tile::tuple<>, float, _Float16, ck_tile::tuple<>, ck_tile::tensor_layout::gemm::RowMajor, ck_tile::element_wise::PassThrough, 64, 256, false, false, 16, 16, 16, true, true, (ck_tile::memory_operation_enum)0>, void> >::FmhaFwdBatchModeKargs>(ck_tile::FmhaFwdKernel<ck_tile::BlockFmhaPipelineQRKSVS<ck_tile::BlockFmhaPipelineProblem<_Float16, _Float16, _Float16, float, float, _Float16, unsigned char, float, _Float16, float, _Float16, ck_tile::TileFmhaShape<ck_tile::sequence<64, 32, 32, 256, 32, 256>, ck_tile::sequence<4, 1, 1>, ck_tile::sequence<16, 16, 16>, ck_tile::sequence<4, 1, 1>, ck_tile::sequence<16, 16, 16>, true>, false, ck_tile::ComposedAttention<0u, true>, ck_tile::SimplifiedGenericAttentionMask<true>, false, ck_tile::TileFmhaTraits<false, false, false, false, false, (ck_tile::BlockAttentionBiasEnum)0, false, false, false, (ck_tile::BlockAttentionQuantScaleEnum)0, -1, false> >, ck_tile::BlockFmhaPipelineQXKSVSCustomPolicy<true, false, 1, 1> >, ck_tile::DefaultGemm2DEpilogue<ck_tile::DefaultGemm2DEpilogueProblem<_Float16, _Float16, ck_tile::tuple<>, float, _Float16, ck_tile::tuple<>, ck_tile::tensor_layout::gemm::RowMajor, ck_tile::element_wise::PassThrough, 64, 256, false, false, 16, 16, 16, true, true, (ck_tile::memory_operation_enum)0>, void> >::FmhaFwdBatchModeKargs)",247,130542972194695,130542977005223,32768,356,256,0,128,128,1,1,3072,32,1
"KERNEL_DISPATCH","Agent 2",3,3,1930062,248,22,"(anonymous namespace)::convert_f16_to_f32(__half const*, float*, unsigned long)",248,130542977022463,130542977079185,0,0,8,0,128,256,1,1,6291456,1,1
"KERNEL_DISPATCH","Agent 2",3,3,1930062,249,21,"(anonymous namespace)::rotate_q_givens_f32_to_f16(float const*, __half*, float const*, float const*, int, int)",249,130542977111956,130542977243439,0,0,24,0,128,32,1,1,1572864,1,1
"KERNEL_DISPATCH","Agent 2",3,3,1930062,250,19,"void ck_tile::kentry<ck_tile::gfx11_t, 1, (anonymous namespace)::QuantizedFmhaKernel, (anonymous namespace)::QuantizedFmhaKernel::Kargs>((anonymous namespace)::QuantizedFmhaKernel::Kargs)",250,130542977252159,130542992252239,32768,400,256,0,128,128,1,1,3072,32,1
"KERNEL_DISPATCH","Agent 2",3,3,1930062,251,22,"(anonymous namespace)::convert_f16_to_f32(__half const*, float*, unsigned long)",251,130542992269240,130542992314601,0,0,8,0,128,256,1,1,6291456,1,1
"KERNEL_DISPATCH","Agent 2",3,3,1930062,252,21,"(anonymous namespace)::rotate_q_givens_f32_to_f16(float const*, __half*, float const*, float const*, int, int)",252,130542992344932,130542992496936,0,0,24,0,128,32,1,1,1572864,1,1
"KERNEL_DISPATCH","Agent 2",3,3,1930062,253,19,"void ck_tile::kentry<ck_tile::gfx11_t, 1, (anonymous namespace)::QuantizedFmhaKernel, (anonymous namespace)::QuantizedFmhaKernel::Kargs>((anonymous namespace)::QuantizedFmhaKernel::Kargs)",253,130542992501296,130543006821757,32768,400,256,0,128,128,1,1,3072,32,1
"KERNEL_DISPATCH","Agent 2",3,3,1930062,254,22,"(anonymous namespace)::convert_f16_to_f32(__half const*, float*, unsigned long)",254,130543006838798,130543006882399,0,0,8,0,128,256,1,1,6291456,1,1
"KERNEL_DISPATCH","Agent 2",3,3,1930062,255,21,"(anonymous namespace)::rotate_q_givens_f32_to_f16(float const*, __half*, float const*, float const*, int, int)",255,130543006914760,130543007058643,0,0,24,0,128,32,1,1,1572864,1,1
"KERNEL_DISPATCH","Agent 2",3,3,1930062,256,23,"hipfire::ck_attention::predecode_asym3_k_q8_v_f16(unsigned char const*, unsigned char const*, __half*, __half*, int, int, int)",256,130543007067204,130543007514176,0,0,16,0,128,32,1,1,196608,4,1
"KERNEL_DISPATCH","Agent 2",3,3,1930062,257,24,"void ck_tile::kentry<ck_tile::gfx11_t, 1, ck_tile::FmhaFwdKernel<ck_tile::BlockFmhaPipelineQRKSVS<ck_tile::BlockFmhaPipelineProblem<_Float16, _Float16, _Float16, float, float, _Float16, unsigned char, float, _Float16, float, _Float16, ck_tile::TileFmhaShape<ck_tile::sequence<64, 32, 32, 256, 32, 256>, ck_tile::sequence<4, 1, 1>, ck_tile::sequence<16, 16, 16>, ck_tile::sequence<4, 1, 1>, ck_tile::sequence<16, 16, 16>, true>, false, ck_tile::ComposedAttention<0u, true>, ck_tile::SimplifiedGenericAttentionMask<true>, false, ck_tile::TileFmhaTraits<false, false, false, false, false, (ck_tile::BlockAttentionBiasEnum)0, false, false, false, (ck_tile::BlockAttentionQuantScaleEnum)0, -1, false> >, ck_tile::BlockFmhaPipelineQXKSVSCustomPolicy<true, false, 1, 1> >, ck_tile::DefaultGemm2DEpilogue<ck_tile::DefaultGemm2DEpilogueProblem<_Float16, _Float16, ck_tile::tuple<>, float, _Float16, ck_tile::tuple<>, ck_tile::tensor_layout::gemm::RowMajor, ck_tile::element_wise::PassThrough, 64, 256, false, false, 16, 16, 16, true, true, (ck_tile::memory_operation_enum)0>, void> >, ck_tile::FmhaFwdKernel<ck_tile::BlockFmhaPipelineQRKSVS<ck_tile::BlockFmhaPipelineProblem<_Float16, _Float16, _Float16, float, float, _Float16, unsigned char, float, _Float16, float, _Float16, ck_tile::TileFmhaShape<ck_tile::sequence<64, 32, 32, 256, 32, 256>, ck_tile::sequence<4, 1, 1>, ck_tile::sequence<16, 16, 16>, ck_tile::sequence<4, 1, 1>, ck_tile::sequence<16, 16, 16>, true>, false, ck_tile::ComposedAttention<0u, true>, ck_tile::SimplifiedGenericAttentionMask<true>, false, ck_tile::TileFmhaTraits<false, false, false, false, false, (ck_tile::BlockAttentionBiasEnum)0, false, false, false, (ck_tile::BlockAttentionQuantScaleEnum)0, -1, false> >, ck_tile::BlockFmhaPipelineQXKSVSCustomPolicy<true, false, 1, 1> >, ck_tile::DefaultGemm2DEpilogue<ck_tile::DefaultGemm2DEpilogueProblem<_Float16, _Float16, ck_tile::tuple<>, float, _Float16, ck_tile::tuple<>, ck_tile::tensor_layout::gemm::RowMajor, ck_tile::element_wise::PassThrough, 64, 256, false, false, 16, 16, 16, true, true, (ck_tile::memory_operation_enum)0>, void> >::FmhaFwdBatchModeKargs>(ck_tile::FmhaFwdKernel<ck_tile::BlockFmhaPipelineQRKSVS<ck_tile::BlockFmhaPipelineProblem<_Float16, _Float16, _Float16, float, float, _Float16, unsigned char, float, _Float16, float, _Float16, ck_tile::TileFmhaShape<ck_tile::sequence<64, 32, 32, 256, 32, 256>, ck_tile::sequence<4, 1, 1>, ck_tile::sequence<16, 16, 16>, ck_tile::sequence<4, 1, 1>, ck_tile::sequence<16, 16, 16>, true>, false, ck_tile::ComposedAttention<0u, true>, ck_tile::SimplifiedGenericAttentionMask<true>, false, ck_tile::TileFmhaTraits<false, false, false, false, false, (ck_tile::BlockAttentionBiasEnum)0, false, false, false, (ck_tile::BlockAttentionQuantScaleEnum)0, -1, false> >, ck_tile::BlockFmhaPipelineQXKSVSCustomPolicy<true, false, 1, 1> >, ck_tile::DefaultGemm2DEpilogue<ck_tile::DefaultGemm2DEpilogueProblem<_Float16, _Float16, ck_tile::tuple<>, float, _Float16, ck_tile::tuple<>, ck_tile::tensor_layout::gemm::RowMajor, ck_tile::element_wise::PassThrough, 64, 256, false, false, 16, 16, 16, true, true, (ck_tile::memory_operation_enum)0>, void> >::FmhaFwdBatchModeKargs)",257,130543007518736,130543011773769,32768,356,256,0,128,128,1,1,3072,32,1
"KERNEL_DISPATCH","Agent 2",3,3,1930062,258,22,"(anonymous namespace)::convert_f16_to_f32(__half const*, float*, unsigned long)",258,130543011791130,130543011852851,0,0,8,0,128,256,1,1,6291456,1,1
"KERNEL_DISPATCH","Agent 2",3,3,1930062,259,21,"(anonymous namespace)::rotate_q_givens_f32_to_f16(float const*, __half*, float const*, float const*, int, int)",259,130543011886292,130543012041576,0,0,24,0,128,32,1,1,1572864,1,1
"KERNEL_DISPATCH","Agent 2",3,3,1930062,260,23,"hipfire::ck_attention::predecode_asym3_k_q8_v_f16(unsigned char const*, unsigned char const*, __half*, __half*, int, int, int)",260,130543012052377,130543012520189,0,0,16,0,128,32,1,1,196608,4,1
"KERNEL_DISPATCH","Agent 2",3,3,1930062,261,24,"void ck_tile::kentry<ck_tile::gfx11_t, 1, ck_tile::FmhaFwdKernel<ck_tile::BlockFmhaPipelineQRKSVS<ck_tile::BlockFmhaPipelineProblem<_Float16, _Float16, _Float16, float, float, _Float16, unsigned char, float, _Float16, float, _Float16, ck_tile::TileFmhaShape<ck_tile::sequence<64, 32, 32, 256, 32, 256>, ck_tile::sequence<4, 1, 1>, ck_tile::sequence<16, 16, 16>, ck_tile::sequence<4, 1, 1>, ck_tile::sequence<16, 16, 16>, true>, false, ck_tile::ComposedAttention<0u, true>, ck_tile::SimplifiedGenericAttentionMask<true>, false, ck_tile::TileFmhaTraits<false, false, false, false, false, (ck_tile::BlockAttentionBiasEnum)0, false, false, false, (ck_tile::BlockAttentionQuantScaleEnum)0, -1, false> >, ck_tile::BlockFmhaPipelineQXKSVSCustomPolicy<true, false, 1, 1> >, ck_tile::DefaultGemm2DEpilogue<ck_tile::DefaultGemm2DEpilogueProblem<_Float16, _Float16, ck_tile::tuple<>, float, _Float16, ck_tile::tuple<>, ck_tile::tensor_layout::gemm::RowMajor, ck_tile::element_wise::PassThrough, 64, 256, false, false, 16, 16, 16, true, true, (ck_tile::memory_operation_enum)0>, void> >, ck_tile::FmhaFwdKernel<ck_tile::BlockFmhaPipelineQRKSVS<ck_tile::BlockFmhaPipelineProblem<_Float16, _Float16, _Float16, float, float, _Float16, unsigned char, float, _Float16, float, _Float16, ck_tile::TileFmhaShape<ck_tile::sequence<64, 32, 32, 256, 32, 256>, ck_tile::sequence<4, 1, 1>, ck_tile::sequence<16, 16, 16>, ck_tile::sequence<4, 1, 1>, ck_tile::sequence<16, 16, 16>, true>, false, ck_tile::ComposedAttention<0u, true>, ck_tile::SimplifiedGenericAttentionMask<true>, false, ck_tile::TileFmhaTraits<false, false, false, false, false, (ck_tile::BlockAttentionBiasEnum)0, false, false, false, (ck_tile::BlockAttentionQuantScaleEnum)0, -1, false> >, ck_tile::BlockFmhaPipelineQXKSVSCustomPolicy<true, false, 1, 1> >, ck_tile::DefaultGemm2DEpilogue<ck_tile::DefaultGemm2DEpilogueProblem<_Float16, _Float16, ck_tile::tuple<>, float, _Float16, ck_tile::tuple<>, ck_tile::tensor_layout::gemm::RowMajor, ck_tile::element_wise::PassThrough, 64, 256, false, false, 16, 16, 16, true, true, (ck_tile::memory_operation_enum)0>, void> >::FmhaFwdBatchModeKargs>(ck_tile::FmhaFwdKernel<ck_tile::BlockFmhaPipelineQRKSVS<ck_tile::BlockFmhaPipelineProblem<_Float16, _Float16, _Float16, float, float, _Float16, unsigned char, float, _Float16, float, _Float16, ck_tile::TileFmhaShape<ck_tile::sequence<64, 32, 32, 256, 32, 256>, ck_tile::sequence<4, 1, 1>, ck_tile::sequence<16, 16, 16>, ck_tile::sequence<4, 1, 1>, ck_tile::sequence<16, 16, 16>, true>, false, ck_tile::ComposedAttention<0u, true>, ck_tile::SimplifiedGenericAttentionMask<true>, false, ck_tile::TileFmhaTraits<false, false, false, false, false, (ck_tile::BlockAttentionBiasEnum)0, false, false, false, (ck_tile::BlockAttentionQuantScaleEnum)0, -1, false> >, ck_tile::BlockFmhaPipelineQXKSVSCustomPolicy<true, false, 1, 1> >, ck_tile::DefaultGemm2DEpilogue<ck_tile::DefaultGemm2DEpilogueProblem<_Float16, _Float16, ck_tile::tuple<>, float, _Float16, ck_tile::tuple<>, ck_tile::tensor_layout::gemm::RowMajor, ck_tile::element_wise::PassThrough, 64, 256, false, false, 16, 16, 16, true, true, (ck_tile::memory_operation_enum)0>, void> >::FmhaFwdBatchModeKargs)",261,130543012525229,130543017800610,32768,356,256,0,128,128,1,1,3072,32,1
"KERNEL_DISPATCH","Agent 2",3,3,1930062,262,22,"(anonymous namespace)::convert_f16_to_f32(__half const*, float*, unsigned long)",262,130543017818050,130543017874172,0,0,8,0,128,256,1,1,6291456,1,1
"KERNEL_DISPATCH","Agent 2",3,3,1930062,263,21,"(anonymous namespace)::rotate_q_givens_f32_to_f16(float const*, __half*, float const*, float const*, int, int)",263,130543017908053,130543018051936,0,0,24,0,128,32,1,1,1572864,1,1
"KERNEL_DISPATCH","Agent 2",3,3,1930062,264,19,"void ck_tile::kentry<ck_tile::gfx11_t, 1, (anonymous namespace)::QuantizedFmhaKernel, (anonymous namespace)::QuantizedFmhaKernel::Kargs>((anonymous namespace)::QuantizedFmhaKernel::Kargs)",264,130543018056416,130543032724567,32768,400,256,0,128,128,1,1,3072,32,1
"KERNEL_DISPATCH","Agent 2",3,3,1930062,265,22,"(anonymous namespace)::convert_f16_to_f32(__half const*, float*, unsigned long)",265,130543032743048,130543032788289,0,0,8,0,128,256,1,1,6291456,1,1
"KERNEL_DISPATCH","Agent 2",3,3,1930062,266,21,"(anonymous namespace)::rotate_q_givens_f32_to_f16(float const*, __half*, float const*, float const*, int, int)",266,130543032818660,130543032959143,0,0,24,0,128,32,1,1,1572864,1,1
"KERNEL_DISPATCH","Agent 2",3,3,1930062,267,19,"void ck_tile::kentry<ck_tile::gfx11_t, 1, (anonymous namespace)::QuantizedFmhaKernel, (anonymous namespace)::QuantizedFmhaKernel::Kargs>((anonymous namespace)::QuantizedFmhaKernel::Kargs)",267,130543032967233,130543047175203,32768,400,256,0,128,128,1,1,3072,32,1
"KERNEL_DISPATCH","Agent 2",3,3,1930062,268,22,"(anonymous namespace)::convert_f16_to_f32(__half const*, float*, unsigned long)",268,130543047192283,130543047235484,0,0,8,0,128,256,1,1,6291456,1,1
"KERNEL_DISPATCH","Agent 2",3,3,1930062,269,21,"(anonymous namespace)::rotate_q_givens_f32_to_f16(float const*, __half*, float const*, float const*, int, int)",269,130543047265374,130543047422458,0,0,24,0,128,32,1,1,1572864,1,1
"KERNEL_DISPATCH","Agent 2",3,3,1930062,270,23,"hipfire::ck_attention::predecode_asym3_k_q8_v_f16(unsigned char const*, unsigned char const*, __half*, __half*, int, int, int)",270,130543047427459,130543047830349,0,0,16,0,128,32,1,1,196608,4,1
"KERNEL_DISPATCH","Agent 2",3,3,1930062,271,24,"void ck_tile::kentry<ck_tile::gfx11_t, 1, ck_tile::FmhaFwdKernel<ck_tile::BlockFmhaPipelineQRKSVS<ck_tile::BlockFmhaPipelineProblem<_Float16, _Float16, _Float16, float, float, _Float16, unsigned char, float, _Float16, float, _Float16, ck_tile::TileFmhaShape<ck_tile::sequence<64, 32, 32, 256, 32, 256>, ck_tile::sequence<4, 1, 1>, ck_tile::sequence<16, 16, 16>, ck_tile::sequence<4, 1, 1>, ck_tile::sequence<16, 16, 16>, true>, false, ck_tile::ComposedAttention<0u, true>, ck_tile::SimplifiedGenericAttentionMask<true>, false, ck_tile::TileFmhaTraits<false, false, false, false, false, (ck_tile::BlockAttentionBiasEnum)0, false, false, false, (ck_tile::BlockAttentionQuantScaleEnum)0, -1, false> >, ck_tile::BlockFmhaPipelineQXKSVSCustomPolicy<true, false, 1, 1> >, ck_tile::DefaultGemm2DEpilogue<ck_tile::DefaultGemm2DEpilogueProblem<_Float16, _Float16, ck_tile::tuple<>, float, _Float16, ck_tile::tuple<>, ck_tile::tensor_layout::gemm::RowMajor, ck_tile::element_wise::PassThrough, 64, 256, false, false, 16, 16, 16, true, true, (ck_tile::memory_operation_enum)0>, void> >, ck_tile::FmhaFwdKernel<ck_tile::BlockFmhaPipelineQRKSVS<ck_tile::BlockFmhaPipelineProblem<_Float16, _Float16, _Float16, float, float, _Float16, unsigned char, float, _Float16, float, _Float16, ck_tile::TileFmhaShape<ck_tile::sequence<64, 32, 32, 256, 32, 256>, ck_tile::sequence<4, 1, 1>, ck_tile::sequence<16, 16, 16>, ck_tile::sequence<4, 1, 1>, ck_tile::sequence<16, 16, 16>, true>, false, ck_tile::ComposedAttention<0u, true>, ck_tile::SimplifiedGenericAttentionMask<true>, false, ck_tile::TileFmhaTraits<false, false, false, false, false, (ck_tile::BlockAttentionBiasEnum)0, false, false, false, (ck_tile::BlockAttentionQuantScaleEnum)0, -1, false> >, ck_tile::BlockFmhaPipelineQXKSVSCustomPolicy<true, false, 1, 1> >, ck_tile::DefaultGemm2DEpilogue<ck_tile::DefaultGemm2DEpilogueProblem<_Float16, _Float16, ck_tile::tuple<>, float, _Float16, ck_tile::tuple<>, ck_tile::tensor_layout::gemm::RowMajor, ck_tile::element_wise::PassThrough, 64, 256, false, false, 16, 16, 16, true, true, (ck_tile::memory_operation_enum)0>, void> >::FmhaFwdBatchModeKargs>(ck_tile::FmhaFwdKernel<ck_tile::BlockFmhaPipelineQRKSVS<ck_tile::BlockFmhaPipelineProblem<_Float16, _Float16, _Float16, float, float, _Float16, unsigned char, float, _Float16, float, _Float16, ck_tile::TileFmhaShape<ck_tile::sequence<64, 32, 32, 256, 32, 256>, ck_tile::sequence<4, 1, 1>, ck_tile::sequence<16, 16, 16>, ck_tile::sequence<4, 1, 1>, ck_tile::sequence<16, 16, 16>, true>, false, ck_tile::ComposedAttention<0u, true>, ck_tile::SimplifiedGenericAttentionMask<true>, false, ck_tile::TileFmhaTraits<false, false, false, false, false, (ck_tile::BlockAttentionBiasEnum)0, false, false, false, (ck_tile::BlockAttentionQuantScaleEnum)0, -1, false> >, ck_tile::BlockFmhaPipelineQXKSVSCustomPolicy<true, false, 1, 1> >, ck_tile::DefaultGemm2DEpilogue<ck_tile::DefaultGemm2DEpilogueProblem<_Float16, _Float16, ck_tile::tuple<>, float, _Float16, ck_tile::tuple<>, ck_tile::tensor_layout::gemm::RowMajor, ck_tile::element_wise::PassThrough, 64, 256, false, false, 16, 16, 16, true, true, (ck_tile::memory_operation_enum)0>, void> >::FmhaFwdBatchModeKargs)",271,130543047834949,130543052300826,32768,356,256,0,128,128,1,1,3072,32,1
"KERNEL_DISPATCH","Agent 2",3,3,1930062,272,22,"(anonymous namespace)::convert_f16_to_f32(__half const*, float*, unsigned long)",272,130543052318226,130543052401508,0,0,8,0,128,256,1,1,6291456,1,1
"KERNEL_DISPATCH","Agent 2",3,3,1930062,273,21,"(anonymous namespace)::rotate_q_givens_f32_to_f16(float const*, __half*, float const*, float const*, int, int)",273,130543052433969,130543052565293,0,0,24,0,128,32,1,1,1572864,1,1
"KERNEL_DISPATCH","Agent 2",3,3,1930062,274,19,"void ck_tile::kentry<ck_tile::gfx11_t, 1, (anonymous namespace)::QuantizedFmhaKernel, (anonymous namespace)::QuantizedFmhaKernel::Kargs>((anonymous namespace)::QuantizedFmhaKernel::Kargs)",274,130543052575853,130543067636605,32768,400,256,0,128,128,1,1,3072,32,1
"KERNEL_DISPATCH","Agent 2",3,3,1930062,276,21,"(anonymous namespace)::rotate_q_givens_f32_to_f16(float const*, __half*, float const*, float const*, int, int)",276,130543067702447,130543067847331,0,0,24,0,128,32,1,1,1572864,1,1
"KERNEL_DISPATCH","Agent 2",3,3,1930062,275,22,"(anonymous namespace)::convert_f16_to_f32(__half const*, float*, unsigned long)",275,130543067653766,130543067698767,0,0,8,0,128,256,1,1,6291456,1,1
"KERNEL_DISPATCH","Agent 2",3,3,1930062,277,23,"hipfire::ck_attention::predecode_asym3_k_q8_v_f16(unsigned char const*, unsigned char const*, __half*, __half*, int, int, int)",277,130543067855691,130543068278182,0,0,16,0,128,32,1,1,196608,4,1
"KERNEL_DISPATCH","Agent 2",3,3,1930062,278,24,"void ck_tile::kentry<ck_tile::gfx11_t, 1, ck_tile::FmhaFwdKernel<ck_tile::BlockFmhaPipelineQRKSVS<ck_tile::BlockFmhaPipelineProblem<_Float16, _Float16, _Float16, float, float, _Float16, unsigned char, float, _Float16, float, _Float16, ck_tile::TileFmhaShape<ck_tile::sequence<64, 32, 32, 256, 32, 256>, ck_tile::sequence<4, 1, 1>, ck_tile::sequence<16, 16, 16>, ck_tile::sequence<4, 1, 1>, ck_tile::sequence<16, 16, 16>, true>, false, ck_tile::ComposedAttention<0u, true>, ck_tile::SimplifiedGenericAttentionMask<true>, false, ck_tile::TileFmhaTraits<false, false, false, false, false, (ck_tile::BlockAttentionBiasEnum)0, false, false, false, (ck_tile::BlockAttentionQuantScaleEnum)0, -1, false> >, ck_tile::BlockFmhaPipelineQXKSVSCustomPolicy<true, false, 1, 1> >, ck_tile::DefaultGemm2DEpilogue<ck_tile::DefaultGemm2DEpilogueProblem<_Float16, _Float16, ck_tile::tuple<>, float, _Float16, ck_tile::tuple<>, ck_tile::tensor_layout::gemm::RowMajor, ck_tile::element_wise::PassThrough, 64, 256, false, false, 16, 16, 16, true, true, (ck_tile::memory_operation_enum)0>, void> >, ck_tile::FmhaFwdKernel<ck_tile::BlockFmhaPipelineQRKSVS<ck_tile::BlockFmhaPipelineProblem<_Float16, _Float16, _Float16, float, float, _Float16, unsigned char, float, _Float16, float, _Float16, ck_tile::TileFmhaShape<ck_tile::sequence<64, 32, 32, 256, 32, 256>, ck_tile::sequence<4, 1, 1>, ck_tile::sequence<16, 16, 16>, ck_tile::sequence<4, 1, 1>, ck_tile::sequence<16, 16, 16>, true>, false, ck_tile::ComposedAttention<0u, true>, ck_tile::SimplifiedGenericAttentionMask<true>, false, ck_tile::TileFmhaTraits<false, false, false, false, false, (ck_tile::BlockAttentionBiasEnum)0, false, false, false, (ck_tile::BlockAttentionQuantScaleEnum)0, -1, false> >, ck_tile::BlockFmhaPipelineQXKSVSCustomPolicy<true, false, 1, 1> >, ck_tile::DefaultGemm2DEpilogue<ck_tile::DefaultGemm2DEpilogueProblem<_Float16, _Float16, ck_tile::tuple<>, float, _Float16, ck_tile::tuple<>, ck_tile::tensor_layout::gemm::RowMajor, ck_tile::element_wise::PassThrough, 64, 256, false, false, 16, 16, 16, true, true, (ck_tile::memory_operation_enum)0>, void> >::FmhaFwdBatchModeKargs>(ck_tile::FmhaFwdKernel<ck_tile::BlockFmhaPipelineQRKSVS<ck_tile::BlockFmhaPipelineProblem<_Float16, _Float16, _Float16, float, float, _Float16, unsigned char, float, _Float16, float, _Float16, ck_tile::TileFmhaShape<ck_tile::sequence<64, 32, 32, 256, 32, 256>, ck_tile::sequence<4, 1, 1>, ck_tile::sequence<16, 16, 16>, ck_tile::sequence<4, 1, 1>, ck_tile::sequence<16, 16, 16>, true>, false, ck_tile::ComposedAttention<0u, true>, ck_tile::SimplifiedGenericAttentionMask<true>, false, ck_tile::TileFmhaTraits<false, false, false, false, false, (ck_tile::BlockAttentionBiasEnum)0, false, false, false, (ck_tile::BlockAttentionQuantScaleEnum)0, -1, false> >, ck_tile::BlockFmhaPipelineQXKSVSCustomPolicy<true, false, 1, 1> >, ck_tile::DefaultGemm2DEpilogue<ck_tile::DefaultGemm2DEpilogueProblem<_Float16, _Float16, ck_tile::tuple<>, float, _Float16, ck_tile::tuple<>, ck_tile::tensor_layout::gemm::RowMajor, ck_tile::element_wise::PassThrough, 64, 256, false, false, 16, 16, 16, true, true, (ck_tile::memory_operation_enum)0>, void> >::FmhaFwdBatchModeKargs)",278,130543068286462,130543072648656,32768,356,256,0,128,128,1,1,3072,32,1
"KERNEL_DISPATCH","Agent 2",3,3,1930062,279,22,"(anonymous namespace)::convert_f16_to_f32(__half const*, float*, unsigned long)",279,130543072665817,130543072723938,0,0,8,0,128,256,1,1,6291456,1,1
"KERNEL_DISPATCH","Agent 2",4,4,1930062,281,15,"__amd_rocclr_copyBuffer",281,130543260226874,130543260229594,0,0,16,0,128,512,1,1,512,1,1
"KERNEL_DISPATCH","Agent 2",4,4,1930062,282,21,"(anonymous namespace)::rotate_q_givens_f32_to_f16(float const*, __half*, float const*, float const*, int, int)",282,130543260273225,130543260304705,0,0,24,0,128,32,1,1,1572864,1,1
"KERNEL_DISPATCH","Agent 2",4,4,1930062,280,15,"__amd_rocclr_copyBuffer",280,130543260211474,130543260220434,0,0,16,0,128,512,1,1,512,1,1
"KERNEL_DISPATCH","Agent 2",4,4,1930062,283,19,"void ck_tile::kentry<ck_tile::gfx11_t, 1, (anonymous namespace)::QuantizedFmhaKernel, (anonymous namespace)::QuantizedFmhaKernel::Kargs>((anonymous namespace)::QuantizedFmhaKernel::Kargs)",283,130543260586873,130543280789997,32768,400,256,0,128,128,1,1,3072,32,1
"KERNEL_DISPATCH","Agent 2",4,4,1930062,284,22,"(anonymous namespace)::convert_f16_to_f32(__half const*, float*, unsigned long)",284,130543280809717,130543280862319,0,0,8,0,128,256,1,1,6291456,1,1
"KERNEL_DISPATCH","Agent 2",4,4,1930062,286,23,"hipfire::ck_attention::predecode_asym3_k_q8_v_f16(unsigned char const*, unsigned char const*, __half*, __half*, int, int, int)",286,130543281014882,130543281569377,0,0,16,0,128,32,1,1,262144,4,1
"KERNEL_DISPATCH","Agent 2",4,4,1930062,289,21,"(anonymous namespace)::rotate_q_givens_f32_to_f16(float const*, __half*, float const*, float const*, int, int)",289,130543287767178,130543287902821,0,0,24,0,128,32,1,1,1572864,1,1
"KERNEL_DISPATCH","Agent 2",4,4,1930062,312,22,"(anonymous namespace)::convert_f16_to_f32(__half const*, float*, unsigned long)",312,130543397338292,130543397386053,0,0,8,0,128,256,1,1,6291456,1,1
"KERNEL_DISPATCH","Agent 2",4,4,1930062,307,23,"hipfire::ck_attention::predecode_asym3_k_q8_v_f16(unsigned char const*, unsigned char const*, __half*, __half*, int, int, int)",307,130543368989593,130543369533647,0,0,16,0,128,32,1,1,262144,4,1
"KERNEL_DISPATCH","Agent 2",4,4,1930062,302,22,"(anonymous namespace)::convert_f16_to_f32(__half const*, float*, unsigned long)",302,130543346925498,130543346990900,0,0,8,0,128,256,1,1,6291456,1,1
"KERNEL_DISPATCH","Agent 2",4,4,1930062,297,19,"void ck_tile::kentry<ck_tile::gfx11_t, 1, (anonymous namespace)::QuantizedFmhaKernel, (anonymous namespace)::QuantizedFmhaKernel::Kargs>((anonymous namespace)::QuantizedFmhaKernel::Kargs)",297,130543317502971,130543339550826,32768,400,256,0,128,128,1,1,3072,32,1
"KERNEL_DISPATCH","Agent 2",4,4,1930062,292,21,"(anonymous namespace)::rotate_q_givens_f32_to_f16(float const*, __half*, float const*, float const*, int, int)",292,130543309961655,130543310105139,0,0,24,0,128,32,1,1,1572864,1,1
"KERNEL_DISPATCH","Agent 2",4,4,1930062,287,24,"void ck_tile::kentry<ck_tile::gfx11_t, 1, ck_tile::FmhaFwdKernel<ck_tile::BlockFmhaPipelineQRKSVS<ck_tile::BlockFmhaPipelineProblem<_Float16, _Float16, _Float16, float, float, _Float16, unsigned char, float, _Float16, float, _Float16, ck_tile::TileFmhaShape<ck_tile::sequence<64, 32, 32, 256, 32, 256>, ck_tile::sequence<4, 1, 1>, ck_tile::sequence<16, 16, 16>, ck_tile::sequence<4, 1, 1>, ck_tile::sequence<16, 16, 16>, true>, false, ck_tile::ComposedAttention<0u, true>, ck_tile::SimplifiedGenericAttentionMask<true>, false, ck_tile::TileFmhaTraits<false, false, false, false, false, (ck_tile::BlockAttentionBiasEnum)0, false, false, false, (ck_tile::BlockAttentionQuantScaleEnum)0, -1, false> >, ck_tile::BlockFmhaPipelineQXKSVSCustomPolicy<true, false, 1, 1> >, ck_tile::DefaultGemm2DEpilogue<ck_tile::DefaultGemm2DEpilogueProblem<_Float16, _Float16, ck_tile::tuple<>, float, _Float16, ck_tile::tuple<>, ck_tile::tensor_layout::gemm::RowMajor, ck_tile::element_wise::PassThrough, 64, 256, false, false, 16, 16, 16, true, true, (ck_tile::memory_operation_enum)0>, void> >, ck_tile::FmhaFwdKernel<ck_tile::BlockFmhaPipelineQRKSVS<ck_tile::BlockFmhaPipelineProblem<_Float16, _Float16, _Float16, float, float, _Float16, unsigned char, float, _Float16, float, _Float16, ck_tile::TileFmhaShape<ck_tile::sequence<64, 32, 32, 256, 32, 256>, ck_tile::sequence<4, 1, 1>, ck_tile::sequence<16, 16, 16>, ck_tile::sequence<4, 1, 1>, ck_tile::sequence<16, 16, 16>, true>, false, ck_tile::ComposedAttention<0u, true>, ck_tile::SimplifiedGenericAttentionMask<true>, false, ck_tile::TileFmhaTraits<false, false, false, false, false, (ck_tile::BlockAttentionBiasEnum)0, false, false, false, (ck_tile::BlockAttentionQuantScaleEnum)0, -1, false> >, ck_tile::BlockFmhaPipelineQXKSVSCustomPolicy<true, false, 1, 1> >, ck_tile::DefaultGemm2DEpilogue<ck_tile::DefaultGemm2DEpilogueProblem<_Float16, _Float16, ck_tile::tuple<>, float, _Float16, ck_tile::tuple<>, ck_tile::tensor_layout::gemm::RowMajor, ck_tile::element_wise::PassThrough, 64, 256, false, false, 16, 16, 16, true, true, (ck_tile::memory_operation_enum)0>, void> >::FmhaFwdBatchModeKargs>(ck_tile::FmhaFwdKernel<ck_tile::BlockFmhaPipelineQRKSVS<ck_tile::BlockFmhaPipelineProblem<_Float16, _Float16, _Float16, float, float, _Float16, unsigned char, float, _Float16, float, _Float16, ck_tile::TileFmhaShape<ck_tile::sequence<64, 32, 32, 256, 32, 256>, ck_tile::sequence<4, 1, 1>, ck_tile::sequence<16, 16, 16>, ck_tile::sequence<4, 1, 1>, ck_tile::sequence<16, 16, 16>, true>, false, ck_tile::ComposedAttention<0u, true>, ck_tile::SimplifiedGenericAttentionMask<true>, false, ck_tile::TileFmhaTraits<false, false, false, false, false, (ck_tile::BlockAttentionBiasEnum)0, false, false, false, (ck_tile::BlockAttentionQuantScaleEnum)0, -1, false> >, ck_tile::BlockFmhaPipelineQXKSVSCustomPolicy<true, false, 1, 1> >, ck_tile::DefaultGemm2DEpilogue<ck_tile::DefaultGemm2DEpilogueProblem<_Float16, _Float16, ck_tile::tuple<>, float, _Float16, ck_tile::tuple<>, ck_tile::tensor_layout::gemm::RowMajor, ck_tile::element_wise::PassThrough, 64, 256, false, false, 16, 16, 16, true, true, (ck_tile::memory_operation_enum)0>, void> >::FmhaFwdBatchModeKargs)",287,130543281587115,130543287687434,32768,356,256,0,128,128,1,1,3072,32,1
"KERNEL_DISPATCH","Agent 2",4,4,1930062,288,22,"(anonymous namespace)::convert_f16_to_f32(__half const*, float*, unsigned long)",288,130543287704675,130543287763636,0,0,8,0,128,256,1,1,6291456,1,1
"KERNEL_DISPATCH","Agent 2",4,4,1930062,293,23,"hipfire::ck_attention::predecode_asym3_k_q8_v_f16(unsigned char const*, unsigned char const*, __half*, __half*, int, int, int)",293,130543310113459,130543310766756,0,0,16,0,128,32,1,1,262144,4,1
"KERNEL_DISPATCH","Agent 2",4,4,1930062,298,22,"(anonymous namespace)::convert_f16_to_f32(__half const*, float*, unsigned long)",298,130543339567786,130543339615108,0,0,8,0,128,256,1,1,6291456,1,1
"KERNEL_DISPATCH","Agent 2",4,4,1930062,303,21,"(anonymous namespace)::rotate_q_givens_f32_to_f16(float const*, __half*, float const*, float const*, int, int)",303,130543346995300,130543347129664,0,0,24,0,128,32,1,1,1572864,1,1
"KERNEL_DISPATCH","Agent 2",4,4,1930062,308,24,"void ck_tile::kentry<ck_tile::gfx11_t, 1, ck_tile::FmhaFwdKernel<ck_tile::BlockFmhaPipelineQRKSVS<ck_tile::BlockFmhaPipelineProblem<_Float16, _Float16, _Float16, float, float, _Float16, unsigned char, float, _Float16, float, _Float16, ck_tile::TileFmhaShape<ck_tile::sequence<64, 32, 32, 256, 32, 256>, ck_tile::sequence<4, 1, 1>, ck_tile::sequence<16, 16, 16>, ck_tile::sequence<4, 1, 1>, ck_tile::sequence<16, 16, 16>, true>, false, ck_tile::ComposedAttention<0u, true>, ck_tile::SimplifiedGenericAttentionMask<true>, false, ck_tile::TileFmhaTraits<false, false, false, false, false, (ck_tile::BlockAttentionBiasEnum)0, false, false, false, (ck_tile::BlockAttentionQuantScaleEnum)0, -1, false> >, ck_tile::BlockFmhaPipelineQXKSVSCustomPolicy<true, false, 1, 1> >, ck_tile::DefaultGemm2DEpilogue<ck_tile::DefaultGemm2DEpilogueProblem<_Float16, _Float16, ck_tile::tuple<>, float, _Float16, ck_tile::tuple<>, ck_tile::tensor_layout::gemm::RowMajor, ck_tile::element_wise::PassThrough, 64, 256, false, false, 16, 16, 16, true, true, (ck_tile::memory_operation_enum)0>, void> >, ck_tile::FmhaFwdKernel<ck_tile::BlockFmhaPipelineQRKSVS<ck_tile::BlockFmhaPipelineProblem<_Float16, _Float16, _Float16, float, float, _Float16, unsigned char, float, _Float16, float, _Float16, ck_tile::TileFmhaShape<ck_tile::sequence<64, 32, 32, 256, 32, 256>, ck_tile::sequence<4, 1, 1>, ck_tile::sequence<16, 16, 16>, ck_tile::sequence<4, 1, 1>, ck_tile::sequence<16, 16, 16>, true>, false, ck_tile::ComposedAttention<0u, true>, ck_tile::SimplifiedGenericAttentionMask<true>, false, ck_tile::TileFmhaTraits<false, false, false, false, false, (ck_tile::BlockAttentionBiasEnum)0, false, false, false, (ck_tile::BlockAttentionQuantScaleEnum)0, -1, false> >, ck_tile::BlockFmhaPipelineQXKSVSCustomPolicy<true, false, 1, 1> >, ck_tile::DefaultGemm2DEpilogue<ck_tile::DefaultGemm2DEpilogueProblem<_Float16, _Float16, ck_tile::tuple<>, float, _Float16, ck_tile::tuple<>, ck_tile::tensor_layout::gemm::RowMajor, ck_tile::element_wise::PassThrough, 64, 256, false, false, 16, 16, 16, true, true, (ck_tile::memory_operation_enum)0>, void> >::FmhaFwdBatchModeKargs>(ck_tile::FmhaFwdKernel<ck_tile::BlockFmhaPipelineQRKSVS<ck_tile::BlockFmhaPipelineProblem<_Float16, _Float16, _Float16, float, float, _Float16, unsigned char, float, _Float16, float, _Float16, ck_tile::TileFmhaShape<ck_tile::sequence<64, 32, 32, 256, 32, 256>, ck_tile::sequence<4, 1, 1>, ck_tile::sequence<16, 16, 16>, ck_tile::sequence<4, 1, 1>, ck_tile::sequence<16, 16, 16>, true>, false, ck_tile::ComposedAttention<0u, true>, ck_tile::SimplifiedGenericAttentionMask<true>, false, ck_tile::TileFmhaTraits<false, false, false, false, false, (ck_tile::BlockAttentionBiasEnum)0, false, false, false, (ck_tile::BlockAttentionQuantScaleEnum)0, -1, false> >, ck_tile::BlockFmhaPipelineQXKSVSCustomPolicy<true, false, 1, 1> >, ck_tile::DefaultGemm2DEpilogue<ck_tile::DefaultGemm2DEpilogueProblem<_Float16, _Float16, ck_tile::tuple<>, float, _Float16, ck_tile::tuple<>, ck_tile::tensor_layout::gemm::RowMajor, ck_tile::element_wise::PassThrough, 64, 256, false, false, 16, 16, 16, true, true, (ck_tile::memory_operation_enum)0>, void> >::FmhaFwdBatchModeKargs)",308,130543369538168,130543375900453,32768,356,256,0,128,128,1,1,3072,32,1
"KERNEL_DISPATCH","Agent 2",4,4,1930062,294,24,"void ck_tile::kentry<ck_tile::gfx11_t, 1, ck_tile::FmhaFwdKernel<ck_tile::BlockFmhaPipelineQRKSVS<ck_tile::BlockFmhaPipelineProblem<_Float16, _Float16, _Float16, float, float, _Float16, unsigned char, float, _Float16, float, _Float16, ck_tile::TileFmhaShape<ck_tile::sequence<64, 32, 32, 256, 32, 256>, ck_tile::sequence<4, 1, 1>, ck_tile::sequence<16, 16, 16>, ck_tile::sequence<4, 1, 1>, ck_tile::sequence<16, 16, 16>, true>, false, ck_tile::ComposedAttention<0u, true>, ck_tile::SimplifiedGenericAttentionMask<true>, false, ck_tile::TileFmhaTraits<false, false, false, false, false, (ck_tile::BlockAttentionBiasEnum)0, false, false, false, (ck_tile::BlockAttentionQuantScaleEnum)0, -1, false> >, ck_tile::BlockFmhaPipelineQXKSVSCustomPolicy<true, false, 1, 1> >, ck_tile::DefaultGemm2DEpilogue<ck_tile::DefaultGemm2DEpilogueProblem<_Float16, _Float16, ck_tile::tuple<>, float, _Float16, ck_tile::tuple<>, ck_tile::tensor_layout::gemm::RowMajor, ck_tile::element_wise::PassThrough, 64, 256, false, false, 16, 16, 16, true, true, (ck_tile::memory_operation_enum)0>, void> >, ck_tile::FmhaFwdKernel<ck_tile::BlockFmhaPipelineQRKSVS<ck_tile::BlockFmhaPipelineProblem<_Float16, _Float16, _Float16, float, float, _Float16, unsigned char, float, _Float16, float, _Float16, ck_tile::TileFmhaShape<ck_tile::sequence<64, 32, 32, 256, 32, 256>, ck_tile::sequence<4, 1, 1>, ck_tile::sequence<16, 16, 16>, ck_tile::sequence<4, 1, 1>, ck_tile::sequence<16, 16, 16>, true>, false, ck_tile::ComposedAttention<0u, true>, ck_tile::SimplifiedGenericAttentionMask<true>, false, ck_tile::TileFmhaTraits<false, false, false, false, false, (ck_tile::BlockAttentionBiasEnum)0, false, false, false, (ck_tile::BlockAttentionQuantScaleEnum)0, -1, false> >, ck_tile::BlockFmhaPipelineQXKSVSCustomPolicy<true, false, 1, 1> >, ck_tile::DefaultGemm2DEpilogue<ck_tile::DefaultGemm2DEpilogueProblem<_Float16, _Float16, ck_tile::tuple<>, float, _Float16, ck_tile::tuple<>, ck_tile::tensor_layout::gemm::RowMajor, ck_tile::element_wise::PassThrough, 64, 256, false, false, 16, 16, 16, true, true, (ck_tile::memory_operation_enum)0>, void> >::FmhaFwdBatchModeKargs>(ck_tile::FmhaFwdKernel<ck_tile::BlockFmhaPipelineQRKSVS<ck_tile::BlockFmhaPipelineProblem<_Float16, _Float16, _Float16, float, float, _Float16, unsigned char, float, _Float16, float, _Float16, ck_tile::TileFmhaShape<ck_tile::sequence<64, 32, 32, 256, 32, 256>, ck_tile::sequence<4, 1, 1>, ck_tile::sequence<16, 16, 16>, ck_tile::sequence<4, 1, 1>, ck_tile::sequence<16, 16, 16>, true>, false, ck_tile::ComposedAttention<0u, true>, ck_tile::SimplifiedGenericAttentionMask<true>, false, ck_tile::TileFmhaTraits<false, false, false, false, false, (ck_tile::BlockAttentionBiasEnum)0, false, false, false, (ck_tile::BlockAttentionQuantScaleEnum)0, -1, false> >, ck_tile::BlockFmhaPipelineQXKSVSCustomPolicy<true, false, 1, 1> >, ck_tile::DefaultGemm2DEpilogue<ck_tile::DefaultGemm2DEpilogueProblem<_Float16, _Float16, ck_tile::tuple<>, float, _Float16, ck_tile::tuple<>, ck_tile::tensor_layout::gemm::RowMajor, ck_tile::element_wise::PassThrough, 64, 256, false, false, 16, 16, 16, true, true, (ck_tile::memory_operation_enum)0>, void> >::FmhaFwdBatchModeKargs)",294,130543310771476,130543317260765,32768,356,256,0,128,128,1,1,3072,32,1
"KERNEL_DISPATCH","Agent 2",4,4,1930062,299,21,"(anonymous namespace)::rotate_q_givens_f32_to_f16(float const*, __half*, float const*, float const*, int, int)",299,130543339618868,130543339761511,0,0,24,0,128,32,1,1,1572864,1,1
"KERNEL_DISPATCH","Agent 2",4,4,1930062,304,19,"void ck_tile::kentry<ck_tile::gfx11_t, 1, (anonymous namespace)::QuantizedFmhaKernel, (anonymous namespace)::QuantizedFmhaKernel::Kargs>((anonymous namespace)::QuantizedFmhaKernel::Kargs)",304,130543347138264,130543368768187,32768,400,256,0,128,128,1,1,3072,32,1
"KERNEL_DISPATCH","Agent 2",4,4,1930062,309,22,"(anonymous namespace)::convert_f16_to_f32(__half const*, float*, unsigned long)",309,130543375917774,130543375982015,0,0,8,0,128,256,1,1,6291456,1,1
"KERNEL_DISPATCH","Agent 2",4,4,1930062,285,21,"(anonymous namespace)::rotate_q_givens_f32_to_f16(float const*, __half*, float const*, float const*, int, int)",285,130543280866096,130543281006900,0,0,24,0,128,32,1,1,1572864,1,1
"KERNEL_DISPATCH","Agent 2",4,4,1930062,290,19,"void ck_tile::kentry<ck_tile::gfx11_t, 1, (anonymous namespace)::QuantizedFmhaKernel, (anonymous namespace)::QuantizedFmhaKernel::Kargs>((anonymous namespace)::QuantizedFmhaKernel::Kargs)",290,130543287911520,130543309892013,32768,400,256,0,128,128,1,1,3072,32,1
"KERNEL_DISPATCH","Agent 2",4,4,1930062,295,22,"(anonymous namespace)::convert_f16_to_f32(__half const*, float*, unsigned long)",295,130543317278085,130543317342287,0,0,8,0,128,256,1,1,6291456,1,1
"KERNEL_DISPATCH","Agent 2",4,4,1930062,300,23,"hipfire::ck_attention::predecode_asym3_k_q8_v_f16(unsigned char const*, unsigned char const*, __half*, __half*, int, int, int)",300,130543339769792,130543340368047,0,0,16,0,128,32,1,1,262144,4,1
"KERNEL_DISPATCH","Agent 2",4,4,1930062,305,22,"(anonymous namespace)::convert_f16_to_f32(__half const*, float*, unsigned long)",305,130543368785508,130543368832749,0,0,8,0,128,256,1,1,6291456,1,1
"KERNEL_DISPATCH","Agent 2",4,4,1930062,310,21,"(anonymous namespace)::rotate_q_givens_f32_to_f16(float const*, __half*, float const*, float const*, int, int)",310,130543375986016,130543376121939,0,0,24,0,128,32,1,1,1572864,1,1
"KERNEL_DISPATCH","Agent 2",4,4,1930062,313,21,"(anonymous namespace)::rotate_q_givens_f32_to_f16(float const*, __half*, float const*, float const*, int, int)",313,130543397390093,130543397547737,0,0,24,0,128,32,1,1,1572864,1,1
"KERNEL_DISPATCH","Agent 2",4,4,1930062,291,22,"(anonymous namespace)::convert_f16_to_f32(__half const*, float*, unsigned long)",291,130543309909413,130543309957895,0,0,8,0,128,256,1,1,6291456,1,1
"KERNEL_DISPATCH","Agent 2",4,4,1930062,296,21,"(anonymous namespace)::rotate_q_givens_f32_to_f16(float const*, __half*, float const*, float const*, int, int)",296,130543317346327,130543317497651,0,0,24,0,128,32,1,1,1572864,1,1
"KERNEL_DISPATCH","Agent 2",4,4,1930062,301,24,"void ck_tile::kentry<ck_tile::gfx11_t, 1, ck_tile::FmhaFwdKernel<ck_tile::BlockFmhaPipelineQRKSVS<ck_tile::BlockFmhaPipelineProblem<_Float16, _Float16, _Float16, float, float, _Float16, unsigned char, float, _Float16, float, _Float16, ck_tile::TileFmhaShape<ck_tile::sequence<64, 32, 32, 256, 32, 256>, ck_tile::sequence<4, 1, 1>, ck_tile::sequence<16, 16, 16>, ck_tile::sequence<4, 1, 1>, ck_tile::sequence<16, 16, 16>, true>, false, ck_tile::ComposedAttention<0u, true>, ck_tile::SimplifiedGenericAttentionMask<true>, false, ck_tile::TileFmhaTraits<false, false, false, false, false, (ck_tile::BlockAttentionBiasEnum)0, false, false, false, (ck_tile::BlockAttentionQuantScaleEnum)0, -1, false> >, ck_tile::BlockFmhaPipelineQXKSVSCustomPolicy<true, false, 1, 1> >, ck_tile::DefaultGemm2DEpilogue<ck_tile::DefaultGemm2DEpilogueProblem<_Float16, _Float16, ck_tile::tuple<>, float, _Float16, ck_tile::tuple<>, ck_tile::tensor_layout::gemm::RowMajor, ck_tile::element_wise::PassThrough, 64, 256, false, false, 16, 16, 16, true, true, (ck_tile::memory_operation_enum)0>, void> >, ck_tile::FmhaFwdKernel<ck_tile::BlockFmhaPipelineQRKSVS<ck_tile::BlockFmhaPipelineProblem<_Float16, _Float16, _Float16, float, float, _Float16, unsigned char, float, _Float16, float, _Float16, ck_tile::TileFmhaShape<ck_tile::sequence<64, 32, 32, 256, 32, 256>, ck_tile::sequence<4, 1, 1>, ck_tile::sequence<16, 16, 16>, ck_tile::sequence<4, 1, 1>, ck_tile::sequence<16, 16, 16>, true>, false, ck_tile::ComposedAttention<0u, true>, ck_tile::SimplifiedGenericAttentionMask<true>, false, ck_tile::TileFmhaTraits<false, false, false, false, false, (ck_tile::BlockAttentionBiasEnum)0, false, false, false, (ck_tile::BlockAttentionQuantScaleEnum)0, -1, false> >, ck_tile::BlockFmhaPipelineQXKSVSCustomPolicy<true, false, 1, 1> >, ck_tile::DefaultGemm2DEpilogue<ck_tile::DefaultGemm2DEpilogueProblem<_Float16, _Float16, ck_tile::tuple<>, float, _Float16, ck_tile::tuple<>, ck_tile::tensor_layout::gemm::RowMajor, ck_tile::element_wise::PassThrough, 64, 256, false, false, 16, 16, 16, true, true, (ck_tile::memory_operation_enum)0>, void> >::FmhaFwdBatchModeKargs>(ck_tile::FmhaFwdKernel<ck_tile::BlockFmhaPipelineQRKSVS<ck_tile::BlockFmhaPipelineProblem<_Float16, _Float16, _Float16, float, float, _Float16, unsigned char, float, _Float16, float, _Float16, ck_tile::TileFmhaShape<ck_tile::sequence<64, 32, 32, 256, 32, 256>, ck_tile::sequence<4, 1, 1>, ck_tile::sequence<16, 16, 16>, ck_tile::sequence<4, 1, 1>, ck_tile::sequence<16, 16, 16>, true>, false, ck_tile::ComposedAttention<0u, true>, ck_tile::SimplifiedGenericAttentionMask<true>, false, ck_tile::TileFmhaTraits<false, false, false, false, false, (ck_tile::BlockAttentionBiasEnum)0, false, false, false, (ck_tile::BlockAttentionQuantScaleEnum)0, -1, false> >, ck_tile::BlockFmhaPipelineQXKSVSCustomPolicy<true, false, 1, 1> >, ck_tile::DefaultGemm2DEpilogue<ck_tile::DefaultGemm2DEpilogueProblem<_Float16, _Float16, ck_tile::tuple<>, float, _Float16, ck_tile::tuple<>, ck_tile::tensor_layout::gemm::RowMajor, ck_tile::element_wise::PassThrough, 64, 256, false, false, 16, 16, 16, true, true, (ck_tile::memory_operation_enum)0>, void> >::FmhaFwdBatchModeKargs)",301,130543340372367,130543346908218,32768,356,256,0,128,128,1,1,3072,32,1
"KERNEL_DISPATCH","Agent 2",4,4,1930062,306,21,"(anonymous namespace)::rotate_q_givens_f32_to_f16(float const*, __half*, float const*, float const*, int, int)",306,130543368836469,130543368981313,0,0,24,0,128,32,1,1,1572864,1,1
"KERNEL_DISPATCH","Agent 2",4,4,1930062,311,19,"void ck_tile::kentry<ck_tile::gfx11_t, 1, (anonymous namespace)::QuantizedFmhaKernel, (anonymous namespace)::QuantizedFmhaKernel::Kargs>((anonymous namespace)::QuantizedFmhaKernel::Kargs)",311,130543376141460,130543397321372,32768,400,256,0,128,128,1,1,3072,32,1
"KERNEL_DISPATCH","Agent 2",4,4,1930062,314,23,"hipfire::ck_attention::predecode_asym3_k_q8_v_f16(unsigned char const*, unsigned char const*, __half*, __half*, int, int, int)",314,130543397552017,130543398146672,0,0,16,0,128,32,1,1,262144,4,1
"KERNEL_DISPATCH","Agent 2",4,4,1930062,315,24,"void ck_tile::kentry<ck_tile::gfx11_t, 1, ck_tile::FmhaFwdKernel<ck_tile::BlockFmhaPipelineQRKSVS<ck_tile::BlockFmhaPipelineProblem<_Float16, _Float16, _Float16, float, float, _Float16, unsigned char, float, _Float16, float, _Float16, ck_tile::TileFmhaShape<ck_tile::sequence<64, 32, 32, 256, 32, 256>, ck_tile::sequence<4, 1, 1>, ck_tile::sequence<16, 16, 16>, ck_tile::sequence<4, 1, 1>, ck_tile::sequence<16, 16, 16>, true>, false, ck_tile::ComposedAttention<0u, true>, ck_tile::SimplifiedGenericAttentionMask<true>, false, ck_tile::TileFmhaTraits<false, false, false, false, false, (ck_tile::BlockAttentionBiasEnum)0, false, false, false, (ck_tile::BlockAttentionQuantScaleEnum)0, -1, false> >, ck_tile::BlockFmhaPipelineQXKSVSCustomPolicy<true, false, 1, 1> >, ck_tile::DefaultGemm2DEpilogue<ck_tile::DefaultGemm2DEpilogueProblem<_Float16, _Float16, ck_tile::tuple<>, float, _Float16, ck_tile::tuple<>, ck_tile::tensor_layout::gemm::RowMajor, ck_tile::element_wise::PassThrough, 64, 256, false, false, 16, 16, 16, true, true, (ck_tile::memory_operation_enum)0>, void> >, ck_tile::FmhaFwdKernel<ck_tile::BlockFmhaPipelineQRKSVS<ck_tile::BlockFmhaPipelineProblem<_Float16, _Float16, _Float16, float, float, _Float16, unsigned char, float, _Float16, float, _Float16, ck_tile::TileFmhaShape<ck_tile::sequence<64, 32, 32, 256, 32, 256>, ck_tile::sequence<4, 1, 1>, ck_tile::sequence<16, 16, 16>, ck_tile::sequence<4, 1, 1>, ck_tile::sequence<16, 16, 16>, true>, false, ck_tile::ComposedAttention<0u, true>, ck_tile::SimplifiedGenericAttentionMask<true>, false, ck_tile::TileFmhaTraits<false, false, false, false, false, (ck_tile::BlockAttentionBiasEnum)0, false, false, false, (ck_tile::BlockAttentionQuantScaleEnum)0, -1, false> >, ck_tile::BlockFmhaPipelineQXKSVSCustomPolicy<true, false, 1, 1> >, ck_tile::DefaultGemm2DEpilogue<ck_tile::DefaultGemm2DEpilogueProblem<_Float16, _Float16, ck_tile::tuple<>, float, _Float16, ck_tile::tuple<>, ck_tile::tensor_layout::gemm::RowMajor, ck_tile::element_wise::PassThrough, 64, 256, false, false, 16, 16, 16, true, true, (ck_tile::memory_operation_enum)0>, void> >::FmhaFwdBatchModeKargs>(ck_tile::FmhaFwdKernel<ck_tile::BlockFmhaPipelineQRKSVS<ck_tile::BlockFmhaPipelineProblem<_Float16, _Float16, _Float16, float, float, _Float16, unsigned char, float, _Float16, float, _Float16, ck_tile::TileFmhaShape<ck_tile::sequence<64, 32, 32, 256, 32, 256>, ck_tile::sequence<4, 1, 1>, ck_tile::sequence<16, 16, 16>, ck_tile::sequence<4, 1, 1>, ck_tile::sequence<16, 16, 16>, true>, false, ck_tile::ComposedAttention<0u, true>, ck_tile::SimplifiedGenericAttentionMask<true>, false, ck_tile::TileFmhaTraits<false, false, false, false, false, (ck_tile::BlockAttentionBiasEnum)0, false, false, false, (ck_tile::BlockAttentionQuantScaleEnum)0, -1, false> >, ck_tile::BlockFmhaPipelineQXKSVSCustomPolicy<true, false, 1, 1> >, ck_tile::DefaultGemm2DEpilogue<ck_tile::DefaultGemm2DEpilogueProblem<_Float16, _Float16, ck_tile::tuple<>, float, _Float16, ck_tile::tuple<>, ck_tile::tensor_layout::gemm::RowMajor, ck_tile::element_wise::PassThrough, 64, 256, false, false, 16, 16, 16, true, true, (ck_tile::memory_operation_enum)0>, void> >::FmhaFwdBatchModeKargs)",315,130543398151072,130543404694803,32768,356,256,0,128,128,1,1,3072,32,1
"KERNEL_DISPATCH","Agent 2",4,4,1930062,316,22,"(anonymous namespace)::convert_f16_to_f32(__half const*, float*, unsigned long)",316,130543404712403,130543404781925,0,0,8,0,128,256,1,1,6291456,1,1
"KERNEL_DISPATCH","Agent 2",4,4,1930062,317,21,"(anonymous namespace)::rotate_q_givens_f32_to_f16(float const*, __half*, float const*, float const*, int, int)",317,130543404830346,130543404959190,0,0,24,0,128,32,1,1,1572864,1,1
"KERNEL_DISPATCH","Agent 2",4,4,1930062,318,19,"void ck_tile::kentry<ck_tile::gfx11_t, 1, (anonymous namespace)::QuantizedFmhaKernel, (anonymous namespace)::QuantizedFmhaKernel::Kargs>((anonymous namespace)::QuantizedFmhaKernel::Kargs)",318,130543404968350,130543425780612,32768,400,256,0,128,128,1,1,3072,32,1
"KERNEL_DISPATCH","Agent 2",4,4,1930062,319,22,"(anonymous namespace)::convert_f16_to_f32(__half const*, float*, unsigned long)",319,130543425797613,130543425844334,0,0,8,0,128,256,1,1,6291456,1,1
"KERNEL_DISPATCH","Agent 2",4,4,1930062,320,21,"(anonymous namespace)::rotate_q_givens_f32_to_f16(float const*, __half*, float const*, float const*, int, int)",320,130543425877835,130543426018999,0,0,24,0,128,32,1,1,1572864,1,1
"KERNEL_DISPATCH","Agent 2",4,4,1930062,321,23,"hipfire::ck_attention::predecode_asym3_k_q8_v_f16(unsigned char const*, unsigned char const*, __half*, __half*, int, int, int)",321,130543426027799,130543426609854,0,0,16,0,128,32,1,1,262144,4,1
"KERNEL_DISPATCH","Agent 2",4,4,1930062,322,24,"void ck_tile::kentry<ck_tile::gfx11_t, 1, ck_tile::FmhaFwdKernel<ck_tile::BlockFmhaPipelineQRKSVS<ck_tile::BlockFmhaPipelineProblem<_Float16, _Float16, _Float16, float, float, _Float16, unsigned char, float, _Float16, float, _Float16, ck_tile::TileFmhaShape<ck_tile::sequence<64, 32, 32, 256, 32, 256>, ck_tile::sequence<4, 1, 1>, ck_tile::sequence<16, 16, 16>, ck_tile::sequence<4, 1, 1>, ck_tile::sequence<16, 16, 16>, true>, false, ck_tile::ComposedAttention<0u, true>, ck_tile::SimplifiedGenericAttentionMask<true>, false, ck_tile::TileFmhaTraits<false, false, false, false, false, (ck_tile::BlockAttentionBiasEnum)0, false, false, false, (ck_tile::BlockAttentionQuantScaleEnum)0, -1, false> >, ck_tile::BlockFmhaPipelineQXKSVSCustomPolicy<true, false, 1, 1> >, ck_tile::DefaultGemm2DEpilogue<ck_tile::DefaultGemm2DEpilogueProblem<_Float16, _Float16, ck_tile::tuple<>, float, _Float16, ck_tile::tuple<>, ck_tile::tensor_layout::gemm::RowMajor, ck_tile::element_wise::PassThrough, 64, 256, false, false, 16, 16, 16, true, true, (ck_tile::memory_operation_enum)0>, void> >, ck_tile::FmhaFwdKernel<ck_tile::BlockFmhaPipelineQRKSVS<ck_tile::BlockFmhaPipelineProblem<_Float16, _Float16, _Float16, float, float, _Float16, unsigned char, float, _Float16, float, _Float16, ck_tile::TileFmhaShape<ck_tile::sequence<64, 32, 32, 256, 32, 256>, ck_tile::sequence<4, 1, 1>, ck_tile::sequence<16, 16, 16>, ck_tile::sequence<4, 1, 1>, ck_tile::sequence<16, 16, 16>, true>, false, ck_tile::ComposedAttention<0u, true>, ck_tile::SimplifiedGenericAttentionMask<true>, false, ck_tile::TileFmhaTraits<false, false, false, false, false, (ck_tile::BlockAttentionBiasEnum)0, false, false, false, (ck_tile::BlockAttentionQuantScaleEnum)0, -1, false> >, ck_tile::BlockFmhaPipelineQXKSVSCustomPolicy<true, false, 1, 1> >, ck_tile::DefaultGemm2DEpilogue<ck_tile::DefaultGemm2DEpilogueProblem<_Float16, _Float16, ck_tile::tuple<>, float, _Float16, ck_tile::tuple<>, ck_tile::tensor_layout::gemm::RowMajor, ck_tile::element_wise::PassThrough, 64, 256, false, false, 16, 16, 16, true, true, (ck_tile::memory_operation_enum)0>, void> >::FmhaFwdBatchModeKargs>(ck_tile::FmhaFwdKernel<ck_tile::BlockFmhaPipelineQRKSVS<ck_tile::BlockFmhaPipelineProblem<_Float16, _Float16, _Float16, float, float, _Float16, unsigned char, float, _Float16, float, _Float16, ck_tile::TileFmhaShape<ck_tile::sequence<64, 32, 32, 256, 32, 256>, ck_tile::sequence<4, 1, 1>, ck_tile::sequence<16, 16, 16>, ck_tile::sequence<4, 1, 1>, ck_tile::sequence<16, 16, 16>, true>, false, ck_tile::ComposedAttention<0u, true>, ck_tile::SimplifiedGenericAttentionMask<true>, false, ck_tile::TileFmhaTraits<false, false, false, false, false, (ck_tile::BlockAttentionBiasEnum)0, false, false, false, (ck_tile::BlockAttentionQuantScaleEnum)0, -1, false> >, ck_tile::BlockFmhaPipelineQXKSVSCustomPolicy<true, false, 1, 1> >, ck_tile::DefaultGemm2DEpilogue<ck_tile::DefaultGemm2DEpilogueProblem<_Float16, _Float16, ck_tile::tuple<>, float, _Float16, ck_tile::tuple<>, ck_tile::tensor_layout::gemm::RowMajor, ck_tile::element_wise::PassThrough, 64, 256, false, false, 16, 16, 16, true, true, (ck_tile::memory_operation_enum)0>, void> >::FmhaFwdBatchModeKargs)",322,130543426614454,130543433268108,32768,356,256,0,128,128,1,1,3072,32,1
"KERNEL_DISPATCH","Agent 2",4,4,1930062,323,22,"(anonymous namespace)::convert_f16_to_f32(__half const*, float*, unsigned long)",323,130543433285468,130543433349830,0,0,8,0,128,256,1,1,6291456,1,1
"KERNEL_DISPATCH","Agent 2",4,4,1930062,324,21,"(anonymous namespace)::rotate_q_givens_f32_to_f16(float const*, __half*, float const*, float const*, int, int)",324,130543433383851,130543433515894,0,0,24,0,128,32,1,1,1572864,1,1
"KERNEL_DISPATCH","Agent 2",4,4,1930062,325,23,"hipfire::ck_attention::predecode_asym3_k_q8_v_f16(unsigned char const*, unsigned char const*, __half*, __half*, int, int, int)",325,130543433524774,130543434191392,0,0,16,0,128,32,1,1,262144,4,1
"KERNEL_DISPATCH","Agent 2",4,4,1930062,326,24,"void ck_tile::kentry<ck_tile::gfx11_t, 1, ck_tile::FmhaFwdKernel<ck_tile::BlockFmhaPipelineQRKSVS<ck_tile::BlockFmhaPipelineProblem<_Float16, _Float16, _Float16, float, float, _Float16, unsigned char, float, _Float16, float, _Float16, ck_tile::TileFmhaShape<ck_tile::sequence<64, 32, 32, 256, 32, 256>, ck_tile::sequence<4, 1, 1>, ck_tile::sequence<16, 16, 16>, ck_tile::sequence<4, 1, 1>, ck_tile::sequence<16, 16, 16>, true>, false, ck_tile::ComposedAttention<0u, true>, ck_tile::SimplifiedGenericAttentionMask<true>, false, ck_tile::TileFmhaTraits<false, false, false, false, false, (ck_tile::BlockAttentionBiasEnum)0, false, false, false, (ck_tile::BlockAttentionQuantScaleEnum)0, -1, false> >, ck_tile::BlockFmhaPipelineQXKSVSCustomPolicy<true, false, 1, 1> >, ck_tile::DefaultGemm2DEpilogue<ck_tile::DefaultGemm2DEpilogueProblem<_Float16, _Float16, ck_tile::tuple<>, float, _Float16, ck_tile::tuple<>, ck_tile::tensor_layout::gemm::RowMajor, ck_tile::element_wise::PassThrough, 64, 256, false, false, 16, 16, 16, true, true, (ck_tile::memory_operation_enum)0>, void> >, ck_tile::FmhaFwdKernel<ck_tile::BlockFmhaPipelineQRKSVS<ck_tile::BlockFmhaPipelineProblem<_Float16, _Float16, _Float16, float, float, _Float16, unsigned char, float, _Float16, float, _Float16, ck_tile::TileFmhaShape<ck_tile::sequence<64, 32, 32, 256, 32, 256>, ck_tile::sequence<4, 1, 1>, ck_tile::sequence<16, 16, 16>, ck_tile::sequence<4, 1, 1>, ck_tile::sequence<16, 16, 16>, true>, false, ck_tile::ComposedAttention<0u, true>, ck_tile::SimplifiedGenericAttentionMask<true>, false, ck_tile::TileFmhaTraits<false, false, false, false, false, (ck_tile::BlockAttentionBiasEnum)0, false, false, false, (ck_tile::BlockAttentionQuantScaleEnum)0, -1, false> >, ck_tile::BlockFmhaPipelineQXKSVSCustomPolicy<true, false, 1, 1> >, ck_tile::DefaultGemm2DEpilogue<ck_tile::DefaultGemm2DEpilogueProblem<_Float16, _Float16, ck_tile::tuple<>, float, _Float16, ck_tile::tuple<>, ck_tile::tensor_layout::gemm::RowMajor, ck_tile::element_wise::PassThrough, 64, 256, false, false, 16, 16, 16, true, true, (ck_tile::memory_operation_enum)0>, void> >::FmhaFwdBatchModeKargs>(ck_tile::FmhaFwdKernel<ck_tile::BlockFmhaPipelineQRKSVS<ck_tile::BlockFmhaPipelineProblem<_Float16, _Float16, _Float16, float, float, _Float16, unsigned char, float, _Float16, float, _Float16, ck_tile::TileFmhaShape<ck_tile::sequence<64, 32, 32, 256, 32, 256>, ck_tile::sequence<4, 1, 1>, ck_tile::sequence<16, 16, 16>, ck_tile::sequence<4, 1, 1>, ck_tile::sequence<16, 16, 16>, true>, false, ck_tile::ComposedAttention<0u, true>, ck_tile::SimplifiedGenericAttentionMask<true>, false, ck_tile::TileFmhaTraits<false, false, false, false, false, (ck_tile::BlockAttentionBiasEnum)0, false, false, false, (ck_tile::BlockAttentionQuantScaleEnum)0, -1, false> >, ck_tile::BlockFmhaPipelineQXKSVSCustomPolicy<true, false, 1, 1> >, ck_tile::DefaultGemm2DEpilogue<ck_tile::DefaultGemm2DEpilogueProblem<_Float16, _Float16, ck_tile::tuple<>, float, _Float16, ck_tile::tuple<>, ck_tile::tensor_layout::gemm::RowMajor, ck_tile::element_wise::PassThrough, 64, 256, false, false, 16, 16, 16, true, true, (ck_tile::memory_operation_enum)0>, void> >::FmhaFwdBatchModeKargs)",326,130543434196232,130543441354258,32768,356,256,0,128,128,1,1,3072,32,1
"KERNEL_DISPATCH","Agent 2",4,4,1930062,327,22,"(anonymous namespace)::convert_f16_to_f32(__half const*, float*, unsigned long)",327,130543441371339,130543441432140,0,0,8,0,128,256,1,1,6291456,1,1
"KERNEL_DISPATCH","Agent 2",4,4,1930062,328,21,"(anonymous namespace)::rotate_q_givens_f32_to_f16(float const*, __half*, float const*, float const*, int, int)",328,130543441465431,130543441595715,0,0,24,0,128,32,1,1,1572864,1,1
"KERNEL_DISPATCH","Agent 2",4,4,1930062,329,19,"void ck_tile::kentry<ck_tile::gfx11_t, 1, (anonymous namespace)::QuantizedFmhaKernel, (anonymous namespace)::QuantizedFmhaKernel::Kargs>((anonymous namespace)::QuantizedFmhaKernel::Kargs)",329,130543441604419,130543462027472,32768,400,256,0,128,128,1,1,3072,32,1
"KERNEL_DISPATCH","Agent 2",4,4,1930062,330,22,"(anonymous namespace)::convert_f16_to_f32(__half const*, float*, unsigned long)",330,130543462044392,130543462091673,0,0,8,0,128,256,1,1,6291456,1,1
"KERNEL_DISPATCH","Agent 2",4,4,1930062,331,21,"(anonymous namespace)::rotate_q_givens_f32_to_f16(float const*, __half*, float const*, float const*, int, int)",331,130543462121773,130543462260857,0,0,24,0,128,32,1,1,1572864,1,1
"KERNEL_DISPATCH","Agent 2",4,4,1930062,332,19,"void ck_tile::kentry<ck_tile::gfx11_t, 1, (anonymous namespace)::QuantizedFmhaKernel, (anonymous namespace)::QuantizedFmhaKernel::Kargs>((anonymous namespace)::QuantizedFmhaKernel::Kargs)",332,130543462269377,130543482200578,32768,400,256,0,128,128,1,1,3072,32,1
"KERNEL_DISPATCH","Agent 2",4,4,1930062,333,22,"(anonymous namespace)::convert_f16_to_f32(__half const*, float*, unsigned long)",333,130543482217538,130543482262579,0,0,8,0,128,256,1,1,6291456,1,1
"KERNEL_DISPATCH","Agent 2",4,4,1930062,334,21,"(anonymous namespace)::rotate_q_givens_f32_to_f16(float const*, __half*, float const*, float const*, int, int)",334,130543482293880,130543482435124,0,0,24,0,128,32,1,1,1572864,1,1
"KERNEL_DISPATCH","Agent 2",4,4,1930062,335,23,"hipfire::ck_attention::predecode_asym3_k_q8_v_f16(unsigned char const*, unsigned char const*, __half*, __half*, int, int, int)",335,130543482443684,130543483006699,0,0,16,0,128,32,1,1,262144,4,1
"KERNEL_DISPATCH","Agent 2",4,4,1930062,336,24,"void ck_tile::kentry<ck_tile::gfx11_t, 1, ck_tile::FmhaFwdKernel<ck_tile::BlockFmhaPipelineQRKSVS<ck_tile::BlockFmhaPipelineProblem<_Float16, _Float16, _Float16, float, float, _Float16, unsigned char, float, _Float16, float, _Float16, ck_tile::TileFmhaShape<ck_tile::sequence<64, 32, 32, 256, 32, 256>, ck_tile::sequence<4, 1, 1>, ck_tile::sequence<16, 16, 16>, ck_tile::sequence<4, 1, 1>, ck_tile::sequence<16, 16, 16>, true>, false, ck_tile::ComposedAttention<0u, true>, ck_tile::SimplifiedGenericAttentionMask<true>, false, ck_tile::TileFmhaTraits<false, false, false, false, false, (ck_tile::BlockAttentionBiasEnum)0, false, false, false, (ck_tile::BlockAttentionQuantScaleEnum)0, -1, false> >, ck_tile::BlockFmhaPipelineQXKSVSCustomPolicy<true, false, 1, 1> >, ck_tile::DefaultGemm2DEpilogue<ck_tile::DefaultGemm2DEpilogueProblem<_Float16, _Float16, ck_tile::tuple<>, float, _Float16, ck_tile::tuple<>, ck_tile::tensor_layout::gemm::RowMajor, ck_tile::element_wise::PassThrough, 64, 256, false, false, 16, 16, 16, true, true, (ck_tile::memory_operation_enum)0>, void> >, ck_tile::FmhaFwdKernel<ck_tile::BlockFmhaPipelineQRKSVS<ck_tile::BlockFmhaPipelineProblem<_Float16, _Float16, _Float16, float, float, _Float16, unsigned char, float, _Float16, float, _Float16, ck_tile::TileFmhaShape<ck_tile::sequence<64, 32, 32, 256, 32, 256>, ck_tile::sequence<4, 1, 1>, ck_tile::sequence<16, 16, 16>, ck_tile::sequence<4, 1, 1>, ck_tile::sequence<16, 16, 16>, true>, false, ck_tile::ComposedAttention<0u, true>, ck_tile::SimplifiedGenericAttentionMask<true>, false, ck_tile::TileFmhaTraits<false, false, false, false, false, (ck_tile::BlockAttentionBiasEnum)0, false, false, false, (ck_tile::BlockAttentionQuantScaleEnum)0, -1, false> >, ck_tile::BlockFmhaPipelineQXKSVSCustomPolicy<true, false, 1, 1> >, ck_tile::DefaultGemm2DEpilogue<ck_tile::DefaultGemm2DEpilogueProblem<_Float16, _Float16, ck_tile::tuple<>, float, _Float16, ck_tile::tuple<>, ck_tile::tensor_layout::gemm::RowMajor, ck_tile::element_wise::PassThrough, 64, 256, false, false, 16, 16, 16, true, true, (ck_tile::memory_operation_enum)0>, void> >::FmhaFwdBatchModeKargs>(ck_tile::FmhaFwdKernel<ck_tile::BlockFmhaPipelineQRKSVS<ck_tile::BlockFmhaPipelineProblem<_Float16, _Float16, _Float16, float, float, _Float16, unsigned char, float, _Float16, float, _Float16, ck_tile::TileFmhaShape<ck_tile::sequence<64, 32, 32, 256, 32, 256>, ck_tile::sequence<4, 1, 1>, ck_tile::sequence<16, 16, 16>, ck_tile::sequence<4, 1, 1>, ck_tile::sequence<16, 16, 16>, true>, false, ck_tile::ComposedAttention<0u, true>, ck_tile::SimplifiedGenericAttentionMask<true>, false, ck_tile::TileFmhaTraits<false, false, false, false, false, (ck_tile::BlockAttentionBiasEnum)0, false, false, false, (ck_tile::BlockAttentionQuantScaleEnum)0, -1, false> >, ck_tile::BlockFmhaPipelineQXKSVSCustomPolicy<true, false, 1, 1> >, ck_tile::DefaultGemm2DEpilogue<ck_tile::DefaultGemm2DEpilogueProblem<_Float16, _Float16, ck_tile::tuple<>, float, _Float16, ck_tile::tuple<>, ck_tile::tensor_layout::gemm::RowMajor, ck_tile::element_wise::PassThrough, 64, 256, false, false, 16, 16, 16, true, true, (ck_tile::memory_operation_enum)0>, void> >::FmhaFwdBatchModeKargs)",336,130543483010939,130543489910679,32768,356,256,0,128,128,1,1,3072,32,1
"KERNEL_DISPATCH","Agent 2",4,4,1930062,337,22,"(anonymous namespace)::convert_f16_to_f32(__half const*, float*, unsigned long)",337,130543489928200,130543489994961,0,0,8,0,128,256,1,1,6291456,1,1
"KERNEL_DISPATCH","Agent 2",4,4,1930062,338,21,"(anonymous namespace)::rotate_q_givens_f32_to_f16(float const*, __half*, float const*, float const*, int, int)",338,130543490067793,130543490221277,0,0,24,0,128,32,1,1,1572864,1,1
"KERNEL_DISPATCH","Agent 2",4,4,1930062,339,23,"hipfire::ck_attention::predecode_asym3_k_q8_v_f16(unsigned char const*, unsigned char const*, __half*, __half*, int, int, int)",339,130543490231998,130543490830413,0,0,16,0,128,32,1,1,262144,4,1
"KERNEL_DISPATCH","Agent 2",4,4,1930062,340,24,"void ck_tile::kentry<ck_tile::gfx11_t, 1, ck_tile::FmhaFwdKernel<ck_tile::BlockFmhaPipelineQRKSVS<ck_tile::BlockFmhaPipelineProblem<_Float16, _Float16, _Float16, float, float, _Float16, unsigned char, float, _Float16, float, _Float16, ck_tile::TileFmhaShape<ck_tile::sequence<64, 32, 32, 256, 32, 256>, ck_tile::sequence<4, 1, 1>, ck_tile::sequence<16, 16, 16>, ck_tile::sequence<4, 1, 1>, ck_tile::sequence<16, 16, 16>, true>, false, ck_tile::ComposedAttention<0u, true>, ck_tile::SimplifiedGenericAttentionMask<true>, false, ck_tile::TileFmhaTraits<false, false, false, false, false, (ck_tile::BlockAttentionBiasEnum)0, false, false, false, (ck_tile::BlockAttentionQuantScaleEnum)0, -1, false> >, ck_tile::BlockFmhaPipelineQXKSVSCustomPolicy<true, false, 1, 1> >, ck_tile::DefaultGemm2DEpilogue<ck_tile::DefaultGemm2DEpilogueProblem<_Float16, _Float16, ck_tile::tuple<>, float, _Float16, ck_tile::tuple<>, ck_tile::tensor_layout::gemm::RowMajor, ck_tile::element_wise::PassThrough, 64, 256, false, false, 16, 16, 16, true, true, (ck_tile::memory_operation_enum)0>, void> >, ck_tile::FmhaFwdKernel<ck_tile::BlockFmhaPipelineQRKSVS<ck_tile::BlockFmhaPipelineProblem<_Float16, _Float16, _Float16, float, float, _Float16, unsigned char, float, _Float16, float, _Float16, ck_tile::TileFmhaShape<ck_tile::sequence<64, 32, 32, 256, 32, 256>, ck_tile::sequence<4, 1, 1>, ck_tile::sequence<16, 16, 16>, ck_tile::sequence<4, 1, 1>, ck_tile::sequence<16, 16, 16>, true>, false, ck_tile::ComposedAttention<0u, true>, ck_tile::SimplifiedGenericAttentionMask<true>, false, ck_tile::TileFmhaTraits<false, false, false, false, false, (ck_tile::BlockAttentionBiasEnum)0, false, false, false, (ck_tile::BlockAttentionQuantScaleEnum)0, -1, false> >, ck_tile::BlockFmhaPipelineQXKSVSCustomPolicy<true, false, 1, 1> >, ck_tile::DefaultGemm2DEpilogue<ck_tile::DefaultGemm2DEpilogueProblem<_Float16, _Float16, ck_tile::tuple<>, float, _Float16, ck_tile::tuple<>, ck_tile::tensor_layout::gemm::RowMajor, ck_tile::element_wise::PassThrough, 64, 256, false, false, 16, 16, 16, true, true, (ck_tile::memory_operation_enum)0>, void> >::FmhaFwdBatchModeKargs>(ck_tile::FmhaFwdKernel<ck_tile::BlockFmhaPipelineQRKSVS<ck_tile::BlockFmhaPipelineProblem<_Float16, _Float16, _Float16, float, float, _Float16, unsigned char, float, _Float16, float, _Float16, ck_tile::TileFmhaShape<ck_tile::sequence<64, 32, 32, 256, 32, 256>, ck_tile::sequence<4, 1, 1>, ck_tile::sequence<16, 16, 16>, ck_tile::sequence<4, 1, 1>, ck_tile::sequence<16, 16, 16>, true>, false, ck_tile::ComposedAttention<0u, true>, ck_tile::SimplifiedGenericAttentionMask<true>, false, ck_tile::TileFmhaTraits<false, false, false, false, false, (ck_tile::BlockAttentionBiasEnum)0, false, false, false, (ck_tile::BlockAttentionQuantScaleEnum)0, -1, false> >, ck_tile::BlockFmhaPipelineQXKSVSCustomPolicy<true, false, 1, 1> >, ck_tile::DefaultGemm2DEpilogue<ck_tile::DefaultGemm2DEpilogueProblem<_Float16, _Float16, ck_tile::tuple<>, float, _Float16, ck_tile::tuple<>, ck_tile::tensor_layout::gemm::RowMajor, ck_tile::element_wise::PassThrough, 64, 256, false, false, 16, 16, 16, true, true, (ck_tile::memory_operation_enum)0>, void> >::FmhaFwdBatchModeKargs)",340,130543490835573,130543498230726,32768,356,256,0,128,128,1,1,3072,32,1
"KERNEL_DISPATCH","Agent 2",4,4,1930062,341,22,"(anonymous namespace)::convert_f16_to_f32(__half const*, float*, unsigned long)",341,130543498248327,130543498309328,0,0,8,0,128,256,1,1,6291456,1,1
"KERNEL_DISPATCH","Agent 2",4,4,1930062,342,21,"(anonymous namespace)::rotate_q_givens_f32_to_f16(float const*, __half*, float const*, float const*, int, int)",342,130543498342019,130543498472903,0,0,24,0,128,32,1,1,1572864,1,1
"KERNEL_DISPATCH","Agent 2",4,4,1930062,343,19,"void ck_tile::kentry<ck_tile::gfx11_t, 1, (anonymous namespace)::QuantizedFmhaKernel, (anonymous namespace)::QuantizedFmhaKernel::Kargs>((anonymous namespace)::QuantizedFmhaKernel::Kargs)",343,130543498483343,130543519707137,32768,400,256,0,128,128,1,1,3072,32,1
"KERNEL_DISPATCH","Agent 2",4,4,1930062,344,22,"(anonymous namespace)::convert_f16_to_f32(__half const*, float*, unsigned long)",344,130543519724218,130543519771699,0,0,8,0,128,256,1,1,6291456,1,1
"KERNEL_DISPATCH","Agent 2",4,4,1930062,345,21,"(anonymous namespace)::rotate_q_givens_f32_to_f16(float const*, __half*, float const*, float const*, int, int)",345,130543519801180,130543519940143,0,0,24,0,128,32,1,1,1572864,1,1
"KERNEL_DISPATCH","Agent 2",4,4,1930062,346,19,"void ck_tile::kentry<ck_tile::gfx11_t, 1, (anonymous namespace)::QuantizedFmhaKernel, (anonymous namespace)::QuantizedFmhaKernel::Kargs>((anonymous namespace)::QuantizedFmhaKernel::Kargs)",346,130543519948644,130543540197892,32768,400,256,0,128,128,1,1,3072,32,1
"KERNEL_DISPATCH","Agent 2",4,4,1930062,347,22,"(anonymous namespace)::convert_f16_to_f32(__half const*, float*, unsigned long)",347,130543540214852,130543540261053,0,0,8,0,128,256,1,1,6291456,1,1
"KERNEL_DISPATCH","Agent 2",4,4,1930062,348,21,"(anonymous namespace)::rotate_q_givens_f32_to_f16(float const*, __half*, float const*, float const*, int, int)",348,130543540290923,130543540433807,0,0,24,0,128,32,1,1,1572864,1,1
"KERNEL_DISPATCH","Agent 2",4,4,1930062,349,23,"hipfire::ck_attention::predecode_asym3_k_q8_v_f16(unsigned char const*, unsigned char const*, __half*, __half*, int, int, int)",349,130543540442567,130543540993982,0,0,16,0,128,32,1,1,262144,4,1
"KERNEL_DISPATCH","Agent 2",4,4,1930062,350,24,"void ck_tile::kentry<ck_tile::gfx11_t, 1, ck_tile::FmhaFwdKernel<ck_tile::BlockFmhaPipelineQRKSVS<ck_tile::BlockFmhaPipelineProblem<_Float16, _Float16, _Float16, float, float, _Float16, unsigned char, float, _Float16, float, _Float16, ck_tile::TileFmhaShape<ck_tile::sequence<64, 32, 32, 256, 32, 256>, ck_tile::sequence<4, 1, 1>, ck_tile::sequence<16, 16, 16>, ck_tile::sequence<4, 1, 1>, ck_tile::sequence<16, 16, 16>, true>, false, ck_tile::ComposedAttention<0u, true>, ck_tile::SimplifiedGenericAttentionMask<true>, false, ck_tile::TileFmhaTraits<false, false, false, false, false, (ck_tile::BlockAttentionBiasEnum)0, false, false, false, (ck_tile::BlockAttentionQuantScaleEnum)0, -1, false> >, ck_tile::BlockFmhaPipelineQXKSVSCustomPolicy<true, false, 1, 1> >, ck_tile::DefaultGemm2DEpilogue<ck_tile::DefaultGemm2DEpilogueProblem<_Float16, _Float16, ck_tile::tuple<>, float, _Float16, ck_tile::tuple<>, ck_tile::tensor_layout::gemm::RowMajor, ck_tile::element_wise::PassThrough, 64, 256, false, false, 16, 16, 16, true, true, (ck_tile::memory_operation_enum)0>, void> >, ck_tile::FmhaFwdKernel<ck_tile::BlockFmhaPipelineQRKSVS<ck_tile::BlockFmhaPipelineProblem<_Float16, _Float16, _Float16, float, float, _Float16, unsigned char, float, _Float16, float, _Float16, ck_tile::TileFmhaShape<ck_tile::sequence<64, 32, 32, 256, 32, 256>, ck_tile::sequence<4, 1, 1>, ck_tile::sequence<16, 16, 16>, ck_tile::sequence<4, 1, 1>, ck_tile::sequence<16, 16, 16>, true>, false, ck_tile::ComposedAttention<0u, true>, ck_tile::SimplifiedGenericAttentionMask<true>, false, ck_tile::TileFmhaTraits<false, false, false, false, false, (ck_tile::BlockAttentionBiasEnum)0, false, false, false, (ck_tile::BlockAttentionQuantScaleEnum)0, -1, false> >, ck_tile::BlockFmhaPipelineQXKSVSCustomPolicy<true, false, 1, 1> >, ck_tile::DefaultGemm2DEpilogue<ck_tile::DefaultGemm2DEpilogueProblem<_Float16, _Float16, ck_tile::tuple<>, float, _Float16, ck_tile::tuple<>, ck_tile::tensor_layout::gemm::RowMajor, ck_tile::element_wise::PassThrough, 64, 256, false, false, 16, 16, 16, true, true, (ck_tile::memory_operation_enum)0>, void> >::FmhaFwdBatchModeKargs>(ck_tile::FmhaFwdKernel<ck_tile::BlockFmhaPipelineQRKSVS<ck_tile::BlockFmhaPipelineProblem<_Float16, _Float16, _Float16, float, float, _Float16, unsigned char, float, _Float16, float, _Float16, ck_tile::TileFmhaShape<ck_tile::sequence<64, 32, 32, 256, 32, 256>, ck_tile::sequence<4, 1, 1>, ck_tile::sequence<16, 16, 16>, ck_tile::sequence<4, 1, 1>, ck_tile::sequence<16, 16, 16>, true>, false, ck_tile::ComposedAttention<0u, true>, ck_tile::SimplifiedGenericAttentionMask<true>, false, ck_tile::TileFmhaTraits<false, false, false, false, false, (ck_tile::BlockAttentionBiasEnum)0, false, false, false, (ck_tile::BlockAttentionQuantScaleEnum)0, -1, false> >, ck_tile::BlockFmhaPipelineQXKSVSCustomPolicy<true, false, 1, 1> >, ck_tile::DefaultGemm2DEpilogue<ck_tile::DefaultGemm2DEpilogueProblem<_Float16, _Float16, ck_tile::tuple<>, float, _Float16, ck_tile::tuple<>, ck_tile::tensor_layout::gemm::RowMajor, ck_tile::element_wise::PassThrough, 64, 256, false, false, 16, 16, 16, true, true, (ck_tile::memory_operation_enum)0>, void> >::FmhaFwdBatchModeKargs)",350,130543540998582,130543547119021,32768,356,256,0,128,128,1,1,3072,32,1
"KERNEL_DISPATCH","Agent 2",4,4,1930062,351,22,"(anonymous namespace)::convert_f16_to_f32(__half const*, float*, unsigned long)",351,130543547136222,130543547197543,0,0,8,0,128,256,1,1,6291456,1,1
"KERNEL_DISPATCH","Agent 2",4,4,1930062,352,21,"(anonymous namespace)::rotate_q_givens_f32_to_f16(float const*, __half*, float const*, float const*, int, int)",352,130543547230944,130543547363348,0,0,24,0,128,32,1,1,1572864,1,1
"KERNEL_DISPATCH","Agent 2",4,4,1930062,353,23,"hipfire::ck_attention::predecode_asym3_k_q8_v_f16(unsigned char const*, unsigned char const*, __half*, __half*, int, int, int)",353,130543547372108,130543548032965,0,0,16,0,128,32,1,1,262144,4,1
"KERNEL_DISPATCH","Agent 2",4,4,1930062,354,24,"void ck_tile::kentry<ck_tile::gfx11_t, 1, ck_tile::FmhaFwdKernel<ck_tile::BlockFmhaPipelineQRKSVS<ck_tile::BlockFmhaPipelineProblem<_Float16, _Float16, _Float16, float, float, _Float16, unsigned char, float, _Float16, float, _Float16, ck_tile::TileFmhaShape<ck_tile::sequence<64, 32, 32, 256, 32, 256>, ck_tile::sequence<4, 1, 1>, ck_tile::sequence<16, 16, 16>, ck_tile::sequence<4, 1, 1>, ck_tile::sequence<16, 16, 16>, true>, false, ck_tile::ComposedAttention<0u, true>, ck_tile::SimplifiedGenericAttentionMask<true>, false, ck_tile::TileFmhaTraits<false, false, false, false, false, (ck_tile::BlockAttentionBiasEnum)0, false, false, false, (ck_tile::BlockAttentionQuantScaleEnum)0, -1, false> >, ck_tile::BlockFmhaPipelineQXKSVSCustomPolicy<true, false, 1, 1> >, ck_tile::DefaultGemm2DEpilogue<ck_tile::DefaultGemm2DEpilogueProblem<_Float16, _Float16, ck_tile::tuple<>, float, _Float16, ck_tile::tuple<>, ck_tile::tensor_layout::gemm::RowMajor, ck_tile::element_wise::PassThrough, 64, 256, false, false, 16, 16, 16, true, true, (ck_tile::memory_operation_enum)0>, void> >, ck_tile::FmhaFwdKernel<ck_tile::BlockFmhaPipelineQRKSVS<ck_tile::BlockFmhaPipelineProblem<_Float16, _Float16, _Float16, float, float, _Float16, unsigned char, float, _Float16, float, _Float16, ck_tile::TileFmhaShape<ck_tile::sequence<64, 32, 32, 256, 32, 256>, ck_tile::sequence<4, 1, 1>, ck_tile::sequence<16, 16, 16>, ck_tile::sequence<4, 1, 1>, ck_tile::sequence<16, 16, 16>, true>, false, ck_tile::ComposedAttention<0u, true>, ck_tile::SimplifiedGenericAttentionMask<true>, false, ck_tile::TileFmhaTraits<false, false, false, false, false, (ck_tile::BlockAttentionBiasEnum)0, false, false, false, (ck_tile::BlockAttentionQuantScaleEnum)0, -1, false> >, ck_tile::BlockFmhaPipelineQXKSVSCustomPolicy<true, false, 1, 1> >, ck_tile::DefaultGemm2DEpilogue<ck_tile::DefaultGemm2DEpilogueProblem<_Float16, _Float16, ck_tile::tuple<>, float, _Float16, ck_tile::tuple<>, ck_tile::tensor_layout::gemm::RowMajor, ck_tile::element_wise::PassThrough, 64, 256, false, false, 16, 16, 16, true, true, (ck_tile::memory_operation_enum)0>, void> >::FmhaFwdBatchModeKargs>(ck_tile::FmhaFwdKernel<ck_tile::BlockFmhaPipelineQRKSVS<ck_tile::BlockFmhaPipelineProblem<_Float16, _Float16, _Float16, float, float, _Float16, unsigned char, float, _Float16, float, _Float16, ck_tile::TileFmhaShape<ck_tile::sequence<64, 32, 32, 256, 32, 256>, ck_tile::sequence<4, 1, 1>, ck_tile::sequence<16, 16, 16>, ck_tile::sequence<4, 1, 1>, ck_tile::sequence<16, 16, 16>, true>, false, ck_tile::ComposedAttention<0u, true>, ck_tile::SimplifiedGenericAttentionMask<true>, false, ck_tile::TileFmhaTraits<false, false, false, false, false, (ck_tile::BlockAttentionBiasEnum)0, false, false, false, (ck_tile::BlockAttentionQuantScaleEnum)0, -1, false> >, ck_tile::BlockFmhaPipelineQXKSVSCustomPolicy<true, false, 1, 1> >, ck_tile::DefaultGemm2DEpilogue<ck_tile::DefaultGemm2DEpilogueProblem<_Float16, _Float16, ck_tile::tuple<>, float, _Float16, ck_tile::tuple<>, ck_tile::tensor_layout::gemm::RowMajor, ck_tile::element_wise::PassThrough, 64, 256, false, false, 16, 16, 16, true, true, (ck_tile::memory_operation_enum)0>, void> >::FmhaFwdBatchModeKargs)",354,130543548037885,130543555131950,32768,356,256,0,128,128,1,1,3072,32,1
"KERNEL_DISPATCH","Agent 2",4,4,1930062,355,22,"(anonymous namespace)::convert_f16_to_f32(__half const*, float*, unsigned long)",355,130543555149271,130543555213672,0,0,8,0,128,256,1,1,6291456,1,1
"KERNEL_DISPATCH","Agent 2",4,4,1930062,356,21,"(anonymous namespace)::rotate_q_givens_f32_to_f16(float const*, __half*, float const*, float const*, int, int)",356,130543555247053,130543555376217,0,0,24,0,128,32,1,1,1572864,1,1
"KERNEL_DISPATCH","Agent 2",4,4,1930062,357,19,"void ck_tile::kentry<ck_tile::gfx11_t, 1, (anonymous namespace)::QuantizedFmhaKernel, (anonymous namespace)::QuantizedFmhaKernel::Kargs>((anonymous namespace)::QuantizedFmhaKernel::Kargs)",357,130543555387057,130543576957939,32768,400,256,0,128,128,1,1,3072,32,1
"KERNEL_DISPATCH","Agent 2",4,4,1930062,358,22,"(anonymous namespace)::convert_f16_to_f32(__half const*, float*, unsigned long)",358,130543576975260,130543577023421,0,0,8,0,128,256,1,1,6291456,1,1
"KERNEL_DISPATCH","Agent 2",4,4,1930062,359,21,"(anonymous namespace)::rotate_q_givens_f32_to_f16(float const*, __half*, float const*, float const*, int, int)",359,130543577054092,130543577194535,0,0,24,0,128,32,1,1,1572864,1,1
"KERNEL_DISPATCH","Agent 2",4,4,1930062,360,19,"void ck_tile::kentry<ck_tile::gfx11_t, 1, (anonymous namespace)::QuantizedFmhaKernel, (anonymous namespace)::QuantizedFmhaKernel::Kargs>((anonymous namespace)::QuantizedFmhaKernel::Kargs)",360,130543577203056,130543597680269,32768,400,256,0,128,128,1,1,3072,32,1
"KERNEL_DISPATCH","Agent 2",4,4,1930062,361,22,"(anonymous namespace)::convert_f16_to_f32(__half const*, float*, unsigned long)",361,130543597697510,130543597744231,0,0,8,0,128,256,1,1,6291456,1,1
"KERNEL_DISPATCH","Agent 2",4,4,1930062,362,21,"(anonymous namespace)::rotate_q_givens_f32_to_f16(float const*, __half*, float const*, float const*, int, int)",362,130543597773962,130543597929646,0,0,24,0,128,32,1,1,1572864,1,1
"KERNEL_DISPATCH","Agent 2",4,4,1930062,363,23,"hipfire::ck_attention::predecode_asym3_k_q8_v_f16(unsigned char const*, unsigned char const*, __half*, __half*, int, int, int)",363,130543597933886,130543598504181,0,0,16,0,128,32,1,1,262144,4,1
"KERNEL_DISPATCH","Agent 2",4,4,1930062,364,24,"void ck_tile::kentry<ck_tile::gfx11_t, 1, ck_tile::FmhaFwdKernel<ck_tile::BlockFmhaPipelineQRKSVS<ck_tile::BlockFmhaPipelineProblem<_Float16, _Float16, _Float16, float, float, _Float16, unsigned char, float, _Float16, float, _Float16, ck_tile::TileFmhaShape<ck_tile::sequence<64, 32, 32, 256, 32, 256>, ck_tile::sequence<4, 1, 1>, ck_tile::sequence<16, 16, 16>, ck_tile::sequence<4, 1, 1>, ck_tile::sequence<16, 16, 16>, true>, false, ck_tile::ComposedAttention<0u, true>, ck_tile::SimplifiedGenericAttentionMask<true>, false, ck_tile::TileFmhaTraits<false, false, false, false, false, (ck_tile::BlockAttentionBiasEnum)0, false, false, false, (ck_tile::BlockAttentionQuantScaleEnum)0, -1, false> >, ck_tile::BlockFmhaPipelineQXKSVSCustomPolicy<true, false, 1, 1> >, ck_tile::DefaultGemm2DEpilogue<ck_tile::DefaultGemm2DEpilogueProblem<_Float16, _Float16, ck_tile::tuple<>, float, _Float16, ck_tile::tuple<>, ck_tile::tensor_layout::gemm::RowMajor, ck_tile::element_wise::PassThrough, 64, 256, false, false, 16, 16, 16, true, true, (ck_tile::memory_operation_enum)0>, void> >, ck_tile::FmhaFwdKernel<ck_tile::BlockFmhaPipelineQRKSVS<ck_tile::BlockFmhaPipelineProblem<_Float16, _Float16, _Float16, float, float, _Float16, unsigned char, float, _Float16, float, _Float16, ck_tile::TileFmhaShape<ck_tile::sequence<64, 32, 32, 256, 32, 256>, ck_tile::sequence<4, 1, 1>, ck_tile::sequence<16, 16, 16>, ck_tile::sequence<4, 1, 1>, ck_tile::sequence<16, 16, 16>, true>, false, ck_tile::ComposedAttention<0u, true>, ck_tile::SimplifiedGenericAttentionMask<true>, false, ck_tile::TileFmhaTraits<false, false, false, false, false, (ck_tile::BlockAttentionBiasEnum)0, false, false, false, (ck_tile::BlockAttentionQuantScaleEnum)0, -1, false> >, ck_tile::BlockFmhaPipelineQXKSVSCustomPolicy<true, false, 1, 1> >, ck_tile::DefaultGemm2DEpilogue<ck_tile::DefaultGemm2DEpilogueProblem<_Float16, _Float16, ck_tile::tuple<>, float, _Float16, ck_tile::tuple<>, ck_tile::tensor_layout::gemm::RowMajor, ck_tile::element_wise::PassThrough, 64, 256, false, false, 16, 16, 16, true, true, (ck_tile::memory_operation_enum)0>, void> >::FmhaFwdBatchModeKargs>(ck_tile::FmhaFwdKernel<ck_tile::BlockFmhaPipelineQRKSVS<ck_tile::BlockFmhaPipelineProblem<_Float16, _Float16, _Float16, float, float, _Float16, unsigned char, float, _Float16, float, _Float16, ck_tile::TileFmhaShape<ck_tile::sequence<64, 32, 32, 256, 32, 256>, ck_tile::sequence<4, 1, 1>, ck_tile::sequence<16, 16, 16>, ck_tile::sequence<4, 1, 1>, ck_tile::sequence<16, 16, 16>, true>, false, ck_tile::ComposedAttention<0u, true>, ck_tile::SimplifiedGenericAttentionMask<true>, false, ck_tile::TileFmhaTraits<false, false, false, false, false, (ck_tile::BlockAttentionBiasEnum)0, false, false, false, (ck_tile::BlockAttentionQuantScaleEnum)0, -1, false> >, ck_tile::BlockFmhaPipelineQXKSVSCustomPolicy<true, false, 1, 1> >, ck_tile::DefaultGemm2DEpilogue<ck_tile::DefaultGemm2DEpilogueProblem<_Float16, _Float16, ck_tile::tuple<>, float, _Float16, ck_tile::tuple<>, ck_tile::tensor_layout::gemm::RowMajor, ck_tile::element_wise::PassThrough, 64, 256, false, false, 16, 16, 16, true, true, (ck_tile::memory_operation_enum)0>, void> >::FmhaFwdBatchModeKargs)",364,130543598509071,130543605189526,32768,356,256,0,128,128,1,1,3072,32,1
"KERNEL_DISPATCH","Agent 2",4,4,1930062,365,22,"(anonymous namespace)::convert_f16_to_f32(__half const*, float*, unsigned long)",365,130543605206926,130543605273327,0,0,8,0,128,256,1,1,6291456,1,1
"KERNEL_DISPATCH","Agent 2",4,4,1930062,366,21,"(anonymous namespace)::rotate_q_givens_f32_to_f16(float const*, __half*, float const*, float const*, int, int)",366,130543605306498,130543605439622,0,0,24,0,128,32,1,1,1572864,1,1
"KERNEL_DISPATCH","Agent 2",4,4,1930062,367,19,"void ck_tile::kentry<ck_tile::gfx11_t, 1, (anonymous namespace)::QuantizedFmhaKernel, (anonymous namespace)::QuantizedFmhaKernel::Kargs>((anonymous namespace)::QuantizedFmhaKernel::Kargs)",367,130543605450542,130543626721698,32768,400,256,0,128,128,1,1,3072,32,1
"KERNEL_DISPATCH","Agent 2",4,4,1930062,368,22,"(anonymous namespace)::convert_f16_to_f32(__half const*, float*, unsigned long)",368,130543626738978,130543626786659,0,0,8,0,128,256,1,1,6291456,1,1
"KERNEL_DISPATCH","Agent 2",4,4,1930062,369,21,"(anonymous namespace)::rotate_q_givens_f32_to_f16(float const*, __half*, float const*, float const*, int, int)",369,130543626790339,130543626934983,0,0,24,0,128,32,1,1,1572864,1,1
"KERNEL_DISPATCH","Agent 2",4,4,1930062,370,23,"hipfire::ck_attention::predecode_asym3_k_q8_v_f16(unsigned char const*, unsigned char const*, __half*, __half*, int, int, int)",370,130543626943223,130543627539319,0,0,16,0,128,32,1,1,262144,4,1
"KERNEL_DISPATCH","Agent 2",4,4,1930062,371,24,"void ck_tile::kentry<ck_tile::gfx11_t, 1, ck_tile::FmhaFwdKernel<ck_tile::BlockFmhaPipelineQRKSVS<ck_tile::BlockFmhaPipelineProblem<_Float16, _Float16, _Float16, float, float, _Float16, unsigned char, float, _Float16, float, _Float16, ck_tile::TileFmhaShape<ck_tile::sequence<64, 32, 32, 256, 32, 256>, ck_tile::sequence<4, 1, 1>, ck_tile::sequence<16, 16, 16>, ck_tile::sequence<4, 1, 1>, ck_tile::sequence<16, 16, 16>, true>, false, ck_tile::ComposedAttention<0u, true>, ck_tile::SimplifiedGenericAttentionMask<true>, false, ck_tile::TileFmhaTraits<false, false, false, false, false, (ck_tile::BlockAttentionBiasEnum)0, false, false, false, (ck_tile::BlockAttentionQuantScaleEnum)0, -1, false> >, ck_tile::BlockFmhaPipelineQXKSVSCustomPolicy<true, false, 1, 1> >, ck_tile::DefaultGemm2DEpilogue<ck_tile::DefaultGemm2DEpilogueProblem<_Float16, _Float16, ck_tile::tuple<>, float, _Float16, ck_tile::tuple<>, ck_tile::tensor_layout::gemm::RowMajor, ck_tile::element_wise::PassThrough, 64, 256, false, false, 16, 16, 16, true, true, (ck_tile::memory_operation_enum)0>, void> >, ck_tile::FmhaFwdKernel<ck_tile::BlockFmhaPipelineQRKSVS<ck_tile::BlockFmhaPipelineProblem<_Float16, _Float16, _Float16, float, float, _Float16, unsigned char, float, _Float16, float, _Float16, ck_tile::TileFmhaShape<ck_tile::sequence<64, 32, 32, 256, 32, 256>, ck_tile::sequence<4, 1, 1>, ck_tile::sequence<16, 16, 16>, ck_tile::sequence<4, 1, 1>, ck_tile::sequence<16, 16, 16>, true>, false, ck_tile::ComposedAttention<0u, true>, ck_tile::SimplifiedGenericAttentionMask<true>, false, ck_tile::TileFmhaTraits<false, false, false, false, false, (ck_tile::BlockAttentionBiasEnum)0, false, false, false, (ck_tile::BlockAttentionQuantScaleEnum)0, -1, false> >, ck_tile::BlockFmhaPipelineQXKSVSCustomPolicy<true, false, 1, 1> >, ck_tile::DefaultGemm2DEpilogue<ck_tile::DefaultGemm2DEpilogueProblem<_Float16, _Float16, ck_tile::tuple<>, float, _Float16, ck_tile::tuple<>, ck_tile::tensor_layout::gemm::RowMajor, ck_tile::element_wise::PassThrough, 64, 256, false, false, 16, 16, 16, true, true, (ck_tile::memory_operation_enum)0>, void> >::FmhaFwdBatchModeKargs>(ck_tile::FmhaFwdKernel<ck_tile::BlockFmhaPipelineQRKSVS<ck_tile::BlockFmhaPipelineProblem<_Float16, _Float16, _Float16, float, float, _Float16, unsigned char, float, _Float16, float, _Float16, ck_tile::TileFmhaShape<ck_tile::sequence<64, 32, 32, 256, 32, 256>, ck_tile::sequence<4, 1, 1>, ck_tile::sequence<16, 16, 16>, ck_tile::sequence<4, 1, 1>, ck_tile::sequence<16, 16, 16>, true>, false, ck_tile::ComposedAttention<0u, true>, ck_tile::SimplifiedGenericAttentionMask<true>, false, ck_tile::TileFmhaTraits<false, false, false, false, false, (ck_tile::BlockAttentionBiasEnum)0, false, false, false, (ck_tile::BlockAttentionQuantScaleEnum)0, -1, false> >, ck_tile::BlockFmhaPipelineQXKSVSCustomPolicy<true, false, 1, 1> >, ck_tile::DefaultGemm2DEpilogue<ck_tile::DefaultGemm2DEpilogueProblem<_Float16, _Float16, ck_tile::tuple<>, float, _Float16, ck_tile::tuple<>, ck_tile::tensor_layout::gemm::RowMajor, ck_tile::element_wise::PassThrough, 64, 256, false, false, 16, 16, 16, true, true, (ck_tile::memory_operation_enum)0>, void> >::FmhaFwdBatchModeKargs)",371,130543627543799,130543633285349,32768,356,256,0,128,128,1,1,3072,32,1
"KERNEL_DISPATCH","Agent 2",4,4,1930062,372,22,"(anonymous namespace)::convert_f16_to_f32(__half const*, float*, unsigned long)",372,130543633302350,130543633361671,0,0,8,0,128,256,1,1,6291456,1,1
