"Kind","Direction","Stream_Id","Source_Agent_Id","Destination_Agent_Id","Correlation_Id","Start_Timestamp","End_Timestamp"
"MEMORY_COPY","MEMORY_COPY_HOST_TO_DEVICE",0,"Agent 0","Agent 2",7,96034553035129,96034554665885
"MEMORY_COPY","MEMORY_COPY_HOST_TO_DEVICE",0,"Agent 0","Agent 2",7,96034554696563,96034556209679
"MEMORY_COPY","MEMORY_COPY_HOST_TO_DEVICE",0,"Agent 0","Agent 2",7,96034556214279,96034557411075
"MEMORY_COPY","MEMORY_COPY_HOST_TO_DEVICE",0,"Agent 0","Agent 2",7,96034557415835,96034558867671
"MEMORY_COPY","MEMORY_COPY_HOST_TO_DEVICE",0,"Agent 0","Agent 2",7,96034558871471,96034560052547
"MEMORY_COPY","MEMORY_COPY_HOST_TO_DEVICE",0,"Agent 0","Agent 2",7,96034560056347,96034561235624
"MEMORY_COPY","MEMORY_COPY_HOST_TO_DEVICE",0,"Agent 0","Agent 2",7,96034561473903,96034562648940
"MEMORY_COPY","MEMORY_COPY_HOST_TO_DEVICE",0,"Agent 0","Agent 2",7,96034563991126,96034565166162
"MEMORY_COPY","MEMORY_COPY_HOST_TO_DEVICE",0,"Agent 0","Agent 2",7,96034566532768,96034567708085
"MEMORY_COPY","MEMORY_COPY_HOST_TO_DEVICE",0,"Agent 0","Agent 2",7,96034569071581,96034570246657
"MEMORY_COPY","MEMORY_COPY_HOST_TO_DEVICE",0,"Agent 0","Agent 2",7,96034571597803,96034572773840
"MEMORY_COPY","MEMORY_COPY_HOST_TO_DEVICE",0,"Agent 0","Agent 2",7,96034573871046,96034575047323
"MEMORY_COPY","MEMORY_COPY_HOST_TO_DEVICE",0,"Agent 0","Agent 2",7,96034576099770,96034577276126
"MEMORY_COPY","MEMORY_COPY_HOST_TO_DEVICE",0,"Agent 0","Agent 2",7,96034578311743,96034579488500
"MEMORY_COPY","MEMORY_COPY_HOST_TO_DEVICE",0,"Agent 0","Agent 2",7,96034580451597,96034581629193
"MEMORY_COPY","MEMORY_COPY_HOST_TO_DEVICE",0,"Agent 0","Agent 2",7,96034582279461,96034583457578
"MEMORY_COPY","MEMORY_COPY_HOST_TO_DEVICE",0,"Agent 0","Agent 2",7,96034584103936,96034585281612
"MEMORY_COPY","MEMORY_COPY_HOST_TO_DEVICE",0,"Agent 0","Agent 2",7,96034585931800,96034587109357
"MEMORY_COPY","MEMORY_COPY_HOST_TO_DEVICE",0,"Agent 0","Agent 2",7,96034587758875,96034588936551
"MEMORY_COPY","MEMORY_COPY_HOST_TO_DEVICE",0,"Agent 0","Agent 2",7,96034589585870,96034590763426
"MEMORY_COPY","MEMORY_COPY_HOST_TO_DEVICE",0,"Agent 0","Agent 2",7,96034591414404,96034592591961
"MEMORY_COPY","MEMORY_COPY_HOST_TO_DEVICE",0,"Agent 0","Agent 2",7,96034593240319,96034594417995
"MEMORY_COPY","MEMORY_COPY_HOST_TO_DEVICE",0,"Agent 0","Agent 2",7,96034595067213,96034596244890
"MEMORY_COPY","MEMORY_COPY_HOST_TO_DEVICE",0,"Agent 0","Agent 2",7,96034596895298,96034598072814
"MEMORY_COPY","MEMORY_COPY_HOST_TO_DEVICE",0,"Agent 0","Agent 2",7,96034598720862,96034599900179
"MEMORY_COPY","MEMORY_COPY_HOST_TO_DEVICE",0,"Agent 0","Agent 2",7,96034600033548,96034601213025
"MEMORY_COPY","MEMORY_COPY_HOST_TO_DEVICE",0,"Agent 0","Agent 2",7,96034601307525,96034602486721
"MEMORY_COPY","MEMORY_COPY_HOST_TO_DEVICE",0,"Agent 0","Agent 2",7,96034602616421,96034603803177
"MEMORY_COPY","MEMORY_COPY_HOST_TO_DEVICE",0,"Agent 0","Agent 2",7,96034603976377,96034605155413
"MEMORY_COPY","MEMORY_COPY_HOST_TO_DEVICE",0,"Agent 0","Agent 2",7,96034605293373,96034606472809
"MEMORY_COPY","MEMORY_COPY_HOST_TO_DEVICE",0,"Agent 0","Agent 2",7,96034606584189,96034607770025
"MEMORY_COPY","MEMORY_COPY_HOST_TO_DEVICE",0,"Agent 0","Agent 2",7,96034607776065,96034608970662
"MEMORY_COPY","MEMORY_COPY_HOST_TO_DEVICE",0,"Agent 0","Agent 2",7,96034608974462,96034610180058
"MEMORY_COPY","MEMORY_COPY_HOST_TO_DEVICE",0,"Agent 0","Agent 2",7,96034610183858,96034611404175
"MEMORY_COPY","MEMORY_COPY_HOST_TO_DEVICE",0,"Agent 0","Agent 2",7,96034611407975,96034612611051
"MEMORY_COPY","MEMORY_COPY_HOST_TO_DEVICE",0,"Agent 0","Agent 2",7,96034612614851,96034613837127
"MEMORY_COPY","MEMORY_COPY_HOST_TO_DEVICE",0,"Agent 0","Agent 2",7,96034613840927,96034615060524
"MEMORY_COPY","MEMORY_COPY_HOST_TO_DEVICE",0,"Agent 0","Agent 2",7,96034615066084,96034616238800
"MEMORY_COPY","MEMORY_COPY_HOST_TO_DEVICE",0,"Agent 0","Agent 2",7,96034616242593,96034617415110
"MEMORY_COPY","MEMORY_COPY_HOST_TO_DEVICE",0,"Agent 0","Agent 2",7,96034617424868,96034618597665
"MEMORY_COPY","MEMORY_COPY_HOST_TO_DEVICE",0,"Agent 0","Agent 2",7,96034618601305,96034618908064
"MEMORY_COPY","MEMORY_COPY_HOST_TO_DEVICE",0,"Agent 0","Agent 2",9,96034735330322,96034735343122
"MEMORY_COPY","MEMORY_COPY_HOST_TO_DEVICE",0,"Agent 0","Agent 2",11,96035271650482,96035273216398
"MEMORY_COPY","MEMORY_COPY_HOST_TO_DEVICE",0,"Agent 0","Agent 2",11,96035273230396,96035274405833
"MEMORY_COPY","MEMORY_COPY_HOST_TO_DEVICE",0,"Agent 0","Agent 2",11,96035274409433,96035275584790
"MEMORY_COPY","MEMORY_COPY_HOST_TO_DEVICE",0,"Agent 0","Agent 2",11,96035275588430,96035276763826
"MEMORY_COPY","MEMORY_COPY_HOST_TO_DEVICE",0,"Agent 0","Agent 2",11,96035276767466,96035277944063
"MEMORY_COPY","MEMORY_COPY_HOST_TO_DEVICE",0,"Agent 0","Agent 2",11,96035277947703,96035279121299
"MEMORY_COPY","MEMORY_COPY_HOST_TO_DEVICE",0,"Agent 0","Agent 2",11,96035279124939,96035280301936
"MEMORY_COPY","MEMORY_COPY_HOST_TO_DEVICE",0,"Agent 0","Agent 2",11,96035280489085,96035281663762
"MEMORY_COPY","MEMORY_COPY_HOST_TO_DEVICE",0,"Agent 0","Agent 2",11,96035282801448,96035283976205
"MEMORY_COPY","MEMORY_COPY_HOST_TO_DEVICE",0,"Agent 0","Agent 2",11,96035284918332,96035286093168
"MEMORY_COPY","MEMORY_COPY_HOST_TO_DEVICE",0,"Agent 0","Agent 2",11,96035287037196,96035288212712
"MEMORY_COPY","MEMORY_COPY_HOST_TO_DEVICE",0,"Agent 0","Agent 2",11,96035288563031,96035289739708
"MEMORY_COPY","MEMORY_COPY_HOST_TO_DEVICE",0,"Agent 0","Agent 2",11,96035290046107,96035291221703
"MEMORY_COPY","MEMORY_COPY_HOST_TO_DEVICE",0,"Agent 0","Agent 2",11,96035292564339,96035293739976
"MEMORY_COPY","MEMORY_COPY_HOST_TO_DEVICE",0,"Agent 0","Agent 2",11,96035294641383,96035295818340
"MEMORY_COPY","MEMORY_COPY_HOST_TO_DEVICE",0,"Agent 0","Agent 2",11,96035296466728,96035297643884
"MEMORY_COPY","MEMORY_COPY_HOST_TO_DEVICE",0,"Agent 0","Agent 2",11,96035297960573,96035299143650
"MEMORY_COPY","MEMORY_COPY_HOST_TO_DEVICE",0,"Agent 0","Agent 2",11,96035299147490,96035300330206
"MEMORY_COPY","MEMORY_COPY_HOST_TO_DEVICE",0,"Agent 0","Agent 2",11,96035300334046,96035301524003
"MEMORY_COPY","MEMORY_COPY_HOST_TO_DEVICE",0,"Agent 0","Agent 2",11,96035301527843,96035302700719
"MEMORY_COPY","MEMORY_COPY_HOST_TO_DEVICE",0,"Agent 0","Agent 2",11,96035302704319,96035302859759
"MEMORY_COPY","MEMORY_COPY_HOST_TO_DEVICE",0,"Agent 0","Agent 2",13,96035362115985,96035362122505
"MEMORY_COPY","MEMORY_COPY_HOST_TO_DEVICE",0,"Agent 0","Agent 2",15,96035392875946,96035394210142
"MEMORY_COPY","MEMORY_COPY_HOST_TO_DEVICE",0,"Agent 0","Agent 2",17,96035394265601,96035394270921
"MEMORY_COPY","MEMORY_COPY_HOST_TO_DEVICE",0,"Agent 0","Agent 2",19,96035401057055,96035401709093
"MEMORY_COPY","MEMORY_COPY_HOST_TO_DEVICE",0,"Agent 0","Agent 2",21,96035401748700,96035401754220
"MEMORY_COPY","MEMORY_COPY_HOST_TO_DEVICE",0,"Agent 0","Agent 2",23,96035401793213,96035401802613
"MEMORY_COPY","MEMORY_COPY_HOST_TO_DEVICE",0,"Agent 0","Agent 2",25,96035401838813,96035401843973
"MEMORY_COPY","MEMORY_COPY_HOST_TO_DEVICE",0,"Agent 0","Agent 2",27,96035401881603,96035401891003
"MEMORY_COPY","MEMORY_COPY_HOST_TO_DEVICE",0,"Agent 0","Agent 2",29,96035401919538,96035401924658
"MEMORY_COPY","MEMORY_COPY_HOST_TO_DEVICE",0,"Agent 0","Agent 2",35,96035402794148,96035402804908
"MEMORY_COPY","MEMORY_COPY_HOST_TO_DEVICE",0,"Agent 0","Agent 2",39,96035409495841,96035410152959
"MEMORY_COPY","MEMORY_COPY_HOST_TO_DEVICE",0,"Agent 0","Agent 2",41,96035410199208,96035410204728
"MEMORY_COPY","MEMORY_COPY_HOST_TO_DEVICE",0,"Agent 0","Agent 2",43,96035438009241,96035439540357
"MEMORY_COPY","MEMORY_COPY_HOST_TO_DEVICE",0,"Agent 0","Agent 2",43,96035439548315,96035440033194
"MEMORY_COPY","MEMORY_COPY_HOST_TO_DEVICE",0,"Agent 0","Agent 2",45,96035440075974,96035440081214
"MEMORY_COPY","MEMORY_COPY_HOST_TO_DEVICE",0,"Agent 0","Agent 2",47,96035457380333,96035458574849
"MEMORY_COPY","MEMORY_COPY_HOST_TO_DEVICE",0,"Agent 0","Agent 2",47,96035458578489,96035459063008
"MEMORY_COPY","MEMORY_COPY_HOST_TO_DEVICE",0,"Agent 0","Agent 2",49,96035459113548,96035459118908
"MEMORY_COPY","MEMORY_COPY_HOST_TO_DEVICE",0,"Agent 0","Agent 2",51,96035475788889,96035476964205
"MEMORY_COPY","MEMORY_COPY_HOST_TO_DEVICE",0,"Agent 0","Agent 2",51,96035476967925,96035477452484
"MEMORY_COPY","MEMORY_COPY_HOST_TO_DEVICE",0,"Agent 0","Agent 2",53,96035477615383,96035477620943
"MEMORY_COPY","MEMORY_COPY_HOST_TO_DEVICE",0,"Agent 0","Agent 2",55,96035487976533,96035488951650
"MEMORY_COPY","MEMORY_COPY_HOST_TO_DEVICE",0,"Agent 0","Agent 2",57,96035488987130,96035488992410
"MEMORY_COPY","MEMORY_COPY_HOST_TO_DEVICE",0,"Agent 0","Agent 2",59,96035494817582,96035495407141
"MEMORY_COPY","MEMORY_COPY_HOST_TO_DEVICE",0,"Agent 0","Agent 2",61,96035495440421,96035495445661
"MEMORY_COPY","MEMORY_COPY_HOST_TO_DEVICE",0,"Agent 0","Agent 2",63,96035495581340,96035495590740
"MEMORY_COPY","MEMORY_COPY_HOST_TO_DEVICE",0,"Agent 0","Agent 2",65,96035495617650,96035495622770
"MEMORY_COPY","MEMORY_COPY_HOST_TO_DEVICE",0,"Agent 0","Agent 2",67,96035495758500,96035495767940
"MEMORY_COPY","MEMORY_COPY_HOST_TO_DEVICE",0,"Agent 0","Agent 2",69,96035495796730,96035495801890
"MEMORY_COPY","MEMORY_COPY_HOST_TO_DEVICE",0,"Agent 0","Agent 2",75,96035496058829,96035496072309
"MEMORY_COPY","MEMORY_COPY_HOST_TO_DEVICE",0,"Agent 0","Agent 2",79,96035502142818,96035502739697
"MEMORY_COPY","MEMORY_COPY_HOST_TO_DEVICE",0,"Agent 0","Agent 2",81,96035502780845,96035502786165
"MEMORY_COPY","MEMORY_COPY_HOST_TO_DEVICE",0,"Agent 0","Agent 2",83,96035520461924,96035521635601
"MEMORY_COPY","MEMORY_COPY_HOST_TO_DEVICE",0,"Agent 0","Agent 2",83,96035521639241,96035522124200
"MEMORY_COPY","MEMORY_COPY_HOST_TO_DEVICE",0,"Agent 0","Agent 2",85,96035522161260,96035522166780
"MEMORY_COPY","MEMORY_COPY_HOST_TO_DEVICE",0,"Agent 0","Agent 2",87,96035538229323,96035539403400
"MEMORY_COPY","MEMORY_COPY_HOST_TO_DEVICE",0,"Agent 0","Agent 2",87,96035539407040,96035539891638
"MEMORY_COPY","MEMORY_COPY_HOST_TO_DEVICE",0,"Agent 0","Agent 2",89,96035539929888,96035539935288
"MEMORY_COPY","MEMORY_COPY_HOST_TO_DEVICE",0,"Agent 0","Agent 2",91,96035560996298,96035562171374
"MEMORY_COPY","MEMORY_COPY_HOST_TO_DEVICE",0,"Agent 0","Agent 2",91,96035562175054,96035562659693
"MEMORY_COPY","MEMORY_COPY_HOST_TO_DEVICE",0,"Agent 0","Agent 2",93,96035562856152,96035562861712
"MEMORY_COPY","MEMORY_COPY_HOST_TO_DEVICE",0,"Agent 0","Agent 2",95,96035573867908,96035574842506
"MEMORY_COPY","MEMORY_COPY_HOST_TO_DEVICE",0,"Agent 0","Agent 2",97,96035574883994,96035574889274
"MEMORY_COPY","MEMORY_COPY_HOST_TO_DEVICE",0,"Agent 0","Agent 2",99,96035581204786,96035581791864
"MEMORY_COPY","MEMORY_COPY_HOST_TO_DEVICE",0,"Agent 0","Agent 2",101,96035581825344,96035581830664
"MEMORY_COPY","MEMORY_COPY_HOST_TO_DEVICE",0,"Agent 0","Agent 2",103,96035581867324,96035581876724
"MEMORY_COPY","MEMORY_COPY_HOST_TO_DEVICE",0,"Agent 0","Agent 2",105,96035581902064,96035581907184
"MEMORY_COPY","MEMORY_COPY_HOST_TO_DEVICE",0,"Agent 0","Agent 2",107,96035581937734,96035581947133
"MEMORY_COPY","MEMORY_COPY_HOST_TO_DEVICE",0,"Agent 0","Agent 2",109,96035581971693,96035581976853
"MEMORY_COPY","MEMORY_COPY_HOST_TO_DEVICE",0,"Agent 0","Agent 2",115,96035582208083,96035582218963
"MEMORY_COPY","MEMORY_COPY_HOST_TO_DEVICE",0,"Agent 0","Agent 2",119,96035588048535,96035588636694
"MEMORY_COPY","MEMORY_COPY_HOST_TO_DEVICE",0,"Agent 0","Agent 2",121,96035588673514,96035588678834
"MEMORY_COPY","MEMORY_COPY_HOST_TO_DEVICE",0,"Agent 0","Agent 2",123,96035604961535,96035606134852
"MEMORY_COPY","MEMORY_COPY_HOST_TO_DEVICE",0,"Agent 0","Agent 2",123,96035606138452,96035606624491
"MEMORY_COPY","MEMORY_COPY_HOST_TO_DEVICE",0,"Agent 0","Agent 2",125,96035606665600,96035606671080
"MEMORY_COPY","MEMORY_COPY_HOST_TO_DEVICE",0,"Agent 0","Agent 2",127,96035623065892,96035624240368
"MEMORY_COPY","MEMORY_COPY_HOST_TO_DEVICE",0,"Agent 0","Agent 2",127,96035624244008,96035624728767
"MEMORY_COPY","MEMORY_COPY_HOST_TO_DEVICE",0,"Agent 0","Agent 2",129,96035624773027,96035624778667
"MEMORY_COPY","MEMORY_COPY_HOST_TO_DEVICE",0,"Agent 0","Agent 2",131,96035641458652,96035642632609
"MEMORY_COPY","MEMORY_COPY_HOST_TO_DEVICE",0,"Agent 0","Agent 2",131,96035642640607,96035643125326
"MEMORY_COPY","MEMORY_COPY_HOST_TO_DEVICE",0,"Agent 0","Agent 2",133,96035643277396,96035643282956
"MEMORY_COPY","MEMORY_COPY_HOST_TO_DEVICE",0,"Agent 0","Agent 2",135,96035654477023,96035655646099
"MEMORY_COPY","MEMORY_COPY_HOST_TO_DEVICE",0,"Agent 0","Agent 2",137,96035655682189,96035655687429
"MEMORY_COPY","MEMORY_COPY_HOST_TO_DEVICE",0,"Agent 0","Agent 2",139,96035658277871,96035658380111
"MEMORY_COPY","MEMORY_COPY_HOST_TO_DEVICE",0,"Agent 0","Agent 2",141,96035658417551,96035658422991
"MEMORY_COPY","MEMORY_COPY_HOST_TO_DEVICE",0,"Agent 0","Agent 2",143,96035660574055,96035660680014
"MEMORY_COPY","MEMORY_COPY_HOST_TO_DEVICE",0,"Agent 0","Agent 2",145,96035660716044,96035660721484
"MEMORY_COPY","MEMORY_COPY_HOST_TO_DEVICE",0,"Agent 0","Agent 2",147,96035669338159,96035669930277
"MEMORY_COPY","MEMORY_COPY_HOST_TO_DEVICE",0,"Agent 0","Agent 2",153,96035670340656,96035670345816
"MEMORY_COPY","MEMORY_COPY_HOST_TO_DEVICE",0,"Agent 0","Agent 2",155,96035687575725,96035688749962
"MEMORY_COPY","MEMORY_COPY_HOST_TO_DEVICE",0,"Agent 0","Agent 2",155,96035688753682,96035689238400
"MEMORY_COPY","MEMORY_COPY_HOST_TO_DEVICE",0,"Agent 0","Agent 2",157,96035689275930,96035689281130
"MEMORY_COPY","MEMORY_COPY_HOST_TO_DEVICE",0,"Agent 0","Agent 2",159,96035705062517,96035706235674
"MEMORY_COPY","MEMORY_COPY_HOST_TO_DEVICE",0,"Agent 0","Agent 2",159,96035706242712,96035706727391
"MEMORY_COPY","MEMORY_COPY_HOST_TO_DEVICE",0,"Agent 0","Agent 2",161,96035706773041,96035706778321
"MEMORY_COPY","MEMORY_COPY_HOST_TO_DEVICE",0,"Agent 0","Agent 2",163,96035723384632,96035724558709
"MEMORY_COPY","MEMORY_COPY_HOST_TO_DEVICE",0,"Agent 0","Agent 2",163,96035724562309,96035725047427
"MEMORY_COPY","MEMORY_COPY_HOST_TO_DEVICE",0,"Agent 0","Agent 2",165,96035725225727,96035725231207
"MEMORY_COPY","MEMORY_COPY_HOST_TO_DEVICE",0,"Agent 0","Agent 2",167,96035735718546,96035736693383
"MEMORY_COPY","MEMORY_COPY_HOST_TO_DEVICE",0,"Agent 0","Agent 2",169,96035736730163,96035736735563
"MEMORY_COPY","MEMORY_COPY_HOST_TO_DEVICE",0,"Agent 0","Agent 2",171,96035742416006,96035743003084
"MEMORY_COPY","MEMORY_COPY_HOST_TO_DEVICE",0,"Agent 0","Agent 2",173,96035743047274,96035743052594
"MEMORY_COPY","MEMORY_COPY_HOST_TO_DEVICE",0,"Agent 0","Agent 2",175,96035743271824,96035743283824
"MEMORY_COPY","MEMORY_COPY_HOST_TO_DEVICE",0,"Agent 0","Agent 2",177,96035743315744,96035743321144
"MEMORY_COPY","MEMORY_COPY_HOST_TO_DEVICE",0,"Agent 0","Agent 2",179,96035743658063,96035743667582
"MEMORY_COPY","MEMORY_COPY_HOST_TO_DEVICE",0,"Agent 0","Agent 2",181,96035743769412,96035743774532
"MEMORY_COPY","MEMORY_COPY_HOST_TO_DEVICE",0,"Agent 0","Agent 2",187,96035744006211,96035744017091
"MEMORY_COPY","MEMORY_COPY_HOST_TO_DEVICE",0,"Agent 0","Agent 2",191,96035751669239,96035752256997
"MEMORY_COPY","MEMORY_COPY_HOST_TO_DEVICE",0,"Agent 0","Agent 2",193,96035752295147,96035752300467
"MEMORY_COPY","MEMORY_COPY_HOST_TO_DEVICE",0,"Agent 0","Agent 2",195,96035771197228,96035772370305
"MEMORY_COPY","MEMORY_COPY_HOST_TO_DEVICE",0,"Agent 0","Agent 2",195,96035772377463,96035772862182
"MEMORY_COPY","MEMORY_COPY_HOST_TO_DEVICE",0,"Agent 0","Agent 2",197,96035772900622,96035772905742
"MEMORY_COPY","MEMORY_COPY_HOST_TO_DEVICE",0,"Agent 0","Agent 2",199,96035791551137,96035792724573
"MEMORY_COPY","MEMORY_COPY_HOST_TO_DEVICE",0,"Agent 0","Agent 2",199,96035792728253,96035793212972
"MEMORY_COPY","MEMORY_COPY_HOST_TO_DEVICE",0,"Agent 0","Agent 2",201,96035793254432,96035793259792
"MEMORY_COPY","MEMORY_COPY_HOST_TO_DEVICE",0,"Agent 0","Agent 2",203,96035810264282,96035811439918
"MEMORY_COPY","MEMORY_COPY_HOST_TO_DEVICE",0,"Agent 0","Agent 2",203,96035811443518,96035811928117
"MEMORY_COPY","MEMORY_COPY_HOST_TO_DEVICE",0,"Agent 0","Agent 2",205,96035812091986,96035812097746
"MEMORY_COPY","MEMORY_COPY_HOST_TO_DEVICE",0,"Agent 0","Agent 2",207,96035822252146,96035823226623
"MEMORY_COPY","MEMORY_COPY_HOST_TO_DEVICE",0,"Agent 0","Agent 2",209,96035823260653,96035823265773
"MEMORY_COPY","MEMORY_COPY_HOST_TO_DEVICE",0,"Agent 0","Agent 2",211,96035829647884,96035830235803
"MEMORY_COPY","MEMORY_COPY_HOST_TO_DEVICE",0,"Agent 0","Agent 2",213,96035830283222,96035830288502
"MEMORY_COPY","MEMORY_COPY_HOST_TO_DEVICE",0,"Agent 0","Agent 2",215,96035830906811,96035830916571
"MEMORY_COPY","MEMORY_COPY_HOST_TO_DEVICE",0,"Agent 0","Agent 2",217,96035830946511,96035830951870
"MEMORY_COPY","MEMORY_COPY_HOST_TO_DEVICE",0,"Agent 0","Agent 2",219,96035831002600,96035831012440
"MEMORY_COPY","MEMORY_COPY_HOST_TO_DEVICE",0,"Agent 0","Agent 2",221,96035831047020,96035831052100
"MEMORY_COPY","MEMORY_COPY_HOST_TO_DEVICE",0,"Agent 0","Agent 2",227,96035831272180,96035831283260
"MEMORY_COPY","MEMORY_COPY_HOST_TO_DEVICE",0,"Agent 0","Agent 2",231,96035841389439,96035841977398
"MEMORY_COPY","MEMORY_COPY_HOST_TO_DEVICE",0,"Agent 0","Agent 2",233,96035842051386,96035842056626
"MEMORY_COPY","MEMORY_COPY_HOST_TO_DEVICE",0,"Agent 0","Agent 2",235,96035860570782,96035861743738
"MEMORY_COPY","MEMORY_COPY_HOST_TO_DEVICE",0,"Agent 0","Agent 2",235,96035861747418,96035862232177
"MEMORY_COPY","MEMORY_COPY_HOST_TO_DEVICE",0,"Agent 0","Agent 2",237,96035862271477,96035862276757
"MEMORY_COPY","MEMORY_COPY_HOST_TO_DEVICE",0,"Agent 0","Agent 2",239,96035878749988,96035879922945
"MEMORY_COPY","MEMORY_COPY_HOST_TO_DEVICE",0,"Agent 0","Agent 2",239,96035879926585,96035880411384
"MEMORY_COPY","MEMORY_COPY_HOST_TO_DEVICE",0,"Agent 0","Agent 2",241,96035880452933,96035880458293
"MEMORY_COPY","MEMORY_COPY_HOST_TO_DEVICE",0,"Agent 0","Agent 2",243,96035898258081,96035899431078
"MEMORY_COPY","MEMORY_COPY_HOST_TO_DEVICE",0,"Agent 0","Agent 2",243,96035899434718,96035899919356
"MEMORY_COPY","MEMORY_COPY_HOST_TO_DEVICE",0,"Agent 0","Agent 2",245,96035900131306,96035900136626
"MEMORY_COPY","MEMORY_COPY_HOST_TO_DEVICE",0,"Agent 0","Agent 2",247,96035909788224,96035910762902
"MEMORY_COPY","MEMORY_COPY_HOST_TO_DEVICE",0,"Agent 0","Agent 2",249,96035910801500,96035910806580
"MEMORY_COPY","MEMORY_COPY_HOST_TO_DEVICE",0,"Agent 0","Agent 2",251,96035916386244,96035916973362
"MEMORY_COPY","MEMORY_COPY_HOST_TO_DEVICE",0,"Agent 0","Agent 2",253,96035917019722,96035917024802
"MEMORY_COPY","MEMORY_COPY_HOST_TO_DEVICE",0,"Agent 0","Agent 2",255,96035917083672,96035917092952
"MEMORY_COPY","MEMORY_COPY_HOST_TO_DEVICE",0,"Agent 0","Agent 2",257,96035917121972,96035917127132
"MEMORY_COPY","MEMORY_COPY_HOST_TO_DEVICE",0,"Agent 0","Agent 2",259,96035917431711,96035917441191
"MEMORY_COPY","MEMORY_COPY_HOST_TO_DEVICE",0,"Agent 0","Agent 2",261,96035917541511,96035917546631
"MEMORY_COPY","MEMORY_COPY_HOST_TO_DEVICE",0,"Agent 0","Agent 2",267,96035917781430,96035917792470
"MEMORY_COPY","MEMORY_COPY_HOST_TO_DEVICE",0,"Agent 0","Agent 2",271,96035925258868,96035925846187
"MEMORY_COPY","MEMORY_COPY_HOST_TO_DEVICE",0,"Agent 0","Agent 2",273,96035925881407,96035925886527
"MEMORY_COPY","MEMORY_COPY_HOST_TO_DEVICE",0,"Agent 0","Agent 2",275,96035944004994,96035945178271
"MEMORY_COPY","MEMORY_COPY_HOST_TO_DEVICE",0,"Agent 0","Agent 2",275,96035945181911,96035945666749
"MEMORY_COPY","MEMORY_COPY_HOST_TO_DEVICE",0,"Agent 0","Agent 2",277,96035945707519,96035945712639
"MEMORY_COPY","MEMORY_COPY_HOST_TO_DEVICE",0,"Agent 0","Agent 2",279,96035961938022,96035963110899
"MEMORY_COPY","MEMORY_COPY_HOST_TO_DEVICE",0,"Agent 0","Agent 2",279,96035963114659,96035963599537
"MEMORY_COPY","MEMORY_COPY_HOST_TO_DEVICE",0,"Agent 0","Agent 2",281,96035963647917,96035963653237
"MEMORY_COPY","MEMORY_COPY_HOST_TO_DEVICE",0,"Agent 0","Agent 2",283,96035980248058,96035981420975
"MEMORY_COPY","MEMORY_COPY_HOST_TO_DEVICE",0,"Agent 0","Agent 2",283,96035981428013,96035981912572
"MEMORY_COPY","MEMORY_COPY_HOST_TO_DEVICE",0,"Agent 0","Agent 2",285,96035982070082,96035982075442
"MEMORY_COPY","MEMORY_COPY_HOST_TO_DEVICE",0,"Agent 0","Agent 2",287,96035993398439,96035994566875
"MEMORY_COPY","MEMORY_COPY_HOST_TO_DEVICE",0,"Agent 0","Agent 2",289,96035994601165,96035994606285
"MEMORY_COPY","MEMORY_COPY_HOST_TO_DEVICE",0,"Agent 0","Agent 2",291,96035997200737,96035997304017
"MEMORY_COPY","MEMORY_COPY_HOST_TO_DEVICE",0,"Agent 0","Agent 2",293,96035997336017,96035997341537
"MEMORY_COPY","MEMORY_COPY_HOST_TO_DEVICE",0,"Agent 0","Agent 2",295,96035999368991,96035999476311
"MEMORY_COPY","MEMORY_COPY_HOST_TO_DEVICE",0,"Agent 0","Agent 2",297,96035999508451,96035999513531
"MEMORY_COPY","MEMORY_COPY_HOST_TO_DEVICE",0,"Agent 0","Agent 2",299,96036006546050,96036007137848
"MEMORY_COPY","MEMORY_COPY_HOST_TO_DEVICE",0,"Agent 0","Agent 2",305,96036007446708,96036007451868
"MEMORY_COPY","MEMORY_COPY_HOST_TO_DEVICE",0,"Agent 0","Agent 2",307,96036027268750,96036028441546
"MEMORY_COPY","MEMORY_COPY_HOST_TO_DEVICE",0,"Agent 0","Agent 2",307,96036028445266,96036028929905
"MEMORY_COPY","MEMORY_COPY_HOST_TO_DEVICE",0,"Agent 0","Agent 2",309,96036028976995,96036028982195
"MEMORY_COPY","MEMORY_COPY_HOST_TO_DEVICE",0,"Agent 0","Agent 2",311,96036048104086,96036049276843
"MEMORY_COPY","MEMORY_COPY_HOST_TO_DEVICE",0,"Agent 0","Agent 2",311,96036049284001,96036049768520
"MEMORY_COPY","MEMORY_COPY_HOST_TO_DEVICE",0,"Agent 0","Agent 2",313,96036049826090,96036049831370
"MEMORY_COPY","MEMORY_COPY_HOST_TO_DEVICE",0,"Agent 0","Agent 2",315,96036067544428,96036068717265
"MEMORY_COPY","MEMORY_COPY_HOST_TO_DEVICE",0,"Agent 0","Agent 2",315,96036068720945,96036069205703
"MEMORY_COPY","MEMORY_COPY_HOST_TO_DEVICE",0,"Agent 0","Agent 2",317,96036069401813,96036069407133
"MEMORY_COPY","MEMORY_COPY_HOST_TO_DEVICE",0,"Agent 0","Agent 2",319,96036079004504,96036079979302
"MEMORY_COPY","MEMORY_COPY_HOST_TO_DEVICE",0,"Agent 0","Agent 2",321,96036080035311,96036080040511
"MEMORY_COPY","MEMORY_COPY_HOST_TO_DEVICE",0,"Agent 0","Agent 2",323,96036086237383,96036086824581
"MEMORY_COPY","MEMORY_COPY_HOST_TO_DEVICE",0,"Agent 0","Agent 2",325,96036086859571,96036086864691
"MEMORY_COPY","MEMORY_COPY_HOST_TO_DEVICE",0,"Agent 0","Agent 2",327,96036087025111,96036087034671
"MEMORY_COPY","MEMORY_COPY_HOST_TO_DEVICE",0,"Agent 0","Agent 2",329,96036087063781,96036087069181
"MEMORY_COPY","MEMORY_COPY_HOST_TO_DEVICE",0,"Agent 0","Agent 2",331,96036087383420,96036087393620
"MEMORY_COPY","MEMORY_COPY_HOST_TO_DEVICE",0,"Agent 0","Agent 2",333,96036087425750,96036087430870
"MEMORY_COPY","MEMORY_COPY_HOST_TO_DEVICE",0,"Agent 0","Agent 2",339,96036087658719,96036087669359
"MEMORY_COPY","MEMORY_COPY_HOST_TO_DEVICE",0,"Agent 0","Agent 2",343,96036094330109,96036094917988
"MEMORY_COPY","MEMORY_COPY_HOST_TO_DEVICE",0,"Agent 0","Agent 2",345,96036094966958,96036094972118
"MEMORY_COPY","MEMORY_COPY_HOST_TO_DEVICE",0,"Agent 0","Agent 2",347,96036112622392,96036113795389
"MEMORY_COPY","MEMORY_COPY_HOST_TO_DEVICE",0,"Agent 0","Agent 2",347,96036113802507,96036114287266
"MEMORY_COPY","MEMORY_COPY_HOST_TO_DEVICE",0,"Agent 0","Agent 2",349,96036114326482,96036114331842
"MEMORY_COPY","MEMORY_COPY_HOST_TO_DEVICE",0,"Agent 0","Agent 2",351,96036131867245,96036133040042
"MEMORY_COPY","MEMORY_COPY_HOST_TO_DEVICE",0,"Agent 0","Agent 2",351,96036133043642,96036133528321
"MEMORY_COPY","MEMORY_COPY_HOST_TO_DEVICE",0,"Agent 0","Agent 2",353,96036133621979,96036133627299
"MEMORY_COPY","MEMORY_COPY_HOST_TO_DEVICE",0,"Agent 0","Agent 2",355,96036149949763,96036151122600
"MEMORY_COPY","MEMORY_COPY_HOST_TO_DEVICE",0,"Agent 0","Agent 2",355,96036151126200,96036151610878
"MEMORY_COPY","MEMORY_COPY_HOST_TO_DEVICE",0,"Agent 0","Agent 2",357,96036151809958,96036151815278
"MEMORY_COPY","MEMORY_COPY_HOST_TO_DEVICE",0,"Agent 0","Agent 2",359,96036162677677,96036163651954
"MEMORY_COPY","MEMORY_COPY_HOST_TO_DEVICE",0,"Agent 0","Agent 2",361,96036163687374,96036163692494
"MEMORY_COPY","MEMORY_COPY_HOST_TO_DEVICE",0,"Agent 0","Agent 2",363,96036169465027,96036170051865
"MEMORY_COPY","MEMORY_COPY_HOST_TO_DEVICE",0,"Agent 0","Agent 2",365,96036170086395,96036170091555
"MEMORY_COPY","MEMORY_COPY_HOST_TO_DEVICE",0,"Agent 0","Agent 2",367,96036170232785,96036170242505
"MEMORY_COPY","MEMORY_COPY_HOST_TO_DEVICE",0,"Agent 0","Agent 2",369,96036170269455,96036170274815
"MEMORY_COPY","MEMORY_COPY_HOST_TO_DEVICE",0,"Agent 0","Agent 2",371,96036170419024,96036170428464
"MEMORY_COPY","MEMORY_COPY_HOST_TO_DEVICE",0,"Agent 0","Agent 2",373,96036170457264,96036170462104
"MEMORY_COPY","MEMORY_COPY_HOST_TO_DEVICE",0,"Agent 0","Agent 2",379,96036170696233,96036170707513
"MEMORY_COPY","MEMORY_COPY_HOST_TO_DEVICE",0,"Agent 0","Agent 2",383,96036176581888,96036177170007
"MEMORY_COPY","MEMORY_COPY_HOST_TO_DEVICE",0,"Agent 0","Agent 2",385,96036177211515,96036177216635
"MEMORY_COPY","MEMORY_COPY_HOST_TO_DEVICE",0,"Agent 0","Agent 2",387,96036193766327,96036194939243
"MEMORY_COPY","MEMORY_COPY_HOST_TO_DEVICE",0,"Agent 0","Agent 2",387,96036194942963,96036195427722
"MEMORY_COPY","MEMORY_COPY_HOST_TO_DEVICE",0,"Agent 0","Agent 2",389,96036195465432,96036195470752
"MEMORY_COPY","MEMORY_COPY_HOST_TO_DEVICE",0,"Agent 0","Agent 2",391,96036214753635,96036215927991
"MEMORY_COPY","MEMORY_COPY_HOST_TO_DEVICE",0,"Agent 0","Agent 2",391,96036215931591,96036216419830
"MEMORY_COPY","MEMORY_COPY_HOST_TO_DEVICE",0,"Agent 0","Agent 2",393,96036216466380,96036216471780
"MEMORY_COPY","MEMORY_COPY_HOST_TO_DEVICE",0,"Agent 0","Agent 2",395,96036233466580,96036234640056
"MEMORY_COPY","MEMORY_COPY_HOST_TO_DEVICE",0,"Agent 0","Agent 2",395,96036234643736,96036235128255
"MEMORY_COPY","MEMORY_COPY_HOST_TO_DEVICE",0,"Agent 0","Agent 2",397,96036235331414,96036235336734
"MEMORY_COPY","MEMORY_COPY_HOST_TO_DEVICE",0,"Agent 0","Agent 2",399,96036246691186,96036247684944
"MEMORY_COPY","MEMORY_COPY_HOST_TO_DEVICE",0,"Agent 0","Agent 2",401,96036247731712,96036247737072
"MEMORY_COPY","MEMORY_COPY_HOST_TO_DEVICE",0,"Agent 0","Agent 2",403,96036254607102,96036255260100
"MEMORY_COPY","MEMORY_COPY_HOST_TO_DEVICE",0,"Agent 0","Agent 2",405,96036255301860,96036255306980
"MEMORY_COPY","MEMORY_COPY_HOST_TO_DEVICE",0,"Agent 0","Agent 2",407,96036255487350,96036255496790
"MEMORY_COPY","MEMORY_COPY_HOST_TO_DEVICE",0,"Agent 0","Agent 2",409,96036255528919,96036255534079
"MEMORY_COPY","MEMORY_COPY_HOST_TO_DEVICE",0,"Agent 0","Agent 2",411,96036255595839,96036255605119
"MEMORY_COPY","MEMORY_COPY_HOST_TO_DEVICE",0,"Agent 0","Agent 2",413,96036255638819,96036255643899
"MEMORY_COPY","MEMORY_COPY_HOST_TO_DEVICE",0,"Agent 0","Agent 2",419,96036255914438,96036255925398
"MEMORY_COPY","MEMORY_COPY_HOST_TO_DEVICE",0,"Agent 0","Agent 2",423,96036263685655,96036264338934
"MEMORY_COPY","MEMORY_COPY_HOST_TO_DEVICE",0,"Agent 0","Agent 2",425,96036264382513,96036264387633
"MEMORY_COPY","MEMORY_COPY_HOST_TO_DEVICE",0,"Agent 0","Agent 2",427,96036282174451,96036283371488
"MEMORY_COPY","MEMORY_COPY_HOST_TO_DEVICE",0,"Agent 0","Agent 2",427,96036283375128,96036283861846
"MEMORY_COPY","MEMORY_COPY_HOST_TO_DEVICE",0,"Agent 0","Agent 2",429,96036283920546,96036283925946
"MEMORY_COPY","MEMORY_COPY_HOST_TO_DEVICE",0,"Agent 0","Agent 2",431,96036300455357,96036301629714
"MEMORY_COPY","MEMORY_COPY_HOST_TO_DEVICE",0,"Agent 0","Agent 2",431,96036301633354,96036302120432
"MEMORY_COPY","MEMORY_COPY_HOST_TO_DEVICE",0,"Agent 0","Agent 2",433,96036302165882,96036302171042
"MEMORY_COPY","MEMORY_COPY_HOST_TO_DEVICE",0,"Agent 0","Agent 2",435,96036318774364,96036319948041
"MEMORY_COPY","MEMORY_COPY_HOST_TO_DEVICE",0,"Agent 0","Agent 2",435,96036319955159,96036320440638
"MEMORY_COPY","MEMORY_COPY_HOST_TO_DEVICE",0,"Agent 0","Agent 2",437,96036320668157,96036320673597
"MEMORY_COPY","MEMORY_COPY_HOST_TO_DEVICE",0,"Agent 0","Agent 2",439,96036331596465,96036332766542
"MEMORY_COPY","MEMORY_COPY_HOST_TO_DEVICE",0,"Agent 0","Agent 2",441,96036332808502,96036332813582
"MEMORY_COPY","MEMORY_COPY_HOST_TO_DEVICE",0,"Agent 0","Agent 2",443,96036335250315,96036335356194
"MEMORY_COPY","MEMORY_COPY_HOST_TO_DEVICE",0,"Agent 0","Agent 2",445,96036335401364,96036335406524
"MEMORY_COPY","MEMORY_COPY_HOST_TO_DEVICE",0,"Agent 0","Agent 2",447,96036337655468,96036337764907
"MEMORY_COPY","MEMORY_COPY_HOST_TO_DEVICE",0,"Agent 0","Agent 2",449,96036337800867,96036337805987
"MEMORY_COPY","MEMORY_COPY_HOST_TO_DEVICE",0,"Agent 0","Agent 2",451,96036344647157,96036345264756
"MEMORY_COPY","MEMORY_COPY_HOST_TO_DEVICE",0,"Agent 0","Agent 2",457,96036345634244,96036345639244
"MEMORY_COPY","MEMORY_COPY_HOST_TO_DEVICE",0,"Agent 0","Agent 2",459,96036364418130,96036365590806
"MEMORY_COPY","MEMORY_COPY_HOST_TO_DEVICE",0,"Agent 0","Agent 2",459,96036365594526,96036366079165
"MEMORY_COPY","MEMORY_COPY_HOST_TO_DEVICE",0,"Agent 0","Agent 2",461,96036366122485,96036366127805
"MEMORY_COPY","MEMORY_COPY_HOST_TO_DEVICE",0,"Agent 0","Agent 2",463,96036382296798,96036383471275
"MEMORY_COPY","MEMORY_COPY_HOST_TO_DEVICE",0,"Agent 0","Agent 2",463,96036383478313,96036383962952
"MEMORY_COPY","MEMORY_COPY_HOST_TO_DEVICE",0,"Agent 0","Agent 2",465,96036384023742,96036384028862
"MEMORY_COPY","MEMORY_COPY_HOST_TO_DEVICE",0,"Agent 0","Agent 2",467,96036400462534,96036401635451
"MEMORY_COPY","MEMORY_COPY_HOST_TO_DEVICE",0,"Agent 0","Agent 2",467,96036401639091,96036402123890
"MEMORY_COPY","MEMORY_COPY_HOST_TO_DEVICE",0,"Agent 0","Agent 2",469,96036402345819,96036402351259
"MEMORY_COPY","MEMORY_COPY_HOST_TO_DEVICE",0,"Agent 0","Agent 2",471,96036412422670,96036413397267
"MEMORY_COPY","MEMORY_COPY_HOST_TO_DEVICE",0,"Agent 0","Agent 2",473,96036413432587,96036413437827
"MEMORY_COPY","MEMORY_COPY_HOST_TO_DEVICE",0,"Agent 0","Agent 2",475,96036421483714,96036422071912
"MEMORY_COPY","MEMORY_COPY_HOST_TO_DEVICE",0,"Agent 0","Agent 2",477,96036422148392,96036422153632
"MEMORY_COPY","MEMORY_COPY_HOST_TO_DEVICE",0,"Agent 0","Agent 2",479,96036422205751,96036422217111
"MEMORY_COPY","MEMORY_COPY_HOST_TO_DEVICE",0,"Agent 0","Agent 2",481,96036422248961,96036422254361
"MEMORY_COPY","MEMORY_COPY_HOST_TO_DEVICE",0,"Agent 0","Agent 2",483,96036422288971,96036422298371
"MEMORY_COPY","MEMORY_COPY_HOST_TO_DEVICE",0,"Agent 0","Agent 2",485,96036422327951,96036422333031
"MEMORY_COPY","MEMORY_COPY_HOST_TO_DEVICE",0,"Agent 0","Agent 2",491,96036422645450,96036422656210
"MEMORY_COPY","MEMORY_COPY_HOST_TO_DEVICE",0,"Agent 0","Agent 2",495,96036428383394,96036428971792
"MEMORY_COPY","MEMORY_COPY_HOST_TO_DEVICE",0,"Agent 0","Agent 2",497,96036429021392,96036429026592
"MEMORY_COPY","MEMORY_COPY_HOST_TO_DEVICE",0,"Agent 0","Agent 2",499,96036447183489,96036448356766
"MEMORY_COPY","MEMORY_COPY_HOST_TO_DEVICE",0,"Agent 0","Agent 2",499,96036448363884,96036448848563
"MEMORY_COPY","MEMORY_COPY_HOST_TO_DEVICE",0,"Agent 0","Agent 2",501,96036448883273,96036448888633
"MEMORY_COPY","MEMORY_COPY_HOST_TO_DEVICE",0,"Agent 0","Agent 2",503,96036465863864,96036467037141
"MEMORY_COPY","MEMORY_COPY_HOST_TO_DEVICE",0,"Agent 0","Agent 2",503,96036467040741,96036467525499
"MEMORY_COPY","MEMORY_COPY_HOST_TO_DEVICE",0,"Agent 0","Agent 2",505,96036467566429,96036467571549
"MEMORY_COPY","MEMORY_COPY_HOST_TO_DEVICE",0,"Agent 0","Agent 2",507,96036485527717,96036486701074
"MEMORY_COPY","MEMORY_COPY_HOST_TO_DEVICE",0,"Agent 0","Agent 2",507,96036486704674,96036487189232
"MEMORY_COPY","MEMORY_COPY_HOST_TO_DEVICE",0,"Agent 0","Agent 2",509,96036487357052,96036487362412
"MEMORY_COPY","MEMORY_COPY_HOST_TO_DEVICE",0,"Agent 0","Agent 2",511,96036499431527,96036500406324
"MEMORY_COPY","MEMORY_COPY_HOST_TO_DEVICE",0,"Agent 0","Agent 2",513,96036500440024,96036500445144
"MEMORY_COPY","MEMORY_COPY_HOST_TO_DEVICE",0,"Agent 0","Agent 2",515,96036506853946,96036507441024
"MEMORY_COPY","MEMORY_COPY_HOST_TO_DEVICE",0,"Agent 0","Agent 2",517,96036507476044,96036507481324
"MEMORY_COPY","MEMORY_COPY_HOST_TO_DEVICE",0,"Agent 0","Agent 2",519,96036507625223,96036507634903
"MEMORY_COPY","MEMORY_COPY_HOST_TO_DEVICE",0,"Agent 0","Agent 2",521,96036507662373,96036507667693
"MEMORY_COPY","MEMORY_COPY_HOST_TO_DEVICE",0,"Agent 0","Agent 2",523,96036507698363,96036507707763
"MEMORY_COPY","MEMORY_COPY_HOST_TO_DEVICE",0,"Agent 0","Agent 2",525,96036507752903,96036507758103
"MEMORY_COPY","MEMORY_COPY_HOST_TO_DEVICE",0,"Agent 0","Agent 2",531,96036507986762,96036507997922
"MEMORY_COPY","MEMORY_COPY_HOST_TO_DEVICE",0,"Agent 0","Agent 2",535,96036513993401,96036514581560
"MEMORY_COPY","MEMORY_COPY_HOST_TO_DEVICE",0,"Agent 0","Agent 2",537,96036514636308,96036514641508
"MEMORY_COPY","MEMORY_COPY_HOST_TO_DEVICE",0,"Agent 0","Agent 2",539,96036534687279,96036535860156
"MEMORY_COPY","MEMORY_COPY_HOST_TO_DEVICE",0,"Agent 0","Agent 2",539,96036535863796,96036536376594
"MEMORY_COPY","MEMORY_COPY_HOST_TO_DEVICE",0,"Agent 0","Agent 2",541,96036536430704,96036536435824
"MEMORY_COPY","MEMORY_COPY_HOST_TO_DEVICE",0,"Agent 0","Agent 2",543,96036554450701,96036555624178
"MEMORY_COPY","MEMORY_COPY_HOST_TO_DEVICE",0,"Agent 0","Agent 2",543,96036555627818,96036556138616
"MEMORY_COPY","MEMORY_COPY_HOST_TO_DEVICE",0,"Agent 0","Agent 2",545,96036556185536,96036556190656
"MEMORY_COPY","MEMORY_COPY_HOST_TO_DEVICE",0,"Agent 0","Agent 2",547,96036576249335,96036577422652
"MEMORY_COPY","MEMORY_COPY_HOST_TO_DEVICE",0,"Agent 0","Agent 2",547,96036577429770,96036577914689
"MEMORY_COPY","MEMORY_COPY_HOST_TO_DEVICE",0,"Agent 0","Agent 2",549,96036578128128,96036578133488
"MEMORY_COPY","MEMORY_COPY_HOST_TO_DEVICE",0,"Agent 0","Agent 2",551,96036587490651,96036588466968
"MEMORY_COPY","MEMORY_COPY_HOST_TO_DEVICE",0,"Agent 0","Agent 2",553,96036588506398,96036588511558
"MEMORY_COPY","MEMORY_COPY_HOST_TO_DEVICE",0,"Agent 0","Agent 2",555,96036595859407,96036596446805
"MEMORY_COPY","MEMORY_COPY_HOST_TO_DEVICE",0,"Agent 0","Agent 2",557,96036596490415,96036596495775
"MEMORY_COPY","MEMORY_COPY_HOST_TO_DEVICE",0,"Agent 0","Agent 2",559,96036596660574,96036596669974
"MEMORY_COPY","MEMORY_COPY_HOST_TO_DEVICE",0,"Agent 0","Agent 2",561,96036596705054,96036596710334
"MEMORY_COPY","MEMORY_COPY_HOST_TO_DEVICE",0,"Agent 0","Agent 2",563,96036596770684,96036596780044
"MEMORY_COPY","MEMORY_COPY_HOST_TO_DEVICE",0,"Agent 0","Agent 2",565,96036596816134,96036596821294
"MEMORY_COPY","MEMORY_COPY_HOST_TO_DEVICE",0,"Agent 0","Agent 2",571,96036597077823,96036597088703
"MEMORY_COPY","MEMORY_COPY_HOST_TO_DEVICE",0,"Agent 0","Agent 2",575,96036603199445,96036603788724
"MEMORY_COPY","MEMORY_COPY_HOST_TO_DEVICE",0,"Agent 0","Agent 2",577,96036603829844,96036603834964
"MEMORY_COPY","MEMORY_COPY_HOST_TO_DEVICE",0,"Agent 0","Agent 2",579,96036620039026,96036621212103
"MEMORY_COPY","MEMORY_COPY_HOST_TO_DEVICE",0,"Agent 0","Agent 2",579,96036621215703,96036621700582
"MEMORY_COPY","MEMORY_COPY_HOST_TO_DEVICE",0,"Agent 0","Agent 2",581,96036621744861,96036621750021
"MEMORY_COPY","MEMORY_COPY_HOST_TO_DEVICE",0,"Agent 0","Agent 2",583,96036640836210,96036642009967
"MEMORY_COPY","MEMORY_COPY_HOST_TO_DEVICE",0,"Agent 0","Agent 2",583,96036642020405,96036642505284
"MEMORY_COPY","MEMORY_COPY_HOST_TO_DEVICE",0,"Agent 0","Agent 2",585,96036642580014,96036642585534
"MEMORY_COPY","MEMORY_COPY_HOST_TO_DEVICE",0,"Agent 0","Agent 2",587,96036659279745,96036660453022
"MEMORY_COPY","MEMORY_COPY_HOST_TO_DEVICE",0,"Agent 0","Agent 2",587,96036660456662,96036660943741
"MEMORY_COPY","MEMORY_COPY_HOST_TO_DEVICE",0,"Agent 0","Agent 2",589,96036661168030,96036661173430
"MEMORY_COPY","MEMORY_COPY_HOST_TO_DEVICE",0,"Agent 0","Agent 2",591,96036672855226,96036674023503
"MEMORY_COPY","MEMORY_COPY_HOST_TO_DEVICE",0,"Agent 0","Agent 2",593,96036674065483,96036674070843
"MEMORY_COPY","MEMORY_COPY_HOST_TO_DEVICE",0,"Agent 0","Agent 2",595,96036676608295,96036676711415
"MEMORY_COPY","MEMORY_COPY_HOST_TO_DEVICE",0,"Agent 0","Agent 2",597,96036676749695,96036676754815
"MEMORY_COPY","MEMORY_COPY_HOST_TO_DEVICE",0,"Agent 0","Agent 2",599,96036678842789,96036678952148
"MEMORY_COPY","MEMORY_COPY_HOST_TO_DEVICE",0,"Agent 0","Agent 2",601,96036678988258,96036678993378
"MEMORY_COPY","MEMORY_COPY_HOST_TO_DEVICE",0,"Agent 0","Agent 2",603,96036689256539,96036689851097
"MEMORY_COPY","MEMORY_COPY_HOST_TO_DEVICE",0,"Agent 0","Agent 2",609,96036690211976,96036690216936
"MEMORY_COPY","MEMORY_COPY_HOST_TO_DEVICE",0,"Agent 0","Agent 2",611,96036706508634,96036707681351
"MEMORY_COPY","MEMORY_COPY_HOST_TO_DEVICE",0,"Agent 0","Agent 2",611,96036707688549,96036708173348
"MEMORY_COPY","MEMORY_COPY_HOST_TO_DEVICE",0,"Agent 0","Agent 2",613,96036708217378,96036708222538
"MEMORY_COPY","MEMORY_COPY_HOST_TO_DEVICE",0,"Agent 0","Agent 2",615,96036733542625,96036735041781
"MEMORY_COPY","MEMORY_COPY_HOST_TO_DEVICE",0,"Agent 0","Agent 2",615,96036735045460,96036735529979
"MEMORY_COPY","MEMORY_COPY_HOST_TO_DEVICE",0,"Agent 0","Agent 2",617,96036735601239,96036735606439
"MEMORY_COPY","MEMORY_COPY_HOST_TO_DEVICE",0,"Agent 0","Agent 2",619,96036752810029,96036753983626
"MEMORY_COPY","MEMORY_COPY_HOST_TO_DEVICE",0,"Agent 0","Agent 2",619,96036753987266,96036754483424
"MEMORY_COPY","MEMORY_COPY_HOST_TO_DEVICE",0,"Agent 0","Agent 2",621,96036754675344,96036754680704
"MEMORY_COPY","MEMORY_COPY_HOST_TO_DEVICE",0,"Agent 0","Agent 2",623,96036763903517,96036764881674
"MEMORY_COPY","MEMORY_COPY_HOST_TO_DEVICE",0,"Agent 0","Agent 2",625,96036764919634,96036764924994
"MEMORY_COPY","MEMORY_COPY_HOST_TO_DEVICE",0,"Agent 0","Agent 2",627,96036773289501,96036773882620
"MEMORY_COPY","MEMORY_COPY_HOST_TO_DEVICE",0,"Agent 0","Agent 2",629,96036773922798,96036773927918
"MEMORY_COPY","MEMORY_COPY_HOST_TO_DEVICE",0,"Agent 0","Agent 2",631,96036773978228,96036773987948
"MEMORY_COPY","MEMORY_COPY_HOST_TO_DEVICE",0,"Agent 0","Agent 2",633,96036774030818,96036774036138
"MEMORY_COPY","MEMORY_COPY_HOST_TO_DEVICE",0,"Agent 0","Agent 2",635,96036774074498,96036774083858
"MEMORY_COPY","MEMORY_COPY_HOST_TO_DEVICE",0,"Agent 0","Agent 2",637,96036774113068,96036774118188
"MEMORY_COPY","MEMORY_COPY_HOST_TO_DEVICE",0,"Agent 0","Agent 2",643,96036774366547,96036774377187
"MEMORY_COPY","MEMORY_COPY_HOST_TO_DEVICE",0,"Agent 0","Agent 2",647,96036780771788,96036781363387
"MEMORY_COPY","MEMORY_COPY_HOST_TO_DEVICE",0,"Agent 0","Agent 2",649,96036781412966,96036781418206
"MEMORY_COPY","MEMORY_COPY_HOST_TO_DEVICE",0,"Agent 0","Agent 2",651,96036797736338,96036798909135
"MEMORY_COPY","MEMORY_COPY_HOST_TO_DEVICE",0,"Agent 0","Agent 2",651,96036798912855,96036799397654
"MEMORY_COPY","MEMORY_COPY_HOST_TO_DEVICE",0,"Agent 0","Agent 2",653,96036799444863,96036799449943
"MEMORY_COPY","MEMORY_COPY_HOST_TO_DEVICE",0,"Agent 0","Agent 2",655,96036817423301,96036818598577
"MEMORY_COPY","MEMORY_COPY_HOST_TO_DEVICE",0,"Agent 0","Agent 2",655,96036818602257,96036819093136
"MEMORY_COPY","MEMORY_COPY_HOST_TO_DEVICE",0,"Agent 0","Agent 2",657,96036819138886,96036819144086
"MEMORY_COPY","MEMORY_COPY_HOST_TO_DEVICE",0,"Agent 0","Agent 2",659,96036839301222,96036840474099
"MEMORY_COPY","MEMORY_COPY_HOST_TO_DEVICE",0,"Agent 0","Agent 2",659,96036840481217,96036840965976
"MEMORY_COPY","MEMORY_COPY_HOST_TO_DEVICE",0,"Agent 0","Agent 2",661,96036841142796,96036841148196
"MEMORY_COPY","MEMORY_COPY_HOST_TO_DEVICE",0,"Agent 0","Agent 2",663,96036850251869,96036851227866
"MEMORY_COPY","MEMORY_COPY_HOST_TO_DEVICE",0,"Agent 0","Agent 2",665,96036851268206,96036851273326
"MEMORY_COPY","MEMORY_COPY_HOST_TO_DEVICE",0,"Agent 0","Agent 2",667,96036857427068,96036858015146
"MEMORY_COPY","MEMORY_COPY_HOST_TO_DEVICE",0,"Agent 0","Agent 2",669,96036858055356,96036858060476
"MEMORY_COPY","MEMORY_COPY_HOST_TO_DEVICE",0,"Agent 0","Agent 2",671,96036858101166,96036858110846
"MEMORY_COPY","MEMORY_COPY_HOST_TO_DEVICE",0,"Agent 0","Agent 2",673,96036858141066,96036858146466
"MEMORY_COPY","MEMORY_COPY_HOST_TO_DEVICE",0,"Agent 0","Agent 2",675,96036858179786,96036858189106
"MEMORY_COPY","MEMORY_COPY_HOST_TO_DEVICE",0,"Agent 0","Agent 2",677,96036858223376,96036858228375
"MEMORY_COPY","MEMORY_COPY_HOST_TO_DEVICE",0,"Agent 0","Agent 2",683,96036858466985,96036858477905
"MEMORY_COPY","MEMORY_COPY_HOST_TO_DEVICE",0,"Agent 0","Agent 2",687,96036864165328,96036864752886
"MEMORY_COPY","MEMORY_COPY_HOST_TO_DEVICE",0,"Agent 0","Agent 2",689,96036864816266,96036864821506
"MEMORY_COPY","MEMORY_COPY_HOST_TO_DEVICE",0,"Agent 0","Agent 2",691,96036881543207,96036882716964
"MEMORY_COPY","MEMORY_COPY_HOST_TO_DEVICE",0,"Agent 0","Agent 2",691,96036882720604,96036883226042
"MEMORY_COPY","MEMORY_COPY_HOST_TO_DEVICE",0,"Agent 0","Agent 2",693,96036883274892,96036883280012
"MEMORY_COPY","MEMORY_COPY_HOST_TO_DEVICE",0,"Agent 0","Agent 2",695,96036903048426,96036904221303
"MEMORY_COPY","MEMORY_COPY_HOST_TO_DEVICE",0,"Agent 0","Agent 2",695,96036904228461,96036904713300
"MEMORY_COPY","MEMORY_COPY_HOST_TO_DEVICE",0,"Agent 0","Agent 2",697,96036904757820,96036904763140
"MEMORY_COPY","MEMORY_COPY_HOST_TO_DEVICE",0,"Agent 0","Agent 2",699,96036922460188,96036923633544
"MEMORY_COPY","MEMORY_COPY_HOST_TO_DEVICE",0,"Agent 0","Agent 2",699,96036923637184,96036924123063
"MEMORY_COPY","MEMORY_COPY_HOST_TO_DEVICE",0,"Agent 0","Agent 2",701,96036924306603,96036924312003
"MEMORY_COPY","MEMORY_COPY_HOST_TO_DEVICE",0,"Agent 0","Agent 2",703,96036935052951,96036936030588
"MEMORY_COPY","MEMORY_COPY_HOST_TO_DEVICE",0,"Agent 0","Agent 2",705,96036936122788,96036936127988
"MEMORY_COPY","MEMORY_COPY_HOST_TO_DEVICE",0,"Agent 0","Agent 2",707,96036942668449,96036943263687
"MEMORY_COPY","MEMORY_COPY_HOST_TO_DEVICE",0,"Agent 0","Agent 2",709,96036943305987,96036943311147
"MEMORY_COPY","MEMORY_COPY_HOST_TO_DEVICE",0,"Agent 0","Agent 2",711,96036943482536,96036943491896
"MEMORY_COPY","MEMORY_COPY_HOST_TO_DEVICE",0,"Agent 0","Agent 2",713,96036943525206,96036943530326
"MEMORY_COPY","MEMORY_COPY_HOST_TO_DEVICE",0,"Agent 0","Agent 2",715,96036943637726,96036943647166
"MEMORY_COPY","MEMORY_COPY_HOST_TO_DEVICE",0,"Agent 0","Agent 2",717,96036943682316,96036943687436
"MEMORY_COPY","MEMORY_COPY_HOST_TO_DEVICE",0,"Agent 0","Agent 2",723,96036943930015,96036943940895
"MEMORY_COPY","MEMORY_COPY_HOST_TO_DEVICE",0,"Agent 0","Agent 2",727,96036951305173,96036951914611
"MEMORY_COPY","MEMORY_COPY_HOST_TO_DEVICE",0,"Agent 0","Agent 2",729,96036951986151,96036951991391
"MEMORY_COPY","MEMORY_COPY_HOST_TO_DEVICE",0,"Agent 0","Agent 2",731,96036968469519,96036969644076
"MEMORY_COPY","MEMORY_COPY_HOST_TO_DEVICE",0,"Agent 0","Agent 2",731,96036969651114,96036970135793
"MEMORY_COPY","MEMORY_COPY_HOST_TO_DEVICE",0,"Agent 0","Agent 2",733,96036970183253,96036970188733
"MEMORY_COPY","MEMORY_COPY_HOST_TO_DEVICE",0,"Agent 0","Agent 2",735,96036990354414,96036991527570
"MEMORY_COPY","MEMORY_COPY_HOST_TO_DEVICE",0,"Agent 0","Agent 2",735,96036991534690,96036992034889
"MEMORY_COPY","MEMORY_COPY_HOST_TO_DEVICE",0,"Agent 0","Agent 2",737,96036992082809,96036992088209
"MEMORY_COPY","MEMORY_COPY_HOST_TO_DEVICE",0,"Agent 0","Agent 2",739,96037010649855,96037011826731
"MEMORY_COPY","MEMORY_COPY_HOST_TO_DEVICE",0,"Agent 0","Agent 2",739,96037011830331,96037012314930
"MEMORY_COPY","MEMORY_COPY_HOST_TO_DEVICE",0,"Agent 0","Agent 2",741,96037012520319,96037012525639
"MEMORY_COPY","MEMORY_COPY_HOST_TO_DEVICE",0,"Agent 0","Agent 2",743,96037023529947,96037024698343
"MEMORY_COPY","MEMORY_COPY_HOST_TO_DEVICE",0,"Agent 0","Agent 2",745,96037024762023,96037024767263
"MEMORY_COPY","MEMORY_COPY_HOST_TO_DEVICE",0,"Agent 0","Agent 2",747,96037027389416,96037027494335
"MEMORY_COPY","MEMORY_COPY_HOST_TO_DEVICE",0,"Agent 0","Agent 2",749,96037027533965,96037027539085
"MEMORY_COPY","MEMORY_COPY_HOST_TO_DEVICE",0,"Agent 0","Agent 2",751,96037029807208,96037029916448
"MEMORY_COPY","MEMORY_COPY_HOST_TO_DEVICE",0,"Agent 0","Agent 2",753,96037029954278,96037029959438
"MEMORY_COPY","MEMORY_COPY_HOST_TO_DEVICE",0,"Agent 0","Agent 2",755,96037036396016,96037037047615
"MEMORY_COPY","MEMORY_COPY_HOST_TO_DEVICE",0,"Agent 0","Agent 2",761,96037037411772,96037037416852
"MEMORY_COPY","MEMORY_COPY_HOST_TO_DEVICE",0,"Agent 0","Agent 2",763,96037054869561,96037056043238
"MEMORY_COPY","MEMORY_COPY_HOST_TO_DEVICE",0,"Agent 0","Agent 2",763,96037056046878,96037056531636
"MEMORY_COPY","MEMORY_COPY_HOST_TO_DEVICE",0,"Agent 0","Agent 2",765,96037056578936,96037056584296
"MEMORY_COPY","MEMORY_COPY_HOST_TO_DEVICE",0,"Agent 0","Agent 2",767,96037073217077,96037074390074
"MEMORY_COPY","MEMORY_COPY_HOST_TO_DEVICE",0,"Agent 0","Agent 2",767,96037074393754,96037074878433
"MEMORY_COPY","MEMORY_COPY_HOST_TO_DEVICE",0,"Agent 0","Agent 2",769,96037074932482,96037074937762
"MEMORY_COPY","MEMORY_COPY_HOST_TO_DEVICE",0,"Agent 0","Agent 2",771,96037092714510,96037093887547
"MEMORY_COPY","MEMORY_COPY_HOST_TO_DEVICE",0,"Agent 0","Agent 2",771,96037093891227,96037094375745
"MEMORY_COPY","MEMORY_COPY_HOST_TO_DEVICE",0,"Agent 0","Agent 2",773,96037094589195,96037094594395
"MEMORY_COPY","MEMORY_COPY_HOST_TO_DEVICE",0,"Agent 0","Agent 2",775,96037106432075,96037107406473
"MEMORY_COPY","MEMORY_COPY_HOST_TO_DEVICE",0,"Agent 0","Agent 2",777,96037107451921,96037107457321
"MEMORY_COPY","MEMORY_COPY_HOST_TO_DEVICE",0,"Agent 0","Agent 2",779,96037113072215,96037113658693
"MEMORY_COPY","MEMORY_COPY_HOST_TO_DEVICE",0,"Agent 0","Agent 2",781,96037113728723,96037113733923
"MEMORY_COPY","MEMORY_COPY_HOST_TO_DEVICE",0,"Agent 0","Agent 2",783,96037113785123,96037113794723
"MEMORY_COPY","MEMORY_COPY_HOST_TO_DEVICE",0,"Agent 0","Agent 2",785,96037113825903,96037113831263
"MEMORY_COPY","MEMORY_COPY_HOST_TO_DEVICE",0,"Agent 0","Agent 2",787,96037113866363,96037113875843
"MEMORY_COPY","MEMORY_COPY_HOST_TO_DEVICE",0,"Agent 0","Agent 2",789,96037113905842,96037113911002
"MEMORY_COPY","MEMORY_COPY_HOST_TO_DEVICE",0,"Agent 0","Agent 2",795,96037114181572,96037114192292
"MEMORY_COPY","MEMORY_COPY_HOST_TO_DEVICE",0,"Agent 0","Agent 2",799,96037120033575,96037120633373
"MEMORY_COPY","MEMORY_COPY_HOST_TO_DEVICE",0,"Agent 0","Agent 2",801,96037120679533,96037120684973
"MEMORY_COPY","MEMORY_COPY_HOST_TO_DEVICE",0,"Agent 0","Agent 2",803,96037140285955,96037141458632
"MEMORY_COPY","MEMORY_COPY_HOST_TO_DEVICE",0,"Agent 0","Agent 2",803,96037141462312,96037141947030
"MEMORY_COPY","MEMORY_COPY_HOST_TO_DEVICE",0,"Agent 0","Agent 2",805,96037141987300,96037141992460
"MEMORY_COPY","MEMORY_COPY_HOST_TO_DEVICE",0,"Agent 0","Agent 2",807,96037160733765,96037161906562
"MEMORY_COPY","MEMORY_COPY_HOST_TO_DEVICE",0,"Agent 0","Agent 2",807,96037161910242,96037162395040
"MEMORY_COPY","MEMORY_COPY_HOST_TO_DEVICE",0,"Agent 0","Agent 2",809,96037162444370,96037162449490
"MEMORY_COPY","MEMORY_COPY_HOST_TO_DEVICE",0,"Agent 0","Agent 2",811,96037183373016,96037184547093
"MEMORY_COPY","MEMORY_COPY_HOST_TO_DEVICE",0,"Agent 0","Agent 2",811,96037184554131,96037185038810
"MEMORY_COPY","MEMORY_COPY_HOST_TO_DEVICE",0,"Agent 0","Agent 2",813,96037185210780,96037185216140
"MEMORY_COPY","MEMORY_COPY_HOST_TO_DEVICE",0,"Agent 0","Agent 2",815,96037194723462,96037195697859
"MEMORY_COPY","MEMORY_COPY_HOST_TO_DEVICE",0,"Agent 0","Agent 2",817,96037195744749,96037195749829
"MEMORY_COPY","MEMORY_COPY_HOST_TO_DEVICE",0,"Agent 0","Agent 2",819,96037204710062,96037205298181
"MEMORY_COPY","MEMORY_COPY_HOST_TO_DEVICE",0,"Agent 0","Agent 2",821,96037205354390,96037205359470
"MEMORY_COPY","MEMORY_COPY_HOST_TO_DEVICE",0,"Agent 0","Agent 2",823,96037205600840,96037205610600
"MEMORY_COPY","MEMORY_COPY_HOST_TO_DEVICE",0,"Agent 0","Agent 2",825,96037205644780,96037205650180
"MEMORY_COPY","MEMORY_COPY_HOST_TO_DEVICE",0,"Agent 0","Agent 2",827,96037205685659,96037205695059
"MEMORY_COPY","MEMORY_COPY_HOST_TO_DEVICE",0,"Agent 0","Agent 2",829,96037205755479,96037205760519
"MEMORY_COPY","MEMORY_COPY_HOST_TO_DEVICE",0,"Agent 0","Agent 2",835,96037206039628,96037206050708
"MEMORY_COPY","MEMORY_COPY_HOST_TO_DEVICE",0,"Agent 0","Agent 2",839,96037212018731,96037212610129
"MEMORY_COPY","MEMORY_COPY_HOST_TO_DEVICE",0,"Agent 0","Agent 2",841,96037212653619,96037212658939
"MEMORY_COPY","MEMORY_COPY_HOST_TO_DEVICE",0,"Agent 0","Agent 2",843,96037230589236,96037231762273
"MEMORY_COPY","MEMORY_COPY_HOST_TO_DEVICE",0,"Agent 0","Agent 2",843,96037231765913,96037232250512
"MEMORY_COPY","MEMORY_COPY_HOST_TO_DEVICE",0,"Agent 0","Agent 2",845,96037232296301,96037232301421
"MEMORY_COPY","MEMORY_COPY_HOST_TO_DEVICE",0,"Agent 0","Agent 2",847,96037250037205,96037251216762
"MEMORY_COPY","MEMORY_COPY_HOST_TO_DEVICE",0,"Agent 0","Agent 2",847,96037251223840,96037251708359
"MEMORY_COPY","MEMORY_COPY_HOST_TO_DEVICE",0,"Agent 0","Agent 2",849,96037251755849,96037251760969
"MEMORY_COPY","MEMORY_COPY_HOST_TO_DEVICE",0,"Agent 0","Agent 2",851,96037268356491,96037269529447
"MEMORY_COPY","MEMORY_COPY_HOST_TO_DEVICE",0,"Agent 0","Agent 2",851,96037269533047,96037270017686
"MEMORY_COPY","MEMORY_COPY_HOST_TO_DEVICE",0,"Agent 0","Agent 2",853,96037270219365,96037270224725
"MEMORY_COPY","MEMORY_COPY_HOST_TO_DEVICE",0,"Agent 0","Agent 2",855,96037279528858,96037280503175
"MEMORY_COPY","MEMORY_COPY_HOST_TO_DEVICE",0,"Agent 0","Agent 2",857,96037280543315,96037280548435
"MEMORY_COPY","MEMORY_COPY_HOST_TO_DEVICE",0,"Agent 0","Agent 2",859,96037286088459,96037286676138
"MEMORY_COPY","MEMORY_COPY_HOST_TO_DEVICE",0,"Agent 0","Agent 2",861,96037286715277,96037286720397
"MEMORY_COPY","MEMORY_COPY_HOST_TO_DEVICE",0,"Agent 0","Agent 2",863,96037286886927,96037286896327
"MEMORY_COPY","MEMORY_COPY_HOST_TO_DEVICE",0,"Agent 0","Agent 2",865,96037286928557,96037286933637
"MEMORY_COPY","MEMORY_COPY_HOST_TO_DEVICE",0,"Agent 0","Agent 2",867,96037287053766,96037287063166
"MEMORY_COPY","MEMORY_COPY_HOST_TO_DEVICE",0,"Agent 0","Agent 2",869,96037287096206,96037287101326
"MEMORY_COPY","MEMORY_COPY_HOST_TO_DEVICE",0,"Agent 0","Agent 2",875,96037287354396,96037287365436
"MEMORY_COPY","MEMORY_COPY_HOST_TO_DEVICE",0,"Agent 0","Agent 2",879,96037295826381,96037296416099
"MEMORY_COPY","MEMORY_COPY_HOST_TO_DEVICE",0,"Agent 0","Agent 2",881,96037296458809,96037296463929
"MEMORY_COPY","MEMORY_COPY_HOST_TO_DEVICE",0,"Agent 0","Agent 2",883,96037314598391,96037315771388
"MEMORY_COPY","MEMORY_COPY_HOST_TO_DEVICE",0,"Agent 0","Agent 2",883,96037315778466,96037316263185
"MEMORY_COPY","MEMORY_COPY_HOST_TO_DEVICE",0,"Agent 0","Agent 2",885,96037316301075,96037316306475
"MEMORY_COPY","MEMORY_COPY_HOST_TO_DEVICE",0,"Agent 0","Agent 2",887,96037334669622,96037335842618
"MEMORY_COPY","MEMORY_COPY_HOST_TO_DEVICE",0,"Agent 0","Agent 2",887,96037335846258,96037336331257
"MEMORY_COPY","MEMORY_COPY_HOST_TO_DEVICE",0,"Agent 0","Agent 2",889,96037336370337,96037336375457
"MEMORY_COPY","MEMORY_COPY_HOST_TO_DEVICE",0,"Agent 0","Agent 2",891,96037352885669,96037354058666
"MEMORY_COPY","MEMORY_COPY_HOST_TO_DEVICE",0,"Agent 0","Agent 2",891,96037354062266,96037354546904
"MEMORY_COPY","MEMORY_COPY_HOST_TO_DEVICE",0,"Agent 0","Agent 2",893,96037354755624,96037354760984
"MEMORY_COPY","MEMORY_COPY_HOST_TO_DEVICE",0,"Agent 0","Agent 2",895,96037371541675,96037372710232
"MEMORY_COPY","MEMORY_COPY_HOST_TO_DEVICE",0,"Agent 0","Agent 2",897,96037372750822,96037372755942
"MEMORY_COPY","MEMORY_COPY_HOST_TO_DEVICE",0,"Agent 0","Agent 2",899,96037375264745,96037375367584
"MEMORY_COPY","MEMORY_COPY_HOST_TO_DEVICE",0,"Agent 0","Agent 2",901,96037375401814,96037375406974
"MEMORY_COPY","MEMORY_COPY_HOST_TO_DEVICE",0,"Agent 0","Agent 2",903,96037377612218,96037377719177
"MEMORY_COPY","MEMORY_COPY_HOST_TO_DEVICE",0,"Agent 0","Agent 2",905,96037377753087,96037377758167
"MEMORY_COPY","MEMORY_COPY_HOST_TO_DEVICE",0,"Agent 0","Agent 2",907,96037384087747,96037384709266
"MEMORY_COPY","MEMORY_COPY_HOST_TO_DEVICE",0,"Agent 0","Agent 2",913,96037385101903,96037385107063
"MEMORY_COPY","MEMORY_COPY_HOST_TO_DEVICE",0,"Agent 0","Agent 2",915,96037403112241,96037404284918
"MEMORY_COPY","MEMORY_COPY_HOST_TO_DEVICE",0,"Agent 0","Agent 2",915,96037404288598,96037404773436
"MEMORY_COPY","MEMORY_COPY_HOST_TO_DEVICE",0,"Agent 0","Agent 2",917,96037404814356,96037404819516
"MEMORY_COPY","MEMORY_COPY_HOST_TO_DEVICE",0,"Agent 0","Agent 2",919,96037421380788,96037422555505
"MEMORY_COPY","MEMORY_COPY_HOST_TO_DEVICE",0,"Agent 0","Agent 2",919,96037422559105,96037423043744
"MEMORY_COPY","MEMORY_COPY_HOST_TO_DEVICE",0,"Agent 0","Agent 2",921,96037423093823,96037423099143
"MEMORY_COPY","MEMORY_COPY_HOST_TO_DEVICE",0,"Agent 0","Agent 2",923,96037439629746,96037440802822
"MEMORY_COPY","MEMORY_COPY_HOST_TO_DEVICE",0,"Agent 0","Agent 2",923,96037440806462,96037441291301
"MEMORY_COPY","MEMORY_COPY_HOST_TO_DEVICE",0,"Agent 0","Agent 2",925,96037441479970,96037441485330
"MEMORY_COPY","MEMORY_COPY_HOST_TO_DEVICE",0,"Agent 0","Agent 2",927,96037456382414,96037457356892
"MEMORY_COPY","MEMORY_COPY_HOST_TO_DEVICE",0,"Agent 0","Agent 2",929,96037457410470,96037457415830
"MEMORY_COPY","MEMORY_COPY_HOST_TO_DEVICE",0,"Agent 0","Agent 2",931,96037464360290,96037464947728
"MEMORY_COPY","MEMORY_COPY_HOST_TO_DEVICE",0,"Agent 0","Agent 2",933,96037464988608,96037464993688
"MEMORY_COPY","MEMORY_COPY_HOST_TO_DEVICE",0,"Agent 0","Agent 2",935,96037465054668,96037465064308
"MEMORY_COPY","MEMORY_COPY_HOST_TO_DEVICE",0,"Agent 0","Agent 2",937,96037465095508,96037465100908
"MEMORY_COPY","MEMORY_COPY_HOST_TO_DEVICE",0,"Agent 0","Agent 2",939,96037465136828,96037465146228
"MEMORY_COPY","MEMORY_COPY_HOST_TO_DEVICE",0,"Agent 0","Agent 2",941,96037465176348,96037465181468
"MEMORY_COPY","MEMORY_COPY_HOST_TO_DEVICE",0,"Agent 0","Agent 2",947,96037465426947,96037465437627
"MEMORY_COPY","MEMORY_COPY_HOST_TO_DEVICE",0,"Agent 0","Agent 2",951,96037474374261,96037474961979
"MEMORY_COPY","MEMORY_COPY_HOST_TO_DEVICE",0,"Agent 0","Agent 2",953,96037475007671,96037475012791
"MEMORY_COPY","MEMORY_COPY_HOST_TO_DEVICE",0,"Agent 0","Agent 2",955,96037492880416,96037494054053
"MEMORY_COPY","MEMORY_COPY_HOST_TO_DEVICE",0,"Agent 0","Agent 2",955,96037494057693,96037494542371
"MEMORY_COPY","MEMORY_COPY_HOST_TO_DEVICE",0,"Agent 0","Agent 2",957,96037494612771,96037494618371
"MEMORY_COPY","MEMORY_COPY_HOST_TO_DEVICE",0,"Agent 0","Agent 2",959,96037512640418,96037513813615
"MEMORY_COPY","MEMORY_COPY_HOST_TO_DEVICE",0,"Agent 0","Agent 2",959,96037513817215,96037514301734
"MEMORY_COPY","MEMORY_COPY_HOST_TO_DEVICE",0,"Agent 0","Agent 2",961,96037514348363,96037514353643
"MEMORY_COPY","MEMORY_COPY_HOST_TO_DEVICE",0,"Agent 0","Agent 2",963,96037534650384,96037535823461
"MEMORY_COPY","MEMORY_COPY_HOST_TO_DEVICE",0,"Agent 0","Agent 2",963,96037535831419,96037536316058
"MEMORY_COPY","MEMORY_COPY_HOST_TO_DEVICE",0,"Agent 0","Agent 2",965,96037536488038,96037536493398
"MEMORY_COPY","MEMORY_COPY_HOST_TO_DEVICE",0,"Agent 0","Agent 2",967,96037547917635,96037548893712
"MEMORY_COPY","MEMORY_COPY_HOST_TO_DEVICE",0,"Agent 0","Agent 2",969,96037548939552,96037548944672
"MEMORY_COPY","MEMORY_COPY_HOST_TO_DEVICE",0,"Agent 0","Agent 2",971,96037556730559,96037557318997
"MEMORY_COPY","MEMORY_COPY_HOST_TO_DEVICE",0,"Agent 0","Agent 2",973,96037557361187,96037557366507
"MEMORY_COPY","MEMORY_COPY_HOST_TO_DEVICE",0,"Agent 0","Agent 2",975,96037557409477,96037557419277
"MEMORY_COPY","MEMORY_COPY_HOST_TO_DEVICE",0,"Agent 0","Agent 2",977,96037557451337,96037557456697
"MEMORY_COPY","MEMORY_COPY_HOST_TO_DEVICE",0,"Agent 0","Agent 2",979,96037557542867,96037557552147
"MEMORY_COPY","MEMORY_COPY_HOST_TO_DEVICE",0,"Agent 0","Agent 2",981,96037557584377,96037557589457
"MEMORY_COPY","MEMORY_COPY_HOST_TO_DEVICE",0,"Agent 0","Agent 2",987,96037557926096,96037557937136
"MEMORY_COPY","MEMORY_COPY_HOST_TO_DEVICE",0,"Agent 0","Agent 2",991,96037563939968,96037564594886
"MEMORY_COPY","MEMORY_COPY_HOST_TO_DEVICE",0,"Agent 0","Agent 2",993,96037564638166,96037564643526
"MEMORY_COPY","MEMORY_COPY_HOST_TO_DEVICE",0,"Agent 0","Agent 2",995,96037581824506,96037583004023
"MEMORY_COPY","MEMORY_COPY_HOST_TO_DEVICE",0,"Agent 0","Agent 2",995,96037583021623,96037583506302
"MEMORY_COPY","MEMORY_COPY_HOST_TO_DEVICE",0,"Agent 0","Agent 2",997,96037583550371,96037583555731
"MEMORY_COPY","MEMORY_COPY_HOST_TO_DEVICE",0,"Agent 0","Agent 2",999,96037600693349,96037601866906
"MEMORY_COPY","MEMORY_COPY_HOST_TO_DEVICE",0,"Agent 0","Agent 2",999,96037601873984,96037602358623
"MEMORY_COPY","MEMORY_COPY_HOST_TO_DEVICE",0,"Agent 0","Agent 2",1001,96037602403663,96037602408783
"MEMORY_COPY","MEMORY_COPY_HOST_TO_DEVICE",0,"Agent 0","Agent 2",1003,96037619484204,96037620666640
"MEMORY_COPY","MEMORY_COPY_HOST_TO_DEVICE",0,"Agent 0","Agent 2",1003,96037620670280,96037621154879
"MEMORY_COPY","MEMORY_COPY_HOST_TO_DEVICE",0,"Agent 0","Agent 2",1005,96037621332278,96037621337798
"MEMORY_COPY","MEMORY_COPY_HOST_TO_DEVICE",0,"Agent 0","Agent 2",1007,96037630893391,96037631867868
"MEMORY_COPY","MEMORY_COPY_HOST_TO_DEVICE",0,"Agent 0","Agent 2",1009,96037631908078,96037631913198
"MEMORY_COPY","MEMORY_COPY_HOST_TO_DEVICE",0,"Agent 0","Agent 2",1011,96037638652868,96037639239346
"MEMORY_COPY","MEMORY_COPY_HOST_TO_DEVICE",0,"Agent 0","Agent 2",1013,96037639279496,96037639284656
"MEMORY_COPY","MEMORY_COPY_HOST_TO_DEVICE",0,"Agent 0","Agent 2",1015,96037639449376,96037639458856
"MEMORY_COPY","MEMORY_COPY_HOST_TO_DEVICE",0,"Agent 0","Agent 2",1017,96037639490626,96037639495746
"MEMORY_COPY","MEMORY_COPY_HOST_TO_DEVICE",0,"Agent 0","Agent 2",1019,96037639562735,96037639572095
"MEMORY_COPY","MEMORY_COPY_HOST_TO_DEVICE",0,"Agent 0","Agent 2",1021,96037639605725,96037639610845
"MEMORY_COPY","MEMORY_COPY_HOST_TO_DEVICE",0,"Agent 0","Agent 2",1027,96037639868375,96037639879255
"MEMORY_COPY","MEMORY_COPY_HOST_TO_DEVICE",0,"Agent 0","Agent 2",1031,96037647355353,96037647944391
"MEMORY_COPY","MEMORY_COPY_HOST_TO_DEVICE",0,"Agent 0","Agent 2",1033,96037647986461,96037647991821
"MEMORY_COPY","MEMORY_COPY_HOST_TO_DEVICE",0,"Agent 0","Agent 2",1035,96037668768880,96037669941917
"MEMORY_COPY","MEMORY_COPY_HOST_TO_DEVICE",0,"Agent 0","Agent 2",1035,96037669949115,96037670434154
"MEMORY_COPY","MEMORY_COPY_HOST_TO_DEVICE",0,"Agent 0","Agent 2",1037,96037670475644,96037670481124
"MEMORY_COPY","MEMORY_COPY_HOST_TO_DEVICE",0,"Agent 0","Agent 2",1039,96037689791157,96037690964034
"MEMORY_COPY","MEMORY_COPY_HOST_TO_DEVICE",0,"Agent 0","Agent 2",1039,96037690967674,96037691452393
"MEMORY_COPY","MEMORY_COPY_HOST_TO_DEVICE",0,"Agent 0","Agent 2",1041,96037691494112,96037691499192
"MEMORY_COPY","MEMORY_COPY_HOST_TO_DEVICE",0,"Agent 0","Agent 2",1043,96037713626048,96037714798924
"MEMORY_COPY","MEMORY_COPY_HOST_TO_DEVICE",0,"Agent 0","Agent 2",1043,96037714802524,96037715289603
"MEMORY_COPY","MEMORY_COPY_HOST_TO_DEVICE",0,"Agent 0","Agent 2",1045,96037715495662,96037715501022
"MEMORY_COPY","MEMORY_COPY_HOST_TO_DEVICE",0,"Agent 0","Agent 2",1047,96037726917419,96037728086015
"MEMORY_COPY","MEMORY_COPY_HOST_TO_DEVICE",0,"Agent 0","Agent 2",1049,96037728127275,96037728132515
"MEMORY_COPY","MEMORY_COPY_HOST_TO_DEVICE",0,"Agent 0","Agent 2",1051,96037730597158,96037730698798
"MEMORY_COPY","MEMORY_COPY_HOST_TO_DEVICE",0,"Agent 0","Agent 2",1053,96037730790807,96037730795927
"MEMORY_COPY","MEMORY_COPY_HOST_TO_DEVICE",0,"Agent 0","Agent 2",1055,96037733037596,96037733140316
"MEMORY_COPY","MEMORY_COPY_HOST_TO_DEVICE",0,"Agent 0","Agent 2",1057,96037733186245,96037733191405
"MEMORY_COPY","MEMORY_COPY_HOST_TO_DEVICE",0,"Agent 0","Agent 2",1059,96037739825795,96037740414234
"MEMORY_COPY","MEMORY_COPY_HOST_TO_DEVICE",0,"Agent 0","Agent 2",1065,96037740756833,96037740761873
"MEMORY_COPY","MEMORY_COPY_HOST_TO_DEVICE",0,"Agent 0","Agent 2",1067,96037758756591,96037759930347
"MEMORY_COPY","MEMORY_COPY_HOST_TO_DEVICE",0,"Agent 0","Agent 2",1067,96037759933987,96037760418666
"MEMORY_COPY","MEMORY_COPY_HOST_TO_DEVICE",0,"Agent 0","Agent 2",1069,96037760466256,96037760471296
"MEMORY_COPY","MEMORY_COPY_HOST_TO_DEVICE",0,"Agent 0","Agent 2",1071,96037776701639,96037777874475
"MEMORY_COPY","MEMORY_COPY_HOST_TO_DEVICE",0,"Agent 0","Agent 2",1071,96037777881595,96037778366354
"MEMORY_COPY","MEMORY_COPY_HOST_TO_DEVICE",0,"Agent 0","Agent 2",1073,96037778419914,96037778425234
"MEMORY_COPY","MEMORY_COPY_HOST_TO_DEVICE",0,"Agent 0","Agent 2",1075,96037794955223,96037796128420
"MEMORY_COPY","MEMORY_COPY_HOST_TO_DEVICE",0,"Agent 0","Agent 2",1075,96037796135498,96037796620057
"MEMORY_COPY","MEMORY_COPY_HOST_TO_DEVICE",0,"Agent 0","Agent 2",1077,96037796811987,96037796817346
"MEMORY_COPY","MEMORY_COPY_HOST_TO_DEVICE",0,"Agent 0","Agent 2",1079,96037806453908,96037807428705
"MEMORY_COPY","MEMORY_COPY_HOST_TO_DEVICE",0,"Agent 0","Agent 2",1081,96037807467005,96037807472325
"MEMORY_COPY","MEMORY_COPY_HOST_TO_DEVICE",0,"Agent 0","Agent 2",1083,96037814000246,96037814588404
"MEMORY_COPY","MEMORY_COPY_HOST_TO_DEVICE",0,"Agent 0","Agent 2",1085,96037814631214,96037814636534
"MEMORY_COPY","MEMORY_COPY_HOST_TO_DEVICE",0,"Agent 0","Agent 2",1087,96037814683034,96037814692674
"MEMORY_COPY","MEMORY_COPY_HOST_TO_DEVICE",0,"Agent 0","Agent 2",1089,96037814723904,96037814729304
"MEMORY_COPY","MEMORY_COPY_HOST_TO_DEVICE",0,"Agent 0","Agent 2",1091,96037814762824,96037814772264
"MEMORY_COPY","MEMORY_COPY_HOST_TO_DEVICE",0,"Agent 0","Agent 2",1093,96037814802434,96037814807634
"MEMORY_COPY","MEMORY_COPY_HOST_TO_DEVICE",0,"Agent 0","Agent 2",1099,96037815096333,96037815106973
"MEMORY_COPY","MEMORY_COPY_HOST_TO_DEVICE",0,"Agent 0","Agent 2",1103,96037821596484,96037822184242
"MEMORY_COPY","MEMORY_COPY_HOST_TO_DEVICE",0,"Agent 0","Agent 2",1105,96037822228252,96037822233292
"MEMORY_COPY","MEMORY_COPY_HOST_TO_DEVICE",0,"Agent 0","Agent 2",1107,96037839706841,96037840879717
"MEMORY_COPY","MEMORY_COPY_HOST_TO_DEVICE",0,"Agent 0","Agent 2",1107,96037840883357,96037841368116
"MEMORY_COPY","MEMORY_COPY_HOST_TO_DEVICE",0,"Agent 0","Agent 2",1109,96037841412166,96037841417286
"MEMORY_COPY","MEMORY_COPY_HOST_TO_DEVICE",0,"Agent 0","Agent 2",1111,96037858653988,96037859829785
"MEMORY_COPY","MEMORY_COPY_HOST_TO_DEVICE",0,"Agent 0","Agent 2",1111,96037859836903,96037860321422
"MEMORY_COPY","MEMORY_COPY_HOST_TO_DEVICE",0,"Agent 0","Agent 2",1113,96037860372472,96037860377752
"MEMORY_COPY","MEMORY_COPY_HOST_TO_DEVICE",0,"Agent 0","Agent 2",1115,96037877451462,96037878624379
"MEMORY_COPY","MEMORY_COPY_HOST_TO_DEVICE",0,"Agent 0","Agent 2",1115,96037878628059,96037879112737
"MEMORY_COPY","MEMORY_COPY_HOST_TO_DEVICE",0,"Agent 0","Agent 2",1117,96037879280167,96037879285367
"MEMORY_COPY","MEMORY_COPY_HOST_TO_DEVICE",0,"Agent 0","Agent 2",1119,96037889055098,96037890029535
"MEMORY_COPY","MEMORY_COPY_HOST_TO_DEVICE",0,"Agent 0","Agent 2",1121,96037890072165,96037890077445
"MEMORY_COPY","MEMORY_COPY_HOST_TO_DEVICE",0,"Agent 0","Agent 2",1123,96037895943678,96037896531116
"MEMORY_COPY","MEMORY_COPY_HOST_TO_DEVICE",0,"Agent 0","Agent 2",1125,96037896603186,96037896608666
"MEMORY_COPY","MEMORY_COPY_HOST_TO_DEVICE",0,"Agent 0","Agent 2",1127,96037896649696,96037896659536
"MEMORY_COPY","MEMORY_COPY_HOST_TO_DEVICE",0,"Agent 0","Agent 2",1129,96037896690566,96037896695926
"MEMORY_COPY","MEMORY_COPY_HOST_TO_DEVICE",0,"Agent 0","Agent 2",1131,96037896730016,96037896739376
"MEMORY_COPY","MEMORY_COPY_HOST_TO_DEVICE",0,"Agent 0","Agent 2",1133,96037896825565,96037896830565
"MEMORY_COPY","MEMORY_COPY_HOST_TO_DEVICE",0,"Agent 0","Agent 2",1139,96037897108565,96037897119445
"MEMORY_COPY","MEMORY_COPY_HOST_TO_DEVICE",0,"Agent 0","Agent 2",1143,96037902962597,96037903549876
"MEMORY_COPY","MEMORY_COPY_HOST_TO_DEVICE",0,"Agent 0","Agent 2",1145,96037903593786,96037903598946
"MEMORY_COPY","MEMORY_COPY_HOST_TO_DEVICE",0,"Agent 0","Agent 2",1147,96037922440753,96037923613910
"MEMORY_COPY","MEMORY_COPY_HOST_TO_DEVICE",0,"Agent 0","Agent 2",1147,96037923621028,96037924105707
"MEMORY_COPY","MEMORY_COPY_HOST_TO_DEVICE",0,"Agent 0","Agent 2",1149,96037924148527,96037924153727
"MEMORY_COPY","MEMORY_COPY_HOST_TO_DEVICE",0,"Agent 0","Agent 2",1151,96037941418137,96037942590974
"MEMORY_COPY","MEMORY_COPY_HOST_TO_DEVICE",0,"Agent 0","Agent 2",1151,96037942594614,96037943079252
"MEMORY_COPY","MEMORY_COPY_HOST_TO_DEVICE",0,"Agent 0","Agent 2",1153,96037943149982,96037943155222
"MEMORY_COPY","MEMORY_COPY_HOST_TO_DEVICE",0,"Agent 0","Agent 2",1155,96037961591799,96037962764875
"MEMORY_COPY","MEMORY_COPY_HOST_TO_DEVICE",0,"Agent 0","Agent 2",1155,96037962777275,96037963261834
"MEMORY_COPY","MEMORY_COPY_HOST_TO_DEVICE",0,"Agent 0","Agent 2",1157,96037963512763,96037963518123
"MEMORY_COPY","MEMORY_COPY_HOST_TO_DEVICE",0,"Agent 0","Agent 2",1159,96037973889723,96037974864120
"MEMORY_COPY","MEMORY_COPY_HOST_TO_DEVICE",0,"Agent 0","Agent 2",1161,96037974906540,96037974911740
"MEMORY_COPY","MEMORY_COPY_HOST_TO_DEVICE",0,"Agent 0","Agent 2",1163,96037981483991,96037982070789
"MEMORY_COPY","MEMORY_COPY_HOST_TO_DEVICE",0,"Agent 0","Agent 2",1165,96037982114439,96037982119519
"MEMORY_COPY","MEMORY_COPY_HOST_TO_DEVICE",0,"Agent 0","Agent 2",1167,96037982737867,96037982747307
"MEMORY_COPY","MEMORY_COPY_HOST_TO_DEVICE",0,"Agent 0","Agent 2",1169,96037982781677,96037982786837
"MEMORY_COPY","MEMORY_COPY_HOST_TO_DEVICE",0,"Agent 0","Agent 2",1171,96037982851907,96037982861187
"MEMORY_COPY","MEMORY_COPY_HOST_TO_DEVICE",0,"Agent 0","Agent 2",1173,96037982895317,96037982900397
"MEMORY_COPY","MEMORY_COPY_HOST_TO_DEVICE",0,"Agent 0","Agent 2",1179,96037983188206,96037983199166
"MEMORY_COPY","MEMORY_COPY_HOST_TO_DEVICE",0,"Agent 0","Agent 2",1183,96037989570323,96037990227322
"MEMORY_COPY","MEMORY_COPY_HOST_TO_DEVICE",0,"Agent 0","Agent 2",1185,96037990452520,96037990457880
"MEMORY_COPY","MEMORY_COPY_HOST_TO_DEVICE",0,"Agent 0","Agent 2",1187,96038007371290,96038008543967
"MEMORY_COPY","MEMORY_COPY_HOST_TO_DEVICE",0,"Agent 0","Agent 2",1187,96038008547647,96038009032486
"MEMORY_COPY","MEMORY_COPY_HOST_TO_DEVICE",0,"Agent 0","Agent 2",1189,96038009100395,96038009105595
"MEMORY_COPY","MEMORY_COPY_HOST_TO_DEVICE",0,"Agent 0","Agent 2",1191,96038026109456,96038027282412
"MEMORY_COPY","MEMORY_COPY_HOST_TO_DEVICE",0,"Agent 0","Agent 2",1191,96038027286092,96038027770691
"MEMORY_COPY","MEMORY_COPY_HOST_TO_DEVICE",0,"Agent 0","Agent 2",1193,96038027824901,96038027830261
"MEMORY_COPY","MEMORY_COPY_HOST_TO_DEVICE",0,"Agent 0","Agent 2",1195,96038045562619,96038046738415
"MEMORY_COPY","MEMORY_COPY_HOST_TO_DEVICE",0,"Agent 0","Agent 2",1195,96038046742015,96038047226494
"MEMORY_COPY","MEMORY_COPY_HOST_TO_DEVICE",0,"Agent 0","Agent 2",1197,96038047429063,96038047434383
"MEMORY_COPY","MEMORY_COPY_HOST_TO_DEVICE",0,"Agent 0","Agent 2",1199,96038060917386,96038062085863
"MEMORY_COPY","MEMORY_COPY_HOST_TO_DEVICE",0,"Agent 0","Agent 2",1201,96038062133761,96038062139081
"MEMORY_COPY","MEMORY_COPY_HOST_TO_DEVICE",0,"Agent 0","Agent 2",1203,96038064965833,96038065068193
"MEMORY_COPY","MEMORY_COPY_HOST_TO_DEVICE",0,"Agent 0","Agent 2",1205,96038065108463,96038065113543
"MEMORY_COPY","MEMORY_COPY_HOST_TO_DEVICE",0,"Agent 0","Agent 2",1207,96038067015607,96038067121927
"MEMORY_COPY","MEMORY_COPY_HOST_TO_DEVICE",0,"Agent 0","Agent 2",1209,96038067166787,96038067171907
"MEMORY_COPY","MEMORY_COPY_HOST_TO_DEVICE",0,"Agent 0","Agent 2",1211,96038073688208,96038074277846
"MEMORY_COPY","MEMORY_COPY_HOST_TO_DEVICE",0,"Agent 0","Agent 2",1217,96038074651505,96038074656625
"MEMORY_COPY","MEMORY_COPY_HOST_TO_DEVICE",0,"Agent 0","Agent 2",1219,96038097403599,96038098835875
"MEMORY_COPY","MEMORY_COPY_HOST_TO_DEVICE",0,"Agent 0","Agent 2",1219,96038098839475,96038099324873
"MEMORY_COPY","MEMORY_COPY_HOST_TO_DEVICE",0,"Agent 0","Agent 2",1221,96038099370143,96038099375663
"MEMORY_COPY","MEMORY_COPY_HOST_TO_DEVICE",0,"Agent 0","Agent 2",1223,96038115254197,96038116427194
"MEMORY_COPY","MEMORY_COPY_HOST_TO_DEVICE",0,"Agent 0","Agent 2",1223,96038116430794,96038116915592
"MEMORY_COPY","MEMORY_COPY_HOST_TO_DEVICE",0,"Agent 0","Agent 2",1225,96038116967722,96038116972962
"MEMORY_COPY","MEMORY_COPY_HOST_TO_DEVICE",0,"Agent 0","Agent 2",1227,96038133932969,96038135105846
"MEMORY_COPY","MEMORY_COPY_HOST_TO_DEVICE",0,"Agent 0","Agent 2",1227,96038135114644,96038135599283
"MEMORY_COPY","MEMORY_COPY_HOST_TO_DEVICE",0,"Agent 0","Agent 2",1229,96038135796942,96038135802262
"MEMORY_COPY","MEMORY_COPY_HOST_TO_DEVICE",0,"Agent 0","Agent 2",1231,96038146870230,96038147844747
"MEMORY_COPY","MEMORY_COPY_HOST_TO_DEVICE",0,"Agent 0","Agent 2",1233,96038147887287,96038147892647
"MEMORY_COPY","MEMORY_COPY_HOST_TO_DEVICE",0,"Agent 0","Agent 2",1235,96038154441008,96038155027726
"MEMORY_COPY","MEMORY_COPY_HOST_TO_DEVICE",0,"Agent 0","Agent 2",1237,96038155087696,96038155093096
"MEMORY_COPY","MEMORY_COPY_HOST_TO_DEVICE",0,"Agent 0","Agent 2",1239,96038155165606,96038155175166
"MEMORY_COPY","MEMORY_COPY_HOST_TO_DEVICE",0,"Agent 0","Agent 2",1241,96038155210826,96038155216226
"MEMORY_COPY","MEMORY_COPY_HOST_TO_DEVICE",0,"Agent 0","Agent 2",1243,96038155833814,96038155843214
"MEMORY_COPY","MEMORY_COPY_HOST_TO_DEVICE",0,"Agent 0","Agent 2",1245,96038155952214,96038155957334
"MEMORY_COPY","MEMORY_COPY_HOST_TO_DEVICE",0,"Agent 0","Agent 2",1251,96038156266963,96038156277683
"MEMORY_COPY","MEMORY_COPY_HOST_TO_DEVICE",0,"Agent 0","Agent 2",1255,96038163644011,96038164231289
"MEMORY_COPY","MEMORY_COPY_HOST_TO_DEVICE",0,"Agent 0","Agent 2",1257,96038164276099,96038164281419
"MEMORY_COPY","MEMORY_COPY_HOST_TO_DEVICE",0,"Agent 0","Agent 2",1259,96038182665786,96038183838622
"MEMORY_COPY","MEMORY_COPY_HOST_TO_DEVICE",0,"Agent 0","Agent 2",1259,96038183842302,96038184327181
"MEMORY_COPY","MEMORY_COPY_HOST_TO_DEVICE",0,"Agent 0","Agent 2",1261,96038184372171,96038184377371
"MEMORY_COPY","MEMORY_COPY_HOST_TO_DEVICE",0,"Agent 0","Agent 2",1263,96038203988665,96038205162822
"MEMORY_COPY","MEMORY_COPY_HOST_TO_DEVICE",0,"Agent 0","Agent 2",1263,96038205169860,96038205654419
"MEMORY_COPY","MEMORY_COPY_HOST_TO_DEVICE",0,"Agent 0","Agent 2",1265,96038205706179,96038205711459
"MEMORY_COPY","MEMORY_COPY_HOST_TO_DEVICE",0,"Agent 0","Agent 2",1267,96038222954589,96038224127585
"MEMORY_COPY","MEMORY_COPY_HOST_TO_DEVICE",0,"Agent 0","Agent 2",1267,96038224131225,96038224617904
"MEMORY_COPY","MEMORY_COPY_HOST_TO_DEVICE",0,"Agent 0","Agent 2",1269,96038224771273,96038224776633
"MEMORY_COPY","MEMORY_COPY_HOST_TO_DEVICE",0,"Agent 0","Agent 2",1271,96038234879204,96038235853721
"MEMORY_COPY","MEMORY_COPY_HOST_TO_DEVICE",0,"Agent 0","Agent 2",1273,96038235906401,96038235911601
"MEMORY_COPY","MEMORY_COPY_HOST_TO_DEVICE",0,"Agent 0","Agent 2",1275,96038243031210,96038243618728
"MEMORY_COPY","MEMORY_COPY_HOST_TO_DEVICE",0,"Agent 0","Agent 2",1277,96038243654168,96038243659248
"MEMORY_COPY","MEMORY_COPY_HOST_TO_DEVICE",0,"Agent 0","Agent 2",1279,96038243722178,96038243731818
"MEMORY_COPY","MEMORY_COPY_HOST_TO_DEVICE",0,"Agent 0","Agent 2",1281,96038243877427,96038243882787
"MEMORY_COPY","MEMORY_COPY_HOST_TO_DEVICE",0,"Agent 0","Agent 2",1283,96038244198996,96038244208396
"MEMORY_COPY","MEMORY_COPY_HOST_TO_DEVICE",0,"Agent 0","Agent 2",1285,96038244277496,96038244282536
"MEMORY_COPY","MEMORY_COPY_HOST_TO_DEVICE",0,"Agent 0","Agent 2",1291,96038244586505,96038244597825
"MEMORY_COPY","MEMORY_COPY_HOST_TO_DEVICE",0,"Agent 0","Agent 2",1295,96038250871997,96038251459195
"MEMORY_COPY","MEMORY_COPY_HOST_TO_DEVICE",0,"Agent 0","Agent 2",1297,96038251496765,96038251502245
"MEMORY_COPY","MEMORY_COPY_HOST_TO_DEVICE",0,"Agent 0","Agent 2",1299,96038268747614,96038269922011
"MEMORY_COPY","MEMORY_COPY_HOST_TO_DEVICE",0,"Agent 0","Agent 2",1299,96038269928329,96038270413008
"MEMORY_COPY","MEMORY_COPY_HOST_TO_DEVICE",0,"Agent 0","Agent 2",1301,96038270469398,96038270474518
"MEMORY_COPY","MEMORY_COPY_HOST_TO_DEVICE",0,"Agent 0","Agent 2",1303,96038287909557,96038289082514
"MEMORY_COPY","MEMORY_COPY_HOST_TO_DEVICE",0,"Agent 0","Agent 2",1303,96038289086114,96038289570832
"MEMORY_COPY","MEMORY_COPY_HOST_TO_DEVICE",0,"Agent 0","Agent 2",1305,96038289616372,96038289621652
"MEMORY_COPY","MEMORY_COPY_HOST_TO_DEVICE",0,"Agent 0","Agent 2",1307,96038307785609,96038308958765
"MEMORY_COPY","MEMORY_COPY_HOST_TO_DEVICE",0,"Agent 0","Agent 2",1307,96038308962445,96038309447124
"MEMORY_COPY","MEMORY_COPY_HOST_TO_DEVICE",0,"Agent 0","Agent 2",1309,96038309649653,96038309655133
"MEMORY_COPY","MEMORY_COPY_HOST_TO_DEVICE",0,"Agent 0","Agent 2",1311,96038318989846,96038319965163
"MEMORY_COPY","MEMORY_COPY_HOST_TO_DEVICE",0,"Agent 0","Agent 2",1313,96038320001393,96038320006833
"MEMORY_COPY","MEMORY_COPY_HOST_TO_DEVICE",0,"Agent 0","Agent 2",1315,96038326306995,96038326893833
"MEMORY_COPY","MEMORY_COPY_HOST_TO_DEVICE",0,"Agent 0","Agent 2",1317,96038326925083,96038326930163
"MEMORY_COPY","MEMORY_COPY_HOST_TO_DEVICE",0,"Agent 0","Agent 2",1319,96038327548261,96038327557581
"MEMORY_COPY","MEMORY_COPY_HOST_TO_DEVICE",0,"Agent 0","Agent 2",1321,96038327588631,96038327593751
"MEMORY_COPY","MEMORY_COPY_HOST_TO_DEVICE",0,"Agent 0","Agent 2",1323,96038327649471,96038327658871
"MEMORY_COPY","MEMORY_COPY_HOST_TO_DEVICE",0,"Agent 0","Agent 2",1325,96038327687081,96038327692241
"MEMORY_COPY","MEMORY_COPY_HOST_TO_DEVICE",0,"Agent 0","Agent 2",1331,96038327944510,96038327955550
"MEMORY_COPY","MEMORY_COPY_HOST_TO_DEVICE",0,"Agent 0","Agent 2",1335,96038335295960,96038335883039
"MEMORY_COPY","MEMORY_COPY_HOST_TO_DEVICE",0,"Agent 0","Agent 2",1337,96038335923197,96038335928277
"MEMORY_COPY","MEMORY_COPY_HOST_TO_DEVICE",0,"Agent 0","Agent 2",1339,96038353049037,96038354221954
"MEMORY_COPY","MEMORY_COPY_HOST_TO_DEVICE",0,"Agent 0","Agent 2",1339,96038354225594,96038354710233
"MEMORY_COPY","MEMORY_COPY_HOST_TO_DEVICE",0,"Agent 0","Agent 2",1341,96038354759123,96038354764402
"MEMORY_COPY","MEMORY_COPY_HOST_TO_DEVICE",0,"Agent 0","Agent 2",1343,96038371993132,96038373166129
"MEMORY_COPY","MEMORY_COPY_HOST_TO_DEVICE",0,"Agent 0","Agent 2",1343,96038373169769,96038373654567
"MEMORY_COPY","MEMORY_COPY_HOST_TO_DEVICE",0,"Agent 0","Agent 2",1345,96038373724797,96038373730157
"MEMORY_COPY","MEMORY_COPY_HOST_TO_DEVICE",0,"Agent 0","Agent 2",1347,96038391298956,96038392471753
"MEMORY_COPY","MEMORY_COPY_HOST_TO_DEVICE",0,"Agent 0","Agent 2",1347,96038392475353,96038392960151
"MEMORY_COPY","MEMORY_COPY_HOST_TO_DEVICE",0,"Agent 0","Agent 2",1349,96038393191711,96038393197110
"MEMORY_COPY","MEMORY_COPY_HOST_TO_DEVICE",0,"Agent 0","Agent 2",1351,96038405523385,96038406691622
"MEMORY_COPY","MEMORY_COPY_HOST_TO_DEVICE",0,"Agent 0","Agent 2",1353,96038406736190,96038406741510
"MEMORY_COPY","MEMORY_COPY_HOST_TO_DEVICE",0,"Agent 0","Agent 2",1355,96038409293403,96038409396003
"MEMORY_COPY","MEMORY_COPY_HOST_TO_DEVICE",0,"Agent 0","Agent 2",1357,96038409433482,96038409438602
"MEMORY_COPY","MEMORY_COPY_HOST_TO_DEVICE",0,"Agent 0","Agent 2",1359,96038411448357,96038411552876
"MEMORY_COPY","MEMORY_COPY_HOST_TO_DEVICE",0,"Agent 0","Agent 2",1361,96038411596356,96038411601396
"MEMORY_COPY","MEMORY_COPY_HOST_TO_DEVICE",0,"Agent 0","Agent 2",1363,96038419364533,96038419953692
"MEMORY_COPY","MEMORY_COPY_HOST_TO_DEVICE",0,"Agent 0","Agent 2",1369,96038420370470,96038420375590
"MEMORY_COPY","MEMORY_COPY_HOST_TO_DEVICE",0,"Agent 0","Agent 2",1371,96038437318731,96038438492327
"MEMORY_COPY","MEMORY_COPY_HOST_TO_DEVICE",0,"Agent 0","Agent 2",1371,96038438496007,96038438981166
"MEMORY_COPY","MEMORY_COPY_HOST_TO_DEVICE",0,"Agent 0","Agent 2",1373,96038439092356,96038439097516
"MEMORY_COPY","MEMORY_COPY_HOST_TO_DEVICE",0,"Agent 0","Agent 2",1375,96038455580787,96038456755104
"MEMORY_COPY","MEMORY_COPY_HOST_TO_DEVICE",0,"Agent 0","Agent 2",1375,96038456758744,96038457243742
"MEMORY_COPY","MEMORY_COPY_HOST_TO_DEVICE",0,"Agent 0","Agent 2",1377,96038457293912,96038457299032
"MEMORY_COPY","MEMORY_COPY_HOST_TO_DEVICE",0,"Agent 0","Agent 2",1379,96038475974169,96038477147166
"MEMORY_COPY","MEMORY_COPY_HOST_TO_DEVICE",0,"Agent 0","Agent 2",1379,96038477154204,96038477639123
"MEMORY_COPY","MEMORY_COPY_HOST_TO_DEVICE",0,"Agent 0","Agent 2",1381,96038477869422,96038477874782
"MEMORY_COPY","MEMORY_COPY_HOST_TO_DEVICE",0,"Agent 0","Agent 2",1383,96038487403245,96038488377802
"MEMORY_COPY","MEMORY_COPY_HOST_TO_DEVICE",0,"Agent 0","Agent 2",1385,96038488417612,96038488422812
"MEMORY_COPY","MEMORY_COPY_HOST_TO_DEVICE",0,"Agent 0","Agent 2",1387,96038496632928,96038497220446
"MEMORY_COPY","MEMORY_COPY_HOST_TO_DEVICE",0,"Agent 0","Agent 2",1389,96038497259136,96038497264456
"MEMORY_COPY","MEMORY_COPY_HOST_TO_DEVICE",0,"Agent 0","Agent 2",1391,96038497331036,96038497340676
"MEMORY_COPY","MEMORY_COPY_HOST_TO_DEVICE",0,"Agent 0","Agent 2",1393,96038497376146,96038497381586
"MEMORY_COPY","MEMORY_COPY_HOST_TO_DEVICE",0,"Agent 0","Agent 2",1395,96038497997434,96038498007994
"MEMORY_COPY","MEMORY_COPY_HOST_TO_DEVICE",0,"Agent 0","Agent 2",1397,96038498126143,96038498131223
"MEMORY_COPY","MEMORY_COPY_HOST_TO_DEVICE",0,"Agent 0","Agent 2",1403,96038498467122,96038498477722
"MEMORY_COPY","MEMORY_COPY_HOST_TO_DEVICE",0,"Agent 0","Agent 2",1407,96038506264270,96038506852468
"MEMORY_COPY","MEMORY_COPY_HOST_TO_DEVICE",0,"Agent 0","Agent 2",1409,96038506981578,96038506986978
"MEMORY_COPY","MEMORY_COPY_HOST_TO_DEVICE",0,"Agent 0","Agent 2",1411,96038523984528,96038525159005
"MEMORY_COPY","MEMORY_COPY_HOST_TO_DEVICE",0,"Agent 0","Agent 2",1411,96038525166165,96038525654043
"MEMORY_COPY","MEMORY_COPY_HOST_TO_DEVICE",0,"Agent 0","Agent 2",1413,96038525703773,96038525708973
"MEMORY_COPY","MEMORY_COPY_HOST_TO_DEVICE",0,"Agent 0","Agent 2",1415,96038542282344,96038543455141
"MEMORY_COPY","MEMORY_COPY_HOST_TO_DEVICE",0,"Agent 0","Agent 2",1415,96038543462259,96038543946978
"MEMORY_COPY","MEMORY_COPY_HOST_TO_DEVICE",0,"Agent 0","Agent 2",1417,96038543996568,96038544001848
"MEMORY_COPY","MEMORY_COPY_HOST_TO_DEVICE",0,"Agent 0","Agent 2",1419,96038561838056,96038563010933
"MEMORY_COPY","MEMORY_COPY_HOST_TO_DEVICE",0,"Agent 0","Agent 2",1419,96038563015413,96038563499931
"MEMORY_COPY","MEMORY_COPY_HOST_TO_DEVICE",0,"Agent 0","Agent 2",1421,96038563657481,96038563662841
"MEMORY_COPY","MEMORY_COPY_HOST_TO_DEVICE",0,"Agent 0","Agent 2",1423,96038572933674,96038573909071
"MEMORY_COPY","MEMORY_COPY_HOST_TO_DEVICE",0,"Agent 0","Agent 2",1425,96038573954821,96038573959981
"MEMORY_COPY","MEMORY_COPY_HOST_TO_DEVICE",0,"Agent 0","Agent 2",1427,96038579858444,96038580445042
"MEMORY_COPY","MEMORY_COPY_HOST_TO_DEVICE",0,"Agent 0","Agent 2",1429,96038580496542,96038580501622
"MEMORY_COPY","MEMORY_COPY_HOST_TO_DEVICE",0,"Agent 0","Agent 2",1431,96038580561162,96038580570762
"MEMORY_COPY","MEMORY_COPY_HOST_TO_DEVICE",0,"Agent 0","Agent 2",1433,96038580600762,96038580606162
"MEMORY_COPY","MEMORY_COPY_HOST_TO_DEVICE",0,"Agent 0","Agent 2",1435,96038580958921,96038580968321
"MEMORY_COPY","MEMORY_COPY_HOST_TO_DEVICE",0,"Agent 0","Agent 2",1437,96038581073581,96038581078661
"MEMORY_COPY","MEMORY_COPY_HOST_TO_DEVICE",0,"Agent 0","Agent 2",1443,96038581324680,96038581337440
"MEMORY_COPY","MEMORY_COPY_HOST_TO_DEVICE",0,"Agent 0","Agent 2",1447,96038588378579,96038588965458
"MEMORY_COPY","MEMORY_COPY_HOST_TO_DEVICE",0,"Agent 0","Agent 2",1449,96038589002858,96038589007978
"MEMORY_COPY","MEMORY_COPY_HOST_TO_DEVICE",0,"Agent 0","Agent 2",1451,96038607134461,96038608307418
"MEMORY_COPY","MEMORY_COPY_HOST_TO_DEVICE",0,"Agent 0","Agent 2",1451,96038608314576,96038608806095
"MEMORY_COPY","MEMORY_COPY_HOST_TO_DEVICE",0,"Agent 0","Agent 2",1453,96038608851265,96038608856585
"MEMORY_COPY","MEMORY_COPY_HOST_TO_DEVICE",0,"Agent 0","Agent 2",1455,96038628009309,96038629182466
"MEMORY_COPY","MEMORY_COPY_HOST_TO_DEVICE",0,"Agent 0","Agent 2",1455,96038629186106,96038629670824
"MEMORY_COPY","MEMORY_COPY_HOST_TO_DEVICE",0,"Agent 0","Agent 2",1457,96038629736084,96038629741324
"MEMORY_COPY","MEMORY_COPY_HOST_TO_DEVICE",0,"Agent 0","Agent 2",1459,96038646461455,96038647635252
"MEMORY_COPY","MEMORY_COPY_HOST_TO_DEVICE",0,"Agent 0","Agent 2",1459,96038647638932,96038648123850
"MEMORY_COPY","MEMORY_COPY_HOST_TO_DEVICE",0,"Agent 0","Agent 2",1461,96038648285170,96038648290490
"MEMORY_COPY","MEMORY_COPY_HOST_TO_DEVICE",0,"Agent 0","Agent 2",1463,96038657726052,96038658701209
"MEMORY_COPY","MEMORY_COPY_HOST_TO_DEVICE",0,"Agent 0","Agent 2",1465,96038658783619,96038658788859
"MEMORY_COPY","MEMORY_COPY_HOST_TO_DEVICE",0,"Agent 0","Agent 2",1467,96038664722592,96038665319910
"MEMORY_COPY","MEMORY_COPY_HOST_TO_DEVICE",0,"Agent 0","Agent 2",1469,96038665358720,96038665363840
"MEMORY_COPY","MEMORY_COPY_HOST_TO_DEVICE",0,"Agent 0","Agent 2",1471,96038665981538,96038665990898
"MEMORY_COPY","MEMORY_COPY_HOST_TO_DEVICE",0,"Agent 0","Agent 2",1473,96038666037138,96038666042458
"MEMORY_COPY","MEMORY_COPY_HOST_TO_DEVICE",0,"Agent 0","Agent 2",1475,96038666108278,96038666117598
"MEMORY_COPY","MEMORY_COPY_HOST_TO_DEVICE",0,"Agent 0","Agent 2",1477,96038666151178,96038666156258
"MEMORY_COPY","MEMORY_COPY_HOST_TO_DEVICE",0,"Agent 0","Agent 2",1483,96038666437027,96038666448027
"MEMORY_COPY","MEMORY_COPY_HOST_TO_DEVICE",0,"Agent 0","Agent 2",1487,96038673330213,96038673932772
"MEMORY_COPY","MEMORY_COPY_HOST_TO_DEVICE",0,"Agent 0","Agent 2",1489,96038673987800,96038673992920
"MEMORY_COPY","MEMORY_COPY_HOST_TO_DEVICE",0,"Agent 0","Agent 2",1491,96038691503769,96038692677366
"MEMORY_COPY","MEMORY_COPY_HOST_TO_DEVICE",0,"Agent 0","Agent 2",1491,96038692681046,96038693165884
"MEMORY_COPY","MEMORY_COPY_HOST_TO_DEVICE",0,"Agent 0","Agent 2",1493,96038693208074,96038693213154
"MEMORY_COPY","MEMORY_COPY_HOST_TO_DEVICE",0,"Agent 0","Agent 2",1495,96038711060262,96038712233299
"MEMORY_COPY","MEMORY_COPY_HOST_TO_DEVICE",0,"Agent 0","Agent 2",1495,96038712236979,96038712721697
"MEMORY_COPY","MEMORY_COPY_HOST_TO_DEVICE",0,"Agent 0","Agent 2",1497,96038712766557,96038712771917
"MEMORY_COPY","MEMORY_COPY_HOST_TO_DEVICE",0,"Agent 0","Agent 2",1499,96038729428358,96038730602075
"MEMORY_COPY","MEMORY_COPY_HOST_TO_DEVICE",0,"Agent 0","Agent 2",1499,96038730605675,96038731090233
"MEMORY_COPY","MEMORY_COPY_HOST_TO_DEVICE",0,"Agent 0","Agent 2",1501,96038731264293,96038731270133
"MEMORY_COPY","MEMORY_COPY_HOST_TO_DEVICE",0,"Agent 0","Agent 2",1503,96038742345809,96038743514206
"MEMORY_COPY","MEMORY_COPY_HOST_TO_DEVICE",0,"Agent 0","Agent 2",1505,96038743553994,96038743559114
"MEMORY_COPY","MEMORY_COPY_HOST_TO_DEVICE",0,"Agent 0","Agent 2",1507,96038745846748,96038745952627
"MEMORY_COPY","MEMORY_COPY_HOST_TO_DEVICE",0,"Agent 0","Agent 2",1509,96038745985007,96038745990087
"MEMORY_COPY","MEMORY_COPY_HOST_TO_DEVICE",0,"Agent 0","Agent 2",1511,96038747837542,96038747945822
"MEMORY_COPY","MEMORY_COPY_HOST_TO_DEVICE",0,"Agent 0","Agent 2",1513,96038747976852,96038747981932
"MEMORY_COPY","MEMORY_COPY_HOST_TO_DEVICE",0,"Agent 0","Agent 2",1515,96038754424753,96038755020351
"MEMORY_COPY","MEMORY_COPY_HOST_TO_DEVICE",0,"Agent 0","Agent 2",1521,96038755642439,96038755647479
"MEMORY_COPY","MEMORY_COPY_HOST_TO_DEVICE",0,"Agent 0","Agent 2",1523,96038773281099,96038774457375
"MEMORY_COPY","MEMORY_COPY_HOST_TO_DEVICE",0,"Agent 0","Agent 2",1523,96038774461095,96038774945854
"MEMORY_COPY","MEMORY_COPY_HOST_TO_DEVICE",0,"Agent 0","Agent 2",1525,96038774992134,96038774997254
"MEMORY_COPY","MEMORY_COPY_HOST_TO_DEVICE",0,"Agent 0","Agent 2",1527,96038790842268,96038792015904
"MEMORY_COPY","MEMORY_COPY_HOST_TO_DEVICE",0,"Agent 0","Agent 2",1527,96038792030864,96038792515423
"MEMORY_COPY","MEMORY_COPY_HOST_TO_DEVICE",0,"Agent 0","Agent 2",1529,96038792562283,96038792567523
"MEMORY_COPY","MEMORY_COPY_HOST_TO_DEVICE",0,"Agent 0","Agent 2",1531,96038810353289,96038811526406
"MEMORY_COPY","MEMORY_COPY_HOST_TO_DEVICE",0,"Agent 0","Agent 2",1531,96038811533444,96038812018483
"MEMORY_COPY","MEMORY_COPY_HOST_TO_DEVICE",0,"Agent 0","Agent 2",1533,96038812223342,96038812228662
"MEMORY_COPY","MEMORY_COPY_HOST_TO_DEVICE",0,"Agent 0","Agent 2",1535,96038822926191,96038823901228
"MEMORY_COPY","MEMORY_COPY_HOST_TO_DEVICE",0,"Agent 0","Agent 2",1537,96038823937218,96038823942458
"MEMORY_COPY","MEMORY_COPY_HOST_TO_DEVICE",0,"Agent 0","Agent 2",1539,96038830508389,96038831095467
"MEMORY_COPY","MEMORY_COPY_HOST_TO_DEVICE",0,"Agent 0","Agent 2",1541,96038831130657,96038831135777
"MEMORY_COPY","MEMORY_COPY_HOST_TO_DEVICE",0,"Agent 0","Agent 2",1543,96038831199927,96038831209527
"MEMORY_COPY","MEMORY_COPY_HOST_TO_DEVICE",0,"Agent 0","Agent 2",1545,96038831239457,96038831244817
"MEMORY_COPY","MEMORY_COPY_HOST_TO_DEVICE",0,"Agent 0","Agent 2",1547,96038831597956,96038831607356
"MEMORY_COPY","MEMORY_COPY_HOST_TO_DEVICE",0,"Agent 0","Agent 2",1549,96038831778195,96038831783315
"MEMORY_COPY","MEMORY_COPY_HOST_TO_DEVICE",0,"Agent 0","Agent 2",1555,96038832088084,96038832098684
"MEMORY_COPY","MEMORY_COPY_HOST_TO_DEVICE",0,"Agent 0","Agent 2",1559,96038839074994,96038839661752
"MEMORY_COPY","MEMORY_COPY_HOST_TO_DEVICE",0,"Agent 0","Agent 2",1561,96038839739712,96038839744992
"MEMORY_COPY","MEMORY_COPY_HOST_TO_DEVICE",0,"Agent 0","Agent 2",1563,96038859822143,96038860994900
"MEMORY_COPY","MEMORY_COPY_HOST_TO_DEVICE",0,"Agent 0","Agent 2",1563,96038860998660,96038861483619
"MEMORY_COPY","MEMORY_COPY_HOST_TO_DEVICE",0,"Agent 0","Agent 2",1565,96038861531328,96038861536448
"MEMORY_COPY","MEMORY_COPY_HOST_TO_DEVICE",0,"Agent 0","Agent 2",1567,96038882140132,96038883313649
"MEMORY_COPY","MEMORY_COPY_HOST_TO_DEVICE",0,"Agent 0","Agent 2",1567,96038883320687,96038883805326
"MEMORY_COPY","MEMORY_COPY_HOST_TO_DEVICE",0,"Agent 0","Agent 2",1569,96038883851926,96038883857246
"MEMORY_COPY","MEMORY_COPY_HOST_TO_DEVICE",0,"Agent 0","Agent 2",1571,96038905462463,96038906635379
"MEMORY_COPY","MEMORY_COPY_HOST_TO_DEVICE",0,"Agent 0","Agent 2",1571,96038906638979,96038907123578
"MEMORY_COPY","MEMORY_COPY_HOST_TO_DEVICE",0,"Agent 0","Agent 2",1573,96038907280568,96038907285928
"MEMORY_COPY","MEMORY_COPY_HOST_TO_DEVICE",0,"Agent 0","Agent 2",1575,96038917360538,96038918334735
"MEMORY_COPY","MEMORY_COPY_HOST_TO_DEVICE",0,"Agent 0","Agent 2",1577,96038918376475,96038918381795
"MEMORY_COPY","MEMORY_COPY_HOST_TO_DEVICE",0,"Agent 0","Agent 2",1579,96038926856031,96038927443869
"MEMORY_COPY","MEMORY_COPY_HOST_TO_DEVICE",0,"Agent 0","Agent 2",1581,96038927490009,96038927495169
"MEMORY_COPY","MEMORY_COPY_HOST_TO_DEVICE",0,"Agent 0","Agent 2",1583,96038927617418,96038927627058
"MEMORY_COPY","MEMORY_COPY_HOST_TO_DEVICE",0,"Agent 0","Agent 2",1585,96038927930337,96038927935737
"MEMORY_COPY","MEMORY_COPY_HOST_TO_DEVICE",0,"Agent 0","Agent 2",1587,96038928262316,96038928271716
"MEMORY_COPY","MEMORY_COPY_HOST_TO_DEVICE",0,"Agent 0","Agent 2",1589,96038928305816,96038928310896
"MEMORY_COPY","MEMORY_COPY_HOST_TO_DEVICE",0,"Agent 0","Agent 2",1595,96038928591535,96038928602535
"MEMORY_COPY","MEMORY_COPY_HOST_TO_DEVICE",0,"Agent 0","Agent 2",1599,96038936897741,96038937485140
"MEMORY_COPY","MEMORY_COPY_HOST_TO_DEVICE",0,"Agent 0","Agent 2",1601,96038937530779,96038937536139
"MEMORY_COPY","MEMORY_COPY_HOST_TO_DEVICE",0,"Agent 0","Agent 2",1603,96038958759507,96038960304463
"MEMORY_COPY","MEMORY_COPY_HOST_TO_DEVICE",0,"Agent 0","Agent 2",1603,96038960312501,96038960823660
"MEMORY_COPY","MEMORY_COPY_HOST_TO_DEVICE",0,"Agent 0","Agent 2",1605,96038960891360,96038960896640
"MEMORY_COPY","MEMORY_COPY_HOST_TO_DEVICE",0,"Agent 0","Agent 2",1607,96038983351355,96038984528871
"MEMORY_COPY","MEMORY_COPY_HOST_TO_DEVICE",0,"Agent 0","Agent 2",1607,96038984532551,96038985029830
"MEMORY_COPY","MEMORY_COPY_HOST_TO_DEVICE",0,"Agent 0","Agent 2",1609,96038985094180,96038985099500
"MEMORY_COPY","MEMORY_COPY_HOST_TO_DEVICE",0,"Agent 0","Agent 2",1611,96039002913988,96039004089345
"MEMORY_COPY","MEMORY_COPY_HOST_TO_DEVICE",0,"Agent 0","Agent 2",1611,96039004093185,96039004580463
"MEMORY_COPY","MEMORY_COPY_HOST_TO_DEVICE",0,"Agent 0","Agent 2",1613,96039004761563,96039004766923
"MEMORY_COPY","MEMORY_COPY_HOST_TO_DEVICE",0,"Agent 0","Agent 2",1615,96039017679675,96039018654593
"MEMORY_COPY","MEMORY_COPY_HOST_TO_DEVICE",0,"Agent 0","Agent 2",1617,96039018697442,96039018702562
"MEMORY_COPY","MEMORY_COPY_HOST_TO_DEVICE",0,"Agent 0","Agent 2",1619,96039026105558,96039026701757
"MEMORY_COPY","MEMORY_COPY_HOST_TO_DEVICE",0,"Agent 0","Agent 2",1621,96039026753345,96039026758505
"MEMORY_COPY","MEMORY_COPY_HOST_TO_DEVICE",0,"Agent 0","Agent 2",1623,96039027403033,96039027412433
"MEMORY_COPY","MEMORY_COPY_HOST_TO_DEVICE",0,"Agent 0","Agent 2",1625,96039027449963,96039027455163
"MEMORY_COPY","MEMORY_COPY_HOST_TO_DEVICE",0,"Agent 0","Agent 2",1627,96039027519113,96039027528513
"MEMORY_COPY","MEMORY_COPY_HOST_TO_DEVICE",0,"Agent 0","Agent 2",1629,96039027562533,96039027567693
"MEMORY_COPY","MEMORY_COPY_HOST_TO_DEVICE",0,"Agent 0","Agent 2",1635,96039027855842,96039027866802
"MEMORY_COPY","MEMORY_COPY_HOST_TO_DEVICE",0,"Agent 0","Agent 2",1639,96039035619269,96039036238428
"MEMORY_COPY","MEMORY_COPY_HOST_TO_DEVICE",0,"Agent 0","Agent 2",1641,96039036291518,96039036296878
"MEMORY_COPY","MEMORY_COPY_HOST_TO_DEVICE",0,"Agent 0","Agent 2",1643,96039056725688,96039058244523
"MEMORY_COPY","MEMORY_COPY_HOST_TO_DEVICE",0,"Agent 0","Agent 2",1643,96039058248163,96039058732762
"MEMORY_COPY","MEMORY_COPY_HOST_TO_DEVICE",0,"Agent 0","Agent 2",1645,96039058778872,96039058784032
"MEMORY_COPY","MEMORY_COPY_HOST_TO_DEVICE",0,"Agent 0","Agent 2",1647,96039076891559,96039078065556
"MEMORY_COPY","MEMORY_COPY_HOST_TO_DEVICE",0,"Agent 0","Agent 2",1647,96039078069196,96039078555634
"MEMORY_COPY","MEMORY_COPY_HOST_TO_DEVICE",0,"Agent 0","Agent 2",1649,96039078600694,96039078606014
"MEMORY_COPY","MEMORY_COPY_HOST_TO_DEVICE",0,"Agent 0","Agent 2",1651,96039098406960,96039099579717
"MEMORY_COPY","MEMORY_COPY_HOST_TO_DEVICE",0,"Agent 0","Agent 2",1651,96039099586875,96039100071714
"MEMORY_COPY","MEMORY_COPY_HOST_TO_DEVICE",0,"Agent 0","Agent 2",1653,96039100272493,96039100277853
"MEMORY_COPY","MEMORY_COPY_HOST_TO_DEVICE",0,"Agent 0","Agent 2",1655,96039113323345,96039114491542
"MEMORY_COPY","MEMORY_COPY_HOST_TO_DEVICE",0,"Agent 0","Agent 2",1657,96039114527012,96039114532332
"MEMORY_COPY","MEMORY_COPY_HOST_TO_DEVICE",0,"Agent 0","Agent 2",1659,96039117038745,96039117142904
"MEMORY_COPY","MEMORY_COPY_HOST_TO_DEVICE",0,"Agent 0","Agent 2",1661,96039117185094,96039117190294
"MEMORY_COPY","MEMORY_COPY_HOST_TO_DEVICE",0,"Agent 0","Agent 2",1663,96039119200218,96039119307738
"MEMORY_COPY","MEMORY_COPY_HOST_TO_DEVICE",0,"Agent 0","Agent 2",1665,96039119342838,96039119347998
"MEMORY_COPY","MEMORY_COPY_HOST_TO_DEVICE",0,"Agent 0","Agent 2",1667,96039126242448,96039126853366
"MEMORY_COPY","MEMORY_COPY_HOST_TO_DEVICE",0,"Agent 0","Agent 2",1673,96039127178145,96039127183225
"MEMORY_COPY","MEMORY_COPY_HOST_TO_DEVICE",0,"Agent 0","Agent 2",1675,96039148997791,96039150577787
"MEMORY_COPY","MEMORY_COPY_HOST_TO_DEVICE",0,"Agent 0","Agent 2",1675,96039150581507,96039151066145
"MEMORY_COPY","MEMORY_COPY_HOST_TO_DEVICE",0,"Agent 0","Agent 2",1677,96039151108135,96039151113335
"MEMORY_COPY","MEMORY_COPY_HOST_TO_DEVICE",0,"Agent 0","Agent 2",1679,96039170641245,96039171814682
"MEMORY_COPY","MEMORY_COPY_HOST_TO_DEVICE",0,"Agent 0","Agent 2",1679,96039171821720,96039172308279
"MEMORY_COPY","MEMORY_COPY_HOST_TO_DEVICE",0,"Agent 0","Agent 2",1681,96039172356419,96039172361819
"MEMORY_COPY","MEMORY_COPY_HOST_TO_DEVICE",0,"Agent 0","Agent 2",1683,96039195103833,96039196282390
"MEMORY_COPY","MEMORY_COPY_HOST_TO_DEVICE",0,"Agent 0","Agent 2",1683,96039196286030,96039196773348
"MEMORY_COPY","MEMORY_COPY_HOST_TO_DEVICE",0,"Agent 0","Agent 2",1685,96039196972938,96039196978218
"MEMORY_COPY","MEMORY_COPY_HOST_TO_DEVICE",0,"Agent 0","Agent 2",1687,96039208330225,96039209304982
"MEMORY_COPY","MEMORY_COPY_HOST_TO_DEVICE",0,"Agent 0","Agent 2",1689,96039209345152,96039209350352
"MEMORY_COPY","MEMORY_COPY_HOST_TO_DEVICE",0,"Agent 0","Agent 2",1691,96039217644208,96039218231566
"MEMORY_COPY","MEMORY_COPY_HOST_TO_DEVICE",0,"Agent 0","Agent 2",1693,96039218270366,96039218275486
"MEMORY_COPY","MEMORY_COPY_HOST_TO_DEVICE",0,"Agent 0","Agent 2",1695,96039218343836,96039218354636
"MEMORY_COPY","MEMORY_COPY_HOST_TO_DEVICE",0,"Agent 0","Agent 2",1697,96039218389676,96039218394996
"MEMORY_COPY","MEMORY_COPY_HOST_TO_DEVICE",0,"Agent 0","Agent 2",1699,96039218749445,96039218758885
"MEMORY_COPY","MEMORY_COPY_HOST_TO_DEVICE",0,"Agent 0","Agent 2",1701,96039218912984,96039218918104
"MEMORY_COPY","MEMORY_COPY_HOST_TO_DEVICE",0,"Agent 0","Agent 2",1707,96039219242873,96039219253513
"MEMORY_COPY","MEMORY_COPY_HOST_TO_DEVICE",0,"Agent 0","Agent 2",1711,96039226731312,96039227319150
"MEMORY_COPY","MEMORY_COPY_HOST_TO_DEVICE",0,"Agent 0","Agent 2",1713,96039227364420,96039227369780
"MEMORY_COPY","MEMORY_COPY_HOST_TO_DEVICE",0,"Agent 0","Agent 2",1715,96039246258146,96039247431143
"MEMORY_COPY","MEMORY_COPY_HOST_TO_DEVICE",0,"Agent 0","Agent 2",1715,96039247438301,96039247923020
"MEMORY_COPY","MEMORY_COPY_HOST_TO_DEVICE",0,"Agent 0","Agent 2",1717,96039247963070,96039247968430
"MEMORY_COPY","MEMORY_COPY_HOST_TO_DEVICE",0,"Agent 0","Agent 2",1719,96039265003311,96039266177067
"MEMORY_COPY","MEMORY_COPY_HOST_TO_DEVICE",0,"Agent 0","Agent 2",1719,96039266180707,96039266665266
"MEMORY_COPY","MEMORY_COPY_HOST_TO_DEVICE",0,"Agent 0","Agent 2",1721,96039266707186,96039266712306
"MEMORY_COPY","MEMORY_COPY_HOST_TO_DEVICE",0,"Agent 0","Agent 2",1723,96039284666944,96039285840141
"MEMORY_COPY","MEMORY_COPY_HOST_TO_DEVICE",0,"Agent 0","Agent 2",1723,96039285843781,96039286330219
"MEMORY_COPY","MEMORY_COPY_HOST_TO_DEVICE",0,"Agent 0","Agent 2",1725,96039286484269,96039286489509
"MEMORY_COPY","MEMORY_COPY_HOST_TO_DEVICE",0,"Agent 0","Agent 2",1727,96039296827639,96039297808476
"MEMORY_COPY","MEMORY_COPY_HOST_TO_DEVICE",0,"Agent 0","Agent 2",1729,96039297843676,96039297848796
"MEMORY_COPY","MEMORY_COPY_HOST_TO_DEVICE",0,"Agent 0","Agent 2",1731,96039303483050,96039304070208
"MEMORY_COPY","MEMORY_COPY_HOST_TO_DEVICE",0,"Agent 0","Agent 2",1733,96039304104338,96039304109418
"MEMORY_COPY","MEMORY_COPY_HOST_TO_DEVICE",0,"Agent 0","Agent 2",1735,96039304170458,96039304180058
"MEMORY_COPY","MEMORY_COPY_HOST_TO_DEVICE",0,"Agent 0","Agent 2",1737,96039304209537,96039304214937
"MEMORY_COPY","MEMORY_COPY_HOST_TO_DEVICE",0,"Agent 0","Agent 2",1739,96039304832686,96039304842126
"MEMORY_COPY","MEMORY_COPY_HOST_TO_DEVICE",0,"Agent 0","Agent 2",1741,96039304912535,96039304917575
"MEMORY_COPY","MEMORY_COPY_HOST_TO_DEVICE",0,"Agent 0","Agent 2",1747,96039305211655,96039305223415
"MEMORY_COPY","MEMORY_COPY_HOST_TO_DEVICE",0,"Agent 0","Agent 2",1751,96039313174339,96039313765458
"MEMORY_COPY","MEMORY_COPY_HOST_TO_DEVICE",0,"Agent 0","Agent 2",1753,96039313868186,96039313873706
"MEMORY_COPY","MEMORY_COPY_HOST_TO_DEVICE",0,"Agent 0","Agent 2",1755,96039330914907,96039332087703
"MEMORY_COPY","MEMORY_COPY_HOST_TO_DEVICE",0,"Agent 0","Agent 2",1755,96039332091343,96039332575942
"MEMORY_COPY","MEMORY_COPY_HOST_TO_DEVICE",0,"Agent 0","Agent 2",1757,96039332616432,96039332621752
"MEMORY_COPY","MEMORY_COPY_HOST_TO_DEVICE",0,"Agent 0","Agent 2",1759,96039352205174,96039353377811
"MEMORY_COPY","MEMORY_COPY_HOST_TO_DEVICE",0,"Agent 0","Agent 2",1759,96039353381411,96039353866330
"MEMORY_COPY","MEMORY_COPY_HOST_TO_DEVICE",0,"Agent 0","Agent 2",1761,96039353910100,96039353915260
"MEMORY_COPY","MEMORY_COPY_HOST_TO_DEVICE",0,"Agent 0","Agent 2",1763,96039370613531,96039371786247
"MEMORY_COPY","MEMORY_COPY_HOST_TO_DEVICE",0,"Agent 0","Agent 2",1763,96039371789887,96039372274326
"MEMORY_COPY","MEMORY_COPY_HOST_TO_DEVICE",0,"Agent 0","Agent 2",1765,96039372434656,96039372440016
"MEMORY_COPY","MEMORY_COPY_HOST_TO_DEVICE",0,"Agent 0","Agent 2",1767,96039386040538,96039387017096
"MEMORY_COPY","MEMORY_COPY_HOST_TO_DEVICE",0,"Agent 0","Agent 2",1769,96039387068424,96039387073544
"MEMORY_COPY","MEMORY_COPY_HOST_TO_DEVICE",0,"Agent 0","Agent 2",1771,96039393714835,96039394303833
"MEMORY_COPY","MEMORY_COPY_HOST_TO_DEVICE",0,"Agent 0","Agent 2",1773,96039394344153,96039394349313
"MEMORY_COPY","MEMORY_COPY_HOST_TO_DEVICE",0,"Agent 0","Agent 2",1775,96039394966692,96039394976011
"MEMORY_COPY","MEMORY_COPY_HOST_TO_DEVICE",0,"Agent 0","Agent 2",1777,96039395025961,96039395030841
"MEMORY_COPY","MEMORY_COPY_HOST_TO_DEVICE",0,"Agent 0","Agent 2",1779,96039395154671,96039395164031
"MEMORY_COPY","MEMORY_COPY_HOST_TO_DEVICE",0,"Agent 0","Agent 2",1781,96039395200891,96039395206051
"MEMORY_COPY","MEMORY_COPY_HOST_TO_DEVICE",0,"Agent 0","Agent 2",1787,96039395475660,96039395486620
"MEMORY_COPY","MEMORY_COPY_HOST_TO_DEVICE",0,"Agent 0","Agent 2",1791,96039401524823,96039402111781
"MEMORY_COPY","MEMORY_COPY_HOST_TO_DEVICE",0,"Agent 0","Agent 2",1793,96039402150911,96039402156031
"MEMORY_COPY","MEMORY_COPY_HOST_TO_DEVICE",0,"Agent 0","Agent 2",1795,96039419494701,96039420667457
"MEMORY_COPY","MEMORY_COPY_HOST_TO_DEVICE",0,"Agent 0","Agent 2",1795,96039420671137,96039421159536
"MEMORY_COPY","MEMORY_COPY_HOST_TO_DEVICE",0,"Agent 0","Agent 2",1797,96039421203646,96039421208766
"MEMORY_COPY","MEMORY_COPY_HOST_TO_DEVICE",0,"Agent 0","Agent 2",1799,96039442036695,96039443212132
"MEMORY_COPY","MEMORY_COPY_HOST_TO_DEVICE",0,"Agent 0","Agent 2",1799,96039443215812,96039443700731
"MEMORY_COPY","MEMORY_COPY_HOST_TO_DEVICE",0,"Agent 0","Agent 2",1801,96039443740740,96039443745980
"MEMORY_COPY","MEMORY_COPY_HOST_TO_DEVICE",0,"Agent 0","Agent 2",1803,96039460345267,96039461517904
"MEMORY_COPY","MEMORY_COPY_HOST_TO_DEVICE",0,"Agent 0","Agent 2",1803,96039461524942,96039462013621
"MEMORY_COPY","MEMORY_COPY_HOST_TO_DEVICE",0,"Agent 0","Agent 2",1805,96039462194881,96039462200361
"MEMORY_COPY","MEMORY_COPY_HOST_TO_DEVICE",0,"Agent 0","Agent 2",1807,96039473683577,96039474851774
"MEMORY_COPY","MEMORY_COPY_HOST_TO_DEVICE",0,"Agent 0","Agent 2",1809,96039474888764,96039474893884
"MEMORY_COPY","MEMORY_COPY_HOST_TO_DEVICE",0,"Agent 0","Agent 2",1811,96039477802075,96039477906395
"MEMORY_COPY","MEMORY_COPY_HOST_TO_DEVICE",0,"Agent 0","Agent 2",1813,96039477942055,96039477947175
"MEMORY_COPY","MEMORY_COPY_HOST_TO_DEVICE",0,"Agent 0","Agent 2",1815,96039480123159,96039480231598
"MEMORY_COPY","MEMORY_COPY_HOST_TO_DEVICE",0,"Agent 0","Agent 2",1817,96039480269758,96039480274878
"MEMORY_COPY","MEMORY_COPY_HOST_TO_DEVICE",0,"Agent 0","Agent 2",1819,96039488272305,96039488866783
"MEMORY_COPY","MEMORY_COPY_HOST_TO_DEVICE",0,"Agent 0","Agent 2",1825,96039489239292,96039489244292
"MEMORY_COPY","MEMORY_COPY_HOST_TO_DEVICE",0,"Agent 0","Agent 2",1827,96039505448585,96039506624302
"MEMORY_COPY","MEMORY_COPY_HOST_TO_DEVICE",0,"Agent 0","Agent 2",1827,96039506627982,96039507112661
"MEMORY_COPY","MEMORY_COPY_HOST_TO_DEVICE",0,"Agent 0","Agent 2",1829,96039507152330,96039507157570
"MEMORY_COPY","MEMORY_COPY_HOST_TO_DEVICE",0,"Agent 0","Agent 2",1831,96039526755642,96039527929719
"MEMORY_COPY","MEMORY_COPY_HOST_TO_DEVICE",0,"Agent 0","Agent 2",1831,96039527936837,96039528425036
"MEMORY_COPY","MEMORY_COPY_HOST_TO_DEVICE",0,"Agent 0","Agent 2",1833,96039528471476,96039528476596
"MEMORY_COPY","MEMORY_COPY_HOST_TO_DEVICE",0,"Agent 0","Agent 2",1835,96039545678476,96039546853793
"MEMORY_COPY","MEMORY_COPY_HOST_TO_DEVICE",0,"Agent 0","Agent 2",1835,96039546857433,96039547343351
"MEMORY_COPY","MEMORY_COPY_HOST_TO_DEVICE",0,"Agent 0","Agent 2",1837,96039547546251,96039547551731
"MEMORY_COPY","MEMORY_COPY_HOST_TO_DEVICE",0,"Agent 0","Agent 2",1839,96039558478989,96039559453386
"MEMORY_COPY","MEMORY_COPY_HOST_TO_DEVICE",0,"Agent 0","Agent 2",1841,96039559489656,96039559494856
"MEMORY_COPY","MEMORY_COPY_HOST_TO_DEVICE",0,"Agent 0","Agent 2",1843,96039567208664,96039567796302
"MEMORY_COPY","MEMORY_COPY_HOST_TO_DEVICE",0,"Agent 0","Agent 2",1845,96039567830292,96039567835652
"MEMORY_COPY","MEMORY_COPY_HOST_TO_DEVICE",0,"Agent 0","Agent 2",1847,96039567899902,96039567909542
"MEMORY_COPY","MEMORY_COPY_HOST_TO_DEVICE",0,"Agent 0","Agent 2",1849,96039567940992,96039567946392
"MEMORY_COPY","MEMORY_COPY_HOST_TO_DEVICE",0,"Agent 0","Agent 2",1851,96039568292471,96039568301831
"MEMORY_COPY","MEMORY_COPY_HOST_TO_DEVICE",0,"Agent 0","Agent 2",1853,96039568406610,96039568411730
"MEMORY_COPY","MEMORY_COPY_HOST_TO_DEVICE",0,"Agent 0","Agent 2",1859,96039568687330,96039568698130
"MEMORY_COPY","MEMORY_COPY_HOST_TO_DEVICE",0,"Agent 0","Agent 2",1863,96039575962149,96039576551947
"MEMORY_COPY","MEMORY_COPY_HOST_TO_DEVICE",0,"Agent 0","Agent 2",1865,96039576589457,96039576594817
"MEMORY_COPY","MEMORY_COPY_HOST_TO_DEVICE",0,"Agent 0","Agent 2",1867,96039593146615,96039594319892
"MEMORY_COPY","MEMORY_COPY_HOST_TO_DEVICE",0,"Agent 0","Agent 2",1867,96039594327890,96039594812689
"MEMORY_COPY","MEMORY_COPY_HOST_TO_DEVICE",0,"Agent 0","Agent 2",1869,96039594848499,96039594853859
"MEMORY_COPY","MEMORY_COPY_HOST_TO_DEVICE",0,"Agent 0","Agent 2",1871,96039610779743,96039611953499
"MEMORY_COPY","MEMORY_COPY_HOST_TO_DEVICE",0,"Agent 0","Agent 2",1871,96039611957139,96039612444098
"MEMORY_COPY","MEMORY_COPY_HOST_TO_DEVICE",0,"Agent 0","Agent 2",1873,96039612486158,96039612491758
"MEMORY_COPY","MEMORY_COPY_HOST_TO_DEVICE",0,"Agent 0","Agent 2",1875,96039629114330,96039630287126
"MEMORY_COPY","MEMORY_COPY_HOST_TO_DEVICE",0,"Agent 0","Agent 2",1875,96039630290726,96039630775245
"MEMORY_COPY","MEMORY_COPY_HOST_TO_DEVICE",0,"Agent 0","Agent 2",1877,96039630913585,96039630918944
"MEMORY_COPY","MEMORY_COPY_HOST_TO_DEVICE",0,"Agent 0","Agent 2",1879,96039640684066,96039641658143
"MEMORY_COPY","MEMORY_COPY_HOST_TO_DEVICE",0,"Agent 0","Agent 2",1881,96039641693253,96039641698413
"MEMORY_COPY","MEMORY_COPY_HOST_TO_DEVICE",0,"Agent 0","Agent 2",1883,96039649651070,96039650238149
"MEMORY_COPY","MEMORY_COPY_HOST_TO_DEVICE",0,"Agent 0","Agent 2",1885,96039650272118,96039650277438
"MEMORY_COPY","MEMORY_COPY_HOST_TO_DEVICE",0,"Agent 0","Agent 2",1887,96039650338948,96039650348548
"MEMORY_COPY","MEMORY_COPY_HOST_TO_DEVICE",0,"Agent 0","Agent 2",1889,96039650377838,96039650383238
"MEMORY_COPY","MEMORY_COPY_HOST_TO_DEVICE",0,"Agent 0","Agent 2",1891,96039650999296,96039651009056
"MEMORY_COPY","MEMORY_COPY_HOST_TO_DEVICE",0,"Agent 0","Agent 2",1893,96039651164026,96039651169186
"MEMORY_COPY","MEMORY_COPY_HOST_TO_DEVICE",0,"Agent 0","Agent 2",1899,96039651412975,96039651424695
"MEMORY_COPY","MEMORY_COPY_HOST_TO_DEVICE",0,"Agent 0","Agent 2",1903,96039657614535,96039658201734
"MEMORY_COPY","MEMORY_COPY_HOST_TO_DEVICE",0,"Agent 0","Agent 2",1905,96039658242892,96039658248172
"MEMORY_COPY","MEMORY_COPY_HOST_TO_DEVICE",0,"Agent 0","Agent 2",1907,96039683248730,96039684943045
"MEMORY_COPY","MEMORY_COPY_HOST_TO_DEVICE",0,"Agent 0","Agent 2",1907,96039684946765,96039685433284
"MEMORY_COPY","MEMORY_COPY_HOST_TO_DEVICE",0,"Agent 0","Agent 2",1909,96039685473904,96039685479184
"MEMORY_COPY","MEMORY_COPY_HOST_TO_DEVICE",0,"Agent 0","Agent 2",1911,96039702949613,96039704122850
"MEMORY_COPY","MEMORY_COPY_HOST_TO_DEVICE",0,"Agent 0","Agent 2",1911,96039704126490,96039704611088
"MEMORY_COPY","MEMORY_COPY_HOST_TO_DEVICE",0,"Agent 0","Agent 2",1913,96039704654438,96039704659798
"MEMORY_COPY","MEMORY_COPY_HOST_TO_DEVICE",0,"Agent 0","Agent 2",1915,96039723430673,96039724603950
"MEMORY_COPY","MEMORY_COPY_HOST_TO_DEVICE",0,"Agent 0","Agent 2",1915,96039724611068,96039725097187
"MEMORY_COPY","MEMORY_COPY_HOST_TO_DEVICE",0,"Agent 0","Agent 2",1917,96039725236417,96039725241897
"MEMORY_COPY","MEMORY_COPY_HOST_TO_DEVICE",0,"Agent 0","Agent 2",1919,96039734483360,96039735457477
"MEMORY_COPY","MEMORY_COPY_HOST_TO_DEVICE",0,"Agent 0","Agent 2",1921,96039735492957,96039735498037
"MEMORY_COPY","MEMORY_COPY_HOST_TO_DEVICE",0,"Agent 0","Agent 2",1923,96039743565503,96039744152822
"MEMORY_COPY","MEMORY_COPY_HOST_TO_DEVICE",0,"Agent 0","Agent 2",1925,96039744188311,96039744193631
"MEMORY_COPY","MEMORY_COPY_HOST_TO_DEVICE",0,"Agent 0","Agent 2",1927,96039744809320,96039744818640
"MEMORY_COPY","MEMORY_COPY_HOST_TO_DEVICE",0,"Agent 0","Agent 2",1929,96039744847469,96039744852589
"MEMORY_COPY","MEMORY_COPY_HOST_TO_DEVICE",0,"Agent 0","Agent 2",1931,96039744905509,96039744914989
"MEMORY_COPY","MEMORY_COPY_HOST_TO_DEVICE",0,"Agent 0","Agent 2",1933,96039744942879,96039744948079
"MEMORY_COPY","MEMORY_COPY_HOST_TO_DEVICE",0,"Agent 0","Agent 2",1939,96039745249988,96039745260868
"MEMORY_COPY","MEMORY_COPY_HOST_TO_DEVICE",0,"Agent 0","Agent 2",1943,96039753858773,96039754448331
"MEMORY_COPY","MEMORY_COPY_HOST_TO_DEVICE",0,"Agent 0","Agent 2",1945,96039754719611,96039754724971
"MEMORY_COPY","MEMORY_COPY_HOST_TO_DEVICE",0,"Agent 0","Agent 2",1947,96039771670011,96039772842968
"MEMORY_COPY","MEMORY_COPY_HOST_TO_DEVICE",0,"Agent 0","Agent 2",1947,96039772846568,96039773331286
"MEMORY_COPY","MEMORY_COPY_HOST_TO_DEVICE",0,"Agent 0","Agent 2",1949,96039773368576,96039773373856
"MEMORY_COPY","MEMORY_COPY_HOST_TO_DEVICE",0,"Agent 0","Agent 2",1951,96039790181067,96039791353864
"MEMORY_COPY","MEMORY_COPY_HOST_TO_DEVICE",0,"Agent 0","Agent 2",1951,96039791360982,96039791845661
"MEMORY_COPY","MEMORY_COPY_HOST_TO_DEVICE",0,"Agent 0","Agent 2",1953,96039791891851,96039791896931
"MEMORY_COPY","MEMORY_COPY_HOST_TO_DEVICE",0,"Agent 0","Agent 2",1955,96039808472183,96039809646380
"MEMORY_COPY","MEMORY_COPY_HOST_TO_DEVICE",0,"Agent 0","Agent 2",1955,96039809650059,96039810136458
"MEMORY_COPY","MEMORY_COPY_HOST_TO_DEVICE",0,"Agent 0","Agent 2",1957,96039810302088,96039810307488
"MEMORY_COPY","MEMORY_COPY_HOST_TO_DEVICE",0,"Agent 0","Agent 2",1959,96039824750716,96039825918992
"MEMORY_COPY","MEMORY_COPY_HOST_TO_DEVICE",0,"Agent 0","Agent 2",1961,96039825957982,96039825963302
"MEMORY_COPY","MEMORY_COPY_HOST_TO_DEVICE",0,"Agent 0","Agent 2",1963,96039828454285,96039828557125
"MEMORY_COPY","MEMORY_COPY_HOST_TO_DEVICE",0,"Agent 0","Agent 2",1965,96039828593025,96039828598185
"MEMORY_COPY","MEMORY_COPY_HOST_TO_DEVICE",0,"Agent 0","Agent 2",1967,96039830483899,96039830590379
"MEMORY_COPY","MEMORY_COPY_HOST_TO_DEVICE",0,"Agent 0","Agent 2",1969,96039830625219,96039830630379
"MEMORY_COPY","MEMORY_COPY_HOST_TO_DEVICE",0,"Agent 0","Agent 2",1971,96039837411079,96039838002837
"MEMORY_COPY","MEMORY_COPY_HOST_TO_DEVICE",0,"Agent 0","Agent 2",1977,96039838369456,96039838374496
"MEMORY_COPY","MEMORY_COPY_HOST_TO_DEVICE",0,"Agent 0","Agent 2",1979,96039854753521,96039855928078
"MEMORY_COPY","MEMORY_COPY_HOST_TO_DEVICE",0,"Agent 0","Agent 2",1979,96039855935276,96039856419835
"MEMORY_COPY","MEMORY_COPY_HOST_TO_DEVICE",0,"Agent 0","Agent 2",1981,96039856455585,96039856460625
"MEMORY_COPY","MEMORY_COPY_HOST_TO_DEVICE",0,"Agent 0","Agent 2",1983,96039872473968,96039873646565
"MEMORY_COPY","MEMORY_COPY_HOST_TO_DEVICE",0,"Agent 0","Agent 2",1983,96039873650165,96039874136324
"MEMORY_COPY","MEMORY_COPY_HOST_TO_DEVICE",0,"Agent 0","Agent 2",1985,96039874182973,96039874188093
"MEMORY_COPY","MEMORY_COPY_HOST_TO_DEVICE",0,"Agent 0","Agent 2",1987,96039890602806,96039891777962
"MEMORY_COPY","MEMORY_COPY_HOST_TO_DEVICE",0,"Agent 0","Agent 2",1987,96039891781602,96039892267441
"MEMORY_COPY","MEMORY_COPY_HOST_TO_DEVICE",0,"Agent 0","Agent 2",1989,96039892442010,96039892447330
"MEMORY_COPY","MEMORY_COPY_HOST_TO_DEVICE",0,"Agent 0","Agent 2",1991,96039902255742,96039903233339
"MEMORY_COPY","MEMORY_COPY_HOST_TO_DEVICE",0,"Agent 0","Agent 2",1993,96039903268129,96039903273289
"MEMORY_COPY","MEMORY_COPY_HOST_TO_DEVICE",0,"Agent 0","Agent 2",1995,96039908904702,96039909491541
"MEMORY_COPY","MEMORY_COPY_HOST_TO_DEVICE",0,"Agent 0","Agent 2",1997,96039909525691,96039909530851
"MEMORY_COPY","MEMORY_COPY_HOST_TO_DEVICE",0,"Agent 0","Agent 2",1999,96039909590880,96039909600640
"MEMORY_COPY","MEMORY_COPY_HOST_TO_DEVICE",0,"Agent 0","Agent 2",2001,96039909629470,96039909634870
"MEMORY_COPY","MEMORY_COPY_HOST_TO_DEVICE",0,"Agent 0","Agent 2",2003,96039909977219,96039909986619
"MEMORY_COPY","MEMORY_COPY_HOST_TO_DEVICE",0,"Agent 0","Agent 2",2005,96039910135779,96039910140939
"MEMORY_COPY","MEMORY_COPY_HOST_TO_DEVICE",0,"Agent 0","Agent 2",2011,96039910435408,96039910446128
"MEMORY_COPY","MEMORY_COPY_HOST_TO_DEVICE",0,"Agent 0","Agent 2",2015,96039918495886,96039919083325
"MEMORY_COPY","MEMORY_COPY_HOST_TO_DEVICE",0,"Agent 0","Agent 2",2017,96039919125923,96039919131003
"MEMORY_COPY","MEMORY_COPY_HOST_TO_DEVICE",0,"Agent 0","Agent 2",2019,96039937972799,96039939145676
"MEMORY_COPY","MEMORY_COPY_HOST_TO_DEVICE",0,"Agent 0","Agent 2",2019,96039939149316,96039939634234
"MEMORY_COPY","MEMORY_COPY_HOST_TO_DEVICE",0,"Agent 0","Agent 2",2021,96039939670144,96039939675344
"MEMORY_COPY","MEMORY_COPY_HOST_TO_DEVICE",0,"Agent 0","Agent 2",2023,96039956216737,96039957389413
"MEMORY_COPY","MEMORY_COPY_HOST_TO_DEVICE",0,"Agent 0","Agent 2",2023,96039957393013,96039957877852
"MEMORY_COPY","MEMORY_COPY_HOST_TO_DEVICE",0,"Agent 0","Agent 2",2025,96039957923541,96039957928861
"MEMORY_COPY","MEMORY_COPY_HOST_TO_DEVICE",0,"Agent 0","Agent 2",2027,96039974427164,96039975601041
"MEMORY_COPY","MEMORY_COPY_HOST_TO_DEVICE",0,"Agent 0","Agent 2",2027,96039975604761,96039976089319
"MEMORY_COPY","MEMORY_COPY_HOST_TO_DEVICE",0,"Agent 0","Agent 2",2029,96039976246099,96039976251459
"MEMORY_COPY","MEMORY_COPY_HOST_TO_DEVICE",0,"Agent 0","Agent 2",2031,96039986753103,96039987728461
"MEMORY_COPY","MEMORY_COPY_HOST_TO_DEVICE",0,"Agent 0","Agent 2",2033,96039987770209,96039987775449
"MEMORY_COPY","MEMORY_COPY_HOST_TO_DEVICE",0,"Agent 0","Agent 2",2035,96039993347673,96039993935151
"MEMORY_COPY","MEMORY_COPY_HOST_TO_DEVICE",0,"Agent 0","Agent 2",2037,96039993971231,96039993976311
"MEMORY_COPY","MEMORY_COPY_HOST_TO_DEVICE",0,"Agent 0","Agent 2",2039,96039994053851,96039994063491
"MEMORY_COPY","MEMORY_COPY_HOST_TO_DEVICE",0,"Agent 0","Agent 2",2041,96039994296460,96039994301940
"MEMORY_COPY","MEMORY_COPY_HOST_TO_DEVICE",0,"Agent 0","Agent 2",2043,96039995001008,96039995010608
"MEMORY_COPY","MEMORY_COPY_HOST_TO_DEVICE",0,"Agent 0","Agent 2",2045,96039995044408,96039995049488
"MEMORY_COPY","MEMORY_COPY_HOST_TO_DEVICE",0,"Agent 0","Agent 2",2051,96039995287798,96039995298757
"MEMORY_COPY","MEMORY_COPY_HOST_TO_DEVICE",0,"Agent 0","Agent 2",2055,96040002899315,96040003487274
"MEMORY_COPY","MEMORY_COPY_HOST_TO_DEVICE",0,"Agent 0","Agent 2",2057,96040003527974,96040003533094
"MEMORY_COPY","MEMORY_COPY_HOST_TO_DEVICE",0,"Agent 0","Agent 2",2059,96040020709944,96040021887540
"MEMORY_COPY","MEMORY_COPY_HOST_TO_DEVICE",0,"Agent 0","Agent 2",2059,96040021891260,96040022378139
"MEMORY_COPY","MEMORY_COPY_HOST_TO_DEVICE",0,"Agent 0","Agent 2",2061,96040022421589,96040022427189
"MEMORY_COPY","MEMORY_COPY_HOST_TO_DEVICE",0,"Agent 0","Agent 2",2063,96040038298022,96040039471099
"MEMORY_COPY","MEMORY_COPY_HOST_TO_DEVICE",0,"Agent 0","Agent 2",2063,96040039474819,96040039959258
"MEMORY_COPY","MEMORY_COPY_HOST_TO_DEVICE",0,"Agent 0","Agent 2",2065,96040040003367,96040040008567
"MEMORY_COPY","MEMORY_COPY_HOST_TO_DEVICE",0,"Agent 0","Agent 2",2067,96040056934993,96040058107790
"MEMORY_COPY","MEMORY_COPY_HOST_TO_DEVICE",0,"Agent 0","Agent 2",2067,96040058115748,96040058601267
"MEMORY_COPY","MEMORY_COPY_HOST_TO_DEVICE",0,"Agent 0","Agent 2",2069,96040058749737,96040058755217
"MEMORY_COPY","MEMORY_COPY_HOST_TO_DEVICE",0,"Agent 0","Agent 2",2071,96040071271380,96040072245577
"MEMORY_COPY","MEMORY_COPY_HOST_TO_DEVICE",0,"Agent 0","Agent 2",2073,96040072288757,96040072294037
"MEMORY_COPY","MEMORY_COPY_HOST_TO_DEVICE",0,"Agent 0","Agent 2",2075,96040077948621,96040078535779
"MEMORY_COPY","MEMORY_COPY_HOST_TO_DEVICE",0,"Agent 0","Agent 2",2077,96040078572249,96040078577329
"MEMORY_COPY","MEMORY_COPY_HOST_TO_DEVICE",0,"Agent 0","Agent 2",2079,96040078908148,96040078917508
"MEMORY_COPY","MEMORY_COPY_HOST_TO_DEVICE",0,"Agent 0","Agent 2",2081,96040078952488,96040078957688
"MEMORY_COPY","MEMORY_COPY_HOST_TO_DEVICE",0,"Agent 0","Agent 2",2083,96040079032218,96040079041738
"MEMORY_COPY","MEMORY_COPY_HOST_TO_DEVICE",0,"Agent 0","Agent 2",2085,96040079071678,96040079076798
"MEMORY_COPY","MEMORY_COPY_HOST_TO_DEVICE",0,"Agent 0","Agent 2",2091,96040079313977,96040079324897
"MEMORY_COPY","MEMORY_COPY_HOST_TO_DEVICE",0,"Agent 0","Agent 2",2095,96040085820788,96040086415786
"MEMORY_COPY","MEMORY_COPY_HOST_TO_DEVICE",0,"Agent 0","Agent 2",2097,96040086454016,96040086459096
"MEMORY_COPY","MEMORY_COPY_HOST_TO_DEVICE",0,"Agent 0","Agent 2",2099,96040104210145,96040105391901
"MEMORY_COPY","MEMORY_COPY_HOST_TO_DEVICE",0,"Agent 0","Agent 2",2099,96040105395621,96040105880340
"MEMORY_COPY","MEMORY_COPY_HOST_TO_DEVICE",0,"Agent 0","Agent 2",2101,96040105925120,96040105930160
"MEMORY_COPY","MEMORY_COPY_HOST_TO_DEVICE",0,"Agent 0","Agent 2",2103,96040121749279,96040122923396
"MEMORY_COPY","MEMORY_COPY_HOST_TO_DEVICE",0,"Agent 0","Agent 2",2103,96040122930594,96040123415753
"MEMORY_COPY","MEMORY_COPY_HOST_TO_DEVICE",0,"Agent 0","Agent 2",2105,96040123579503,96040123584823
"MEMORY_COPY","MEMORY_COPY_HOST_TO_DEVICE",0,"Agent 0","Agent 2",2107,96040141804030,96040142980666
"MEMORY_COPY","MEMORY_COPY_HOST_TO_DEVICE",0,"Agent 0","Agent 2",2107,96040142984346,96040143468865
"MEMORY_COPY","MEMORY_COPY_HOST_TO_DEVICE",0,"Agent 0","Agent 2",2109,96040143663274,96040143668634
"MEMORY_COPY","MEMORY_COPY_HOST_TO_DEVICE",0,"Agent 0","Agent 2",2111,96040154966831,96040156134828
"MEMORY_COPY","MEMORY_COPY_HOST_TO_DEVICE",0,"Agent 0","Agent 2",2113,96040156176008,96040156181288
"MEMORY_COPY","MEMORY_COPY_HOST_TO_DEVICE",0,"Agent 0","Agent 2",2115,96040159125069,96040159228669
"MEMORY_COPY","MEMORY_COPY_HOST_TO_DEVICE",0,"Agent 0","Agent 2",2117,96040159262329,96040159267489
"MEMORY_COPY","MEMORY_COPY_HOST_TO_DEVICE",0,"Agent 0","Agent 2",2119,96040161196613,96040161304173
"MEMORY_COPY","MEMORY_COPY_HOST_TO_DEVICE",0,"Agent 0","Agent 2",2121,96040161341783,96040161346903
"MEMORY_COPY","MEMORY_COPY_HOST_TO_DEVICE",0,"Agent 0","Agent 2",2123,96040168380632,96040168973711
"MEMORY_COPY","MEMORY_COPY_HOST_TO_DEVICE",0,"Agent 0","Agent 2",2129,96040169379209,96040169384369
"MEMORY_COPY","MEMORY_COPY_HOST_TO_DEVICE",0,"Agent 0","Agent 2",2131,96040187771213,96040188943730
"MEMORY_COPY","MEMORY_COPY_HOST_TO_DEVICE",0,"Agent 0","Agent 2",2131,96040188951758,96040189436317
"MEMORY_COPY","MEMORY_COPY_HOST_TO_DEVICE",0,"Agent 0","Agent 2",2133,96040189479671,96040189484991
"MEMORY_COPY","MEMORY_COPY_HOST_TO_DEVICE",0,"Agent 0","Agent 2",2135,96040205454995,96040206627792
"MEMORY_COPY","MEMORY_COPY_HOST_TO_DEVICE",0,"Agent 0","Agent 2",2135,96040206631418,96040207118016
"MEMORY_COPY","MEMORY_COPY_HOST_TO_DEVICE",0,"Agent 0","Agent 2",2137,96040207162168,96040207167288
"MEMORY_COPY","MEMORY_COPY_HOST_TO_DEVICE",0,"Agent 0","Agent 2",2139,96040224352577,96040225525333
"MEMORY_COPY","MEMORY_COPY_HOST_TO_DEVICE",0,"Agent 0","Agent 2",2139,96040225529053,96040226014692
"MEMORY_COPY","MEMORY_COPY_HOST_TO_DEVICE",0,"Agent 0","Agent 2",2141,96040226223456,96040226228776
"MEMORY_COPY","MEMORY_COPY_HOST_TO_DEVICE",0,"Agent 0","Agent 2",2143,96040236364781,96040237340098
"MEMORY_COPY","MEMORY_COPY_HOST_TO_DEVICE",0,"Agent 0","Agent 2",2145,96040237377239,96040237382439
"MEMORY_COPY","MEMORY_COPY_HOST_TO_DEVICE",0,"Agent 0","Agent 2",2147,96040243314816,96040243901335
"MEMORY_COPY","MEMORY_COPY_HOST_TO_DEVICE",0,"Agent 0","Agent 2",2149,96040243937261,96040243942421
"MEMORY_COPY","MEMORY_COPY_HOST_TO_DEVICE",0,"Agent 0","Agent 2",2151,96040244010163,96040244019843
"MEMORY_COPY","MEMORY_COPY_HOST_TO_DEVICE",0,"Agent 0","Agent 2",2153,96040244052166,96040244057566
"MEMORY_COPY","MEMORY_COPY_HOST_TO_DEVICE",0,"Agent 0","Agent 2",2155,96040244407246,96040244416686
"MEMORY_COPY","MEMORY_COPY_HOST_TO_DEVICE",0,"Agent 0","Agent 2",2157,96040244520509,96040244525629
"MEMORY_COPY","MEMORY_COPY_HOST_TO_DEVICE",0,"Agent 0","Agent 2",2163,96040244764445,96040244775205
"MEMORY_COPY","MEMORY_COPY_HOST_TO_DEVICE",0,"Agent 0","Agent 2",2167,96040250847251,96040251434689
"MEMORY_COPY","MEMORY_COPY_HOST_TO_DEVICE",0,"Agent 0","Agent 2",2169,96040251476790,96040251482070
"MEMORY_COPY","MEMORY_COPY_HOST_TO_DEVICE",0,"Agent 0","Agent 2",2171,96040271700740,96040272873536
"MEMORY_COPY","MEMORY_COPY_HOST_TO_DEVICE",0,"Agent 0","Agent 2",2171,96040272877216,96040273362375
"MEMORY_COPY","MEMORY_COPY_HOST_TO_DEVICE",0,"Agent 0","Agent 2",2173,96040273403405,96040273408525
"MEMORY_COPY","MEMORY_COPY_HOST_TO_DEVICE",0,"Agent 0","Agent 2",2175,96040289824417,96040290997534
"MEMORY_COPY","MEMORY_COPY_HOST_TO_DEVICE",0,"Agent 0","Agent 2",2175,96040291001134,96040291486092
"MEMORY_COPY","MEMORY_COPY_HOST_TO_DEVICE",0,"Agent 0","Agent 2",2177,96040291530562,96040291535842
"MEMORY_COPY","MEMORY_COPY_HOST_TO_DEVICE",0,"Agent 0","Agent 2",2179,96040308238263,96040309413540
"MEMORY_COPY","MEMORY_COPY_HOST_TO_DEVICE",0,"Agent 0","Agent 2",2179,96040309417180,96040309903459
"MEMORY_COPY","MEMORY_COPY_HOST_TO_DEVICE",0,"Agent 0","Agent 2",2181,96040310077368,96040310082768
"MEMORY_COPY","MEMORY_COPY_HOST_TO_DEVICE",0,"Agent 0","Agent 2",2183,96040320109627,96040321083945
"MEMORY_COPY","MEMORY_COPY_HOST_TO_DEVICE",0,"Agent 0","Agent 2",2185,96040321125683,96040321130843
"MEMORY_COPY","MEMORY_COPY_HOST_TO_DEVICE",0,"Agent 0","Agent 2",2187,96040326968876,96040327557115
"MEMORY_COPY","MEMORY_COPY_HOST_TO_DEVICE",0,"Agent 0","Agent 2",2189,96040327593205,96040327598325
"MEMORY_COPY","MEMORY_COPY_HOST_TO_DEVICE",0,"Agent 0","Agent 2",2191,96040327660664,96040327670264
"MEMORY_COPY","MEMORY_COPY_HOST_TO_DEVICE",0,"Agent 0","Agent 2",2193,96040327699674,96040327705074
"MEMORY_COPY","MEMORY_COPY_HOST_TO_DEVICE",0,"Agent 0","Agent 2",2195,96040328322762,96040328332282
"MEMORY_COPY","MEMORY_COPY_HOST_TO_DEVICE",0,"Agent 0","Agent 2",2197,96040328505572,96040328510652
"MEMORY_COPY","MEMORY_COPY_HOST_TO_DEVICE",0,"Agent 0","Agent 2",2203,96040328752501,96040328763461
"MEMORY_COPY","MEMORY_COPY_HOST_TO_DEVICE",0,"Agent 0","Agent 2",2207,96040335570471,96040336157950
"MEMORY_COPY","MEMORY_COPY_HOST_TO_DEVICE",0,"Agent 0","Agent 2",2209,96040336198830,96040336203910
"MEMORY_COPY","MEMORY_COPY_HOST_TO_DEVICE",0,"Agent 0","Agent 2",2211,96040355587893,96040356760570
"MEMORY_COPY","MEMORY_COPY_HOST_TO_DEVICE",0,"Agent 0","Agent 2",2211,96040356764250,96040357250488
"MEMORY_COPY","MEMORY_COPY_HOST_TO_DEVICE",0,"Agent 0","Agent 2",2213,96040357288158,96040357293238
"MEMORY_COPY","MEMORY_COPY_HOST_TO_DEVICE",0,"Agent 0","Agent 2",2215,96040376274153,96040377447710
"MEMORY_COPY","MEMORY_COPY_HOST_TO_DEVICE",0,"Agent 0","Agent 2",2215,96040377451390,96040377936068
"MEMORY_COPY","MEMORY_COPY_HOST_TO_DEVICE",0,"Agent 0","Agent 2",2217,96040377980508,96040377985788
"MEMORY_COPY","MEMORY_COPY_HOST_TO_DEVICE",0,"Agent 0","Agent 2",2219,96040396353631,96040397528188
"MEMORY_COPY","MEMORY_COPY_HOST_TO_DEVICE",0,"Agent 0","Agent 2",2219,96040397535226,96040398019825
"MEMORY_COPY","MEMORY_COPY_HOST_TO_DEVICE",0,"Agent 0","Agent 2",2221,96040398172335,96040398177695
"MEMORY_COPY","MEMORY_COPY_HOST_TO_DEVICE",0,"Agent 0","Agent 2",2223,96040407317698,96040408292975
"MEMORY_COPY","MEMORY_COPY_HOST_TO_DEVICE",0,"Agent 0","Agent 2",2225,96040408328505,96040408333785
"MEMORY_COPY","MEMORY_COPY_HOST_TO_DEVICE",0,"Agent 0","Agent 2",2227,96040414227138,96040414814576
"MEMORY_COPY","MEMORY_COPY_HOST_TO_DEVICE",0,"Agent 0","Agent 2",2229,96040414849086,96040414854206
"MEMORY_COPY","MEMORY_COPY_HOST_TO_DEVICE",0,"Agent 0","Agent 2",2231,96040415472064,96040415481584
"MEMORY_COPY","MEMORY_COPY_HOST_TO_DEVICE",0,"Agent 0","Agent 2",2233,96040415522904,96040415528024
"MEMORY_COPY","MEMORY_COPY_HOST_TO_DEVICE",0,"Agent 0","Agent 2",2235,96040415581704,96040415591064
"MEMORY_COPY","MEMORY_COPY_HOST_TO_DEVICE",0,"Agent 0","Agent 2",2237,96040415620394,96040415625514
"MEMORY_COPY","MEMORY_COPY_HOST_TO_DEVICE",0,"Agent 0","Agent 2",2243,96040415856363,96040415867403
"MEMORY_COPY","MEMORY_COPY_HOST_TO_DEVICE",0,"Agent 0","Agent 2",2247,96040422325264,96040422913303
"MEMORY_COPY","MEMORY_COPY_HOST_TO_DEVICE",0,"Agent 0","Agent 2",2249,96040422952533,96040422958133
"MEMORY_COPY","MEMORY_COPY_HOST_TO_DEVICE",0,"Agent 0","Agent 2",2251,96040442875425,96040444048061
"MEMORY_COPY","MEMORY_COPY_HOST_TO_DEVICE",0,"Agent 0","Agent 2",2251,96040444051701,96040444536980
"MEMORY_COPY","MEMORY_COPY_HOST_TO_DEVICE",0,"Agent 0","Agent 2",2253,96040444579360,96040444584440
"MEMORY_COPY","MEMORY_COPY_HOST_TO_DEVICE",0,"Agent 0","Agent 2",2255,96040462047336,96040463222053
"MEMORY_COPY","MEMORY_COPY_HOST_TO_DEVICE",0,"Agent 0","Agent 2",2255,96040463229091,96040463715290
"MEMORY_COPY","MEMORY_COPY_HOST_TO_DEVICE",0,"Agent 0","Agent 2",2257,96040463759780,96040463765260
"MEMORY_COPY","MEMORY_COPY_HOST_TO_DEVICE",0,"Agent 0","Agent 2",2259,96040480366682,96040481539718
"MEMORY_COPY","MEMORY_COPY_HOST_TO_DEVICE",0,"Agent 0","Agent 2",2259,96040481543318,96040482027757
"MEMORY_COPY","MEMORY_COPY_HOST_TO_DEVICE",0,"Agent 0","Agent 2",2261,96040482227926,96040482233286
"MEMORY_COPY","MEMORY_COPY_HOST_TO_DEVICE",0,"Agent 0","Agent 2",2263,96040495865517,96040497056873
"MEMORY_COPY","MEMORY_COPY_HOST_TO_DEVICE",0,"Agent 0","Agent 2",2265,96040497103913,96040497109233
"MEMORY_COPY","MEMORY_COPY_HOST_TO_DEVICE",0,"Agent 0","Agent 2",2267,96040499444726,96040499548926
"MEMORY_COPY","MEMORY_COPY_HOST_TO_DEVICE",0,"Agent 0","Agent 2",2269,96040499585026,96040499590186
"MEMORY_COPY","MEMORY_COPY_HOST_TO_DEVICE",0,"Agent 0","Agent 2",2271,96040501393431,96040501501190
"MEMORY_COPY","MEMORY_COPY_HOST_TO_DEVICE",0,"Agent 0","Agent 2",2273,96040501537720,96040501542880
"MEMORY_COPY","MEMORY_COPY_HOST_TO_DEVICE",0,"Agent 0","Agent 2",2275,96040508007271,96040508601230
"MEMORY_COPY","MEMORY_COPY_HOST_TO_DEVICE",0,"Agent 0","Agent 2",2281,96040508936659,96040508941739
"MEMORY_COPY","MEMORY_COPY_HOST_TO_DEVICE",0,"Agent 0","Agent 2",2283,96040525925341,96040527099578
"MEMORY_COPY","MEMORY_COPY_HOST_TO_DEVICE",0,"Agent 0","Agent 2",2283,96040527106816,96040527591415
"MEMORY_COPY","MEMORY_COPY_HOST_TO_DEVICE",0,"Agent 0","Agent 2",2285,96040527673705,96040527678905
"MEMORY_COPY","MEMORY_COPY_HOST_TO_DEVICE",0,"Agent 0","Agent 2",2287,96040543954348,96040545127225
"MEMORY_COPY","MEMORY_COPY_HOST_TO_DEVICE",0,"Agent 0","Agent 2",2287,96040545130905,96040545615503
"MEMORY_COPY","MEMORY_COPY_HOST_TO_DEVICE",0,"Agent 0","Agent 2",2289,96040545653513,96040545658633
"MEMORY_COPY","MEMORY_COPY_HOST_TO_DEVICE",0,"Agent 0","Agent 2",2291,96040562468475,96040563641551
"MEMORY_COPY","MEMORY_COPY_HOST_TO_DEVICE",0,"Agent 0","Agent 2",2291,96040563645191,96040564129950
"MEMORY_COPY","MEMORY_COPY_HOST_TO_DEVICE",0,"Agent 0","Agent 2",2293,96040564338289,96040564343649
"MEMORY_COPY","MEMORY_COPY_HOST_TO_DEVICE",0,"Agent 0","Agent 2",2295,96040573779212,96040574755529
"MEMORY_COPY","MEMORY_COPY_HOST_TO_DEVICE",0,"Agent 0","Agent 2",2297,96040574790369,96040574795529
"MEMORY_COPY","MEMORY_COPY_HOST_TO_DEVICE",0,"Agent 0","Agent 2",2299,96040580425363,96040581012921
"MEMORY_COPY","MEMORY_COPY_HOST_TO_DEVICE",0,"Agent 0","Agent 2",2301,96040581047541,96040581052621
"MEMORY_COPY","MEMORY_COPY_HOST_TO_DEVICE",0,"Agent 0","Agent 2",2303,96040581114251,96040581123931
"MEMORY_COPY","MEMORY_COPY_HOST_TO_DEVICE",0,"Agent 0","Agent 2",2305,96040581152747,96040581158147
"MEMORY_COPY","MEMORY_COPY_HOST_TO_DEVICE",0,"Agent 0","Agent 2",2307,96040581460496,96040581469896
"MEMORY_COPY","MEMORY_COPY_HOST_TO_DEVICE",0,"Agent 0","Agent 2",2309,96040581575288,96040581580328
"MEMORY_COPY","MEMORY_COPY_HOST_TO_DEVICE",0,"Agent 0","Agent 2",2315,96040581818516,96040581829196
"MEMORY_COPY","MEMORY_COPY_HOST_TO_DEVICE",0,"Agent 0","Agent 2",2319,96040587659242,96040588247801
"MEMORY_COPY","MEMORY_COPY_HOST_TO_DEVICE",0,"Agent 0","Agent 2",2321,96040588286194,96040588291314
"MEMORY_COPY","MEMORY_COPY_HOST_TO_DEVICE",0,"Agent 0","Agent 2",2323,96040606867605,96040608040402
"MEMORY_COPY","MEMORY_COPY_HOST_TO_DEVICE",0,"Agent 0","Agent 2",2323,96040608048440,96040608533119
"MEMORY_COPY","MEMORY_COPY_HOST_TO_DEVICE",0,"Agent 0","Agent 2",2325,96040608573769,96040608579129
"MEMORY_COPY","MEMORY_COPY_HOST_TO_DEVICE",0,"Agent 0","Agent 2",2327,96040626062378,96040627236455
"MEMORY_COPY","MEMORY_COPY_HOST_TO_DEVICE",0,"Agent 0","Agent 2",2327,96040627240055,96040627724654
"MEMORY_COPY","MEMORY_COPY_HOST_TO_DEVICE",0,"Agent 0","Agent 2",2329,96040627764673,96040627769833
"MEMORY_COPY","MEMORY_COPY_HOST_TO_DEVICE",0,"Agent 0","Agent 2",2331,96040644476685,96040645649482
"MEMORY_COPY","MEMORY_COPY_HOST_TO_DEVICE",0,"Agent 0","Agent 2",2331,96040645653202,96040646137760
"MEMORY_COPY","MEMORY_COPY_HOST_TO_DEVICE",0,"Agent 0","Agent 2",2333,96040646295120,96040646300480
"MEMORY_COPY","MEMORY_COPY_HOST_TO_DEVICE",0,"Agent 0","Agent 2",2335,96040655786912,96040656761270
"MEMORY_COPY","MEMORY_COPY_HOST_TO_DEVICE",0,"Agent 0","Agent 2",2337,96040656796720,96040656801839
"MEMORY_COPY","MEMORY_COPY_HOST_TO_DEVICE",0,"Agent 0","Agent 2",2339,96040662525923,96040663115521
"MEMORY_COPY","MEMORY_COPY_HOST_TO_DEVICE",0,"Agent 0","Agent 2",2341,96040663149941,96040663155261
"MEMORY_COPY","MEMORY_COPY_HOST_TO_DEVICE",0,"Agent 0","Agent 2",2343,96040663215821,96040663225501
"MEMORY_COPY","MEMORY_COPY_HOST_TO_DEVICE",0,"Agent 0","Agent 2",2345,96040663377060,96040663382420
"MEMORY_COPY","MEMORY_COPY_HOST_TO_DEVICE",0,"Agent 0","Agent 2",2347,96040663694820,96040663704300
"MEMORY_COPY","MEMORY_COPY_HOST_TO_DEVICE",0,"Agent 0","Agent 2",2349,96040663774019,96040663779619
"MEMORY_COPY","MEMORY_COPY_HOST_TO_DEVICE",0,"Agent 0","Agent 2",2355,96040664029779,96040664040979
"MEMORY_COPY","MEMORY_COPY_HOST_TO_DEVICE",0,"Agent 0","Agent 2",2359,96040670142946,96040670730385
"MEMORY_COPY","MEMORY_COPY_HOST_TO_DEVICE",0,"Agent 0","Agent 2",2361,96040670774413,96040670779573
"MEMORY_COPY","MEMORY_COPY_HOST_TO_DEVICE",0,"Agent 0","Agent 2",2363,96040690338037,96040691510914
"MEMORY_COPY","MEMORY_COPY_HOST_TO_DEVICE",0,"Agent 0","Agent 2",2363,96040691514594,96040691999272
"MEMORY_COPY","MEMORY_COPY_HOST_TO_DEVICE",0,"Agent 0","Agent 2",2365,96040692048472,96040692053752
"MEMORY_COPY","MEMORY_COPY_HOST_TO_DEVICE",0,"Agent 0","Agent 2",2367,96040709615921,96040710788678
"MEMORY_COPY","MEMORY_COPY_HOST_TO_DEVICE",0,"Agent 0","Agent 2",2367,96040710792318,96040711276677
"MEMORY_COPY","MEMORY_COPY_HOST_TO_DEVICE",0,"Agent 0","Agent 2",2369,96040711320656,96040711325976
"MEMORY_COPY","MEMORY_COPY_HOST_TO_DEVICE",0,"Agent 0","Agent 2",2371,96040727833529,96040729006285
"MEMORY_COPY","MEMORY_COPY_HOST_TO_DEVICE",0,"Agent 0","Agent 2",2371,96040729014245,96040729498764
"MEMORY_COPY","MEMORY_COPY_HOST_TO_DEVICE",0,"Agent 0","Agent 2",2373,96040729713163,96040729718563
"MEMORY_COPY","MEMORY_COPY_HOST_TO_DEVICE",0,"Agent 0","Agent 2",2375,96040738897290,96040739873608
"MEMORY_COPY","MEMORY_COPY_HOST_TO_DEVICE",0,"Agent 0","Agent 2",2377,96040739913226,96040739918306
"MEMORY_COPY","MEMORY_COPY_HOST_TO_DEVICE",0,"Agent 0","Agent 2",2379,96040745567460,96040746154298
"MEMORY_COPY","MEMORY_COPY_HOST_TO_DEVICE",0,"Agent 0","Agent 2",2381,96040746188618,96040746193898
"MEMORY_COPY","MEMORY_COPY_HOST_TO_DEVICE",0,"Agent 0","Agent 2",2383,96040746546477,96040746555877
"MEMORY_COPY","MEMORY_COPY_HOST_TO_DEVICE",0,"Agent 0","Agent 2",2385,96040746585367,96040746590527
"MEMORY_COPY","MEMORY_COPY_HOST_TO_DEVICE",0,"Agent 0","Agent 2",2387,96040746645587,96040746654947
"MEMORY_COPY","MEMORY_COPY_HOST_TO_DEVICE",0,"Agent 0","Agent 2",2389,96040746684047,96040746689167
"MEMORY_COPY","MEMORY_COPY_HOST_TO_DEVICE",0,"Agent 0","Agent 2",2395,96040746918846,96040746930206
"MEMORY_COPY","MEMORY_COPY_HOST_TO_DEVICE",0,"Agent 0","Agent 2",2399,96040753253678,96040753840836
"MEMORY_COPY","MEMORY_COPY_HOST_TO_DEVICE",0,"Agent 0","Agent 2",2401,96040753878476,96040753883596
"MEMORY_COPY","MEMORY_COPY_HOST_TO_DEVICE",0,"Agent 0","Agent 2",2403,96040771198616,96040772371373
"MEMORY_COPY","MEMORY_COPY_HOST_TO_DEVICE",0,"Agent 0","Agent 2",2403,96040772375013,96040772859571
"MEMORY_COPY","MEMORY_COPY_HOST_TO_DEVICE",0,"Agent 0","Agent 2",2405,96040772901451,96040772906771
"MEMORY_COPY","MEMORY_COPY_HOST_TO_DEVICE",0,"Agent 0","Agent 2",2407,96040789625343,96040790800380
"MEMORY_COPY","MEMORY_COPY_HOST_TO_DEVICE",0,"Agent 0","Agent 2",2407,96040790803980,96040791288538
"MEMORY_COPY","MEMORY_COPY_HOST_TO_DEVICE",0,"Agent 0","Agent 2",2409,96040791333858,96040791339018
"MEMORY_COPY","MEMORY_COPY_HOST_TO_DEVICE",0,"Agent 0","Agent 2",2411,96040807916449,96040809092326
"MEMORY_COPY","MEMORY_COPY_HOST_TO_DEVICE",0,"Agent 0","Agent 2",2411,96040809099444,96040809584043
"MEMORY_COPY","MEMORY_COPY_HOST_TO_DEVICE",0,"Agent 0","Agent 2",2413,96040809781563,96040809786882
"MEMORY_COPY","MEMORY_COPY_HOST_TO_DEVICE",0,"Agent 0","Agent 2",2415,96040820915430,96040822085347
"MEMORY_COPY","MEMORY_COPY_HOST_TO_DEVICE",0,"Agent 0","Agent 2",2417,96040822128047,96040822133447
"MEMORY_COPY","MEMORY_COPY_HOST_TO_DEVICE",0,"Agent 0","Agent 2",2419,96040824511910,96040824614990
"MEMORY_COPY","MEMORY_COPY_HOST_TO_DEVICE",0,"Agent 0","Agent 2",2421,96040824745749,96040824750869
"MEMORY_COPY","MEMORY_COPY_HOST_TO_DEVICE",0,"Agent 0","Agent 2",2423,96040826624754,96040826733953
"MEMORY_COPY","MEMORY_COPY_HOST_TO_DEVICE",0,"Agent 0","Agent 2",2425,96040826766933,96040826772093
"MEMORY_COPY","MEMORY_COPY_HOST_TO_DEVICE",0,"Agent 0","Agent 2",2427,96040832994175,96040833589733
"MEMORY_COPY","MEMORY_COPY_HOST_TO_DEVICE",0,"Agent 0","Agent 2",2433,96040833919163,96040833924323
"MEMORY_COPY","MEMORY_COPY_HOST_TO_DEVICE",0,"Agent 0","Agent 2",2435,96040850869793,96040852043430
"MEMORY_COPY","MEMORY_COPY_HOST_TO_DEVICE",0,"Agent 0","Agent 2",2435,96040852047030,96040852534189
"MEMORY_COPY","MEMORY_COPY_HOST_TO_DEVICE",0,"Agent 0","Agent 2",2437,96040852578378,96040852583538
"MEMORY_COPY","MEMORY_COPY_HOST_TO_DEVICE",0,"Agent 0","Agent 2",2439,96040869694859,96040870870935
"MEMORY_COPY","MEMORY_COPY_HOST_TO_DEVICE",0,"Agent 0","Agent 2",2439,96040870874575,96040871359454
"MEMORY_COPY","MEMORY_COPY_HOST_TO_DEVICE",0,"Agent 0","Agent 2",2441,96040871402934,96040871408094
"MEMORY_COPY","MEMORY_COPY_HOST_TO_DEVICE",0,"Agent 0","Agent 2",2443,96040889678588,96040890853185
"MEMORY_COPY","MEMORY_COPY_HOST_TO_DEVICE",0,"Agent 0","Agent 2",2443,96040890860343,96040891344862
"MEMORY_COPY","MEMORY_COPY_DEVICE_TO_HOST",0,"Agent 2","Agent 0",32113,96053120786557,96053120843957
