"Kind","Operation","Agent_Id","Allocation_Size","Address","Correlation_Id","Start_Timestamp","End_Timestamp"
"MEMORY_ALLOCATION","MEMORY_ALLOCATION_ALLOCATE","Agent 0",4194304,"0x000074cb97600000",1,96032638145304,96032640378224
"MEMORY_ALLOCATION","MEMORY_ALLOCATION_ALLOCATE","Agent 0",56,"0x000074cde2c48000",1,96032640481853,96032640519856
"MEMORY_ALLOCATION","MEMORY_ALLOCATION_ALLOCATE","Agent 2",1350860800,"0x000074caf6200000",6,96034511792389,96034512086634
"MEMORY_ALLOCATION","MEMORY_ALLOCATION_ALLOCATE","Agent 0",4194304,"0x000074caefc00000",7,96034528028307,96034529867181
"MEMORY_ALLOCATION","MEMORY_ALLOCATION_ALLOCATE","Agent 0",4194304,"0x000074caef600000",7,96034542090288,96034543801817
"MEMORY_ALLOCATION","MEMORY_ALLOCATION_ALLOCATE","Agent 2",20480,"0x000074cb97200000",8,96034729236738,96034735287104
"MEMORY_ALLOCATION","MEMORY_ALLOCATION_ALLOCATE","Agent 2",675430400,"0x000074cac6400000",10,96035269830072,96035269992324
"MEMORY_ALLOCATION","MEMORY_ALLOCATION_ALLOCATE","Agent 2",20480,"0x000074cb97205000",12,96035361861043,96035361864109
"MEMORY_ALLOCATION","MEMORY_ALLOCATION_ALLOCATE","Agent 2",27852800,"0x000074cb93a00000",14,96035391436133,96035391991180
"MEMORY_ALLOCATION","MEMORY_ALLOCATION_ALLOCATE","Agent 2",20480,"0x000074cb9720a000",16,96035394251814,96035394252746
"MEMORY_ALLOCATION","MEMORY_ALLOCATION_ALLOCATE","Agent 2",16711680,"0x000074cb92800000",18,96035400569373,96035401019849
"MEMORY_ALLOCATION","MEMORY_ALLOCATION_ALLOCATE","Agent 2",20480,"0x000074cb9720f000",20,96035401736015,96035401737027
"MEMORY_ALLOCATION","MEMORY_ALLOCATION_ALLOCATE","Agent 2",130560,"0x000074cb97214000",22,96035401774479,96035401775321
"MEMORY_ALLOCATION","MEMORY_ALLOCATION_ALLOCATE","Agent 2",20480,"0x000074cb97234000",24,96035401822111,96035401822862
"MEMORY_ALLOCATION","MEMORY_ALLOCATION_ALLOCATE","Agent 2",130560,"0x000074cb97239000",26,96035401862949,96035401863680
"MEMORY_ALLOCATION","MEMORY_ALLOCATION_ALLOCATE","Agent 2",20480,"0x000074cb97259000",28,96035401909539,96035401910080
"MEMORY_ALLOCATION","MEMORY_ALLOCATION_ALLOCATE","Agent 2",256,"0x000074cb9725e000",30,96035401933855,96035401934446
"MEMORY_ALLOCATION","MEMORY_ALLOCATION_ALLOCATE","Agent 2",256,"0x000074cb9725f000",32,96035402625174,96035402627107
"MEMORY_ALLOCATION","MEMORY_ALLOCATION_ALLOCATE","Agent 2",163840,"0x000074cb97260000",34,96035402766435,96035402767828
"MEMORY_ALLOCATION","MEMORY_ALLOCATION_ALLOCATE","Agent 2",512,"0x000074cb97288000",36,96035402813165,96035402813786
"MEMORY_ALLOCATION","MEMORY_ALLOCATION_ALLOCATE","Agent 2",16711680,"0x000074cb8a600000",38,96035409068615,96035409461310
"MEMORY_ALLOCATION","MEMORY_ALLOCATION_ALLOCATE","Agent 2",20480,"0x000074cb97289000",40,96035410185010,96035410186613
"MEMORY_ALLOCATION","MEMORY_ALLOCATION_ALLOCATE","Agent 2",47349760,"0x000074cb75c00000",42,96035436519974,96035437089789
"MEMORY_ALLOCATION","MEMORY_ALLOCATION_ALLOCATE","Agent 2",20480,"0x000074cb9728e000",44,96035440061850,96035440063463
"MEMORY_ALLOCATION","MEMORY_ALLOCATION_ALLOCATE","Agent 2",47349760,"0x000074cb72c00000",46,96035456797819,96035457355871
"MEMORY_ALLOCATION","MEMORY_ALLOCATION_ALLOCATE","Agent 2",20480,"0x000074cb97293000",48,96035459098971,96035459101185
"MEMORY_ALLOCATION","MEMORY_ALLOCATION_ALLOCATE","Agent 2",47349760,"0x000074cb6fc00000",50,96035475198076,96035475753343
"MEMORY_ALLOCATION","MEMORY_ALLOCATION_ALLOCATE","Agent 2",20480,"0x000074cb97298000",52,96035477593399,96035477595693
"MEMORY_ALLOCATION","MEMORY_ALLOCATION_ALLOCATE","Agent 2",27852800,"0x000074cb88800000",54,96035487486148,96035487952184
"MEMORY_ALLOCATION","MEMORY_ALLOCATION_ALLOCATE","Agent 2",20480,"0x000074cb9729d000",56,96035488973526,96035488975410
"MEMORY_ALLOCATION","MEMORY_ALLOCATION_ALLOCATE","Agent 2",16711680,"0x000074cb96000000",58,96035494418479,96035494789993
"MEMORY_ALLOCATION","MEMORY_ALLOCATION_ALLOCATE","Agent 2",20480,"0x000074cb972a2000",60,96035495428149,96035495429572
"MEMORY_ALLOCATION","MEMORY_ALLOCATION_ALLOCATE","Agent 2",130560,"0x000074cb972a7000",62,96035495557808,96035495559371
"MEMORY_ALLOCATION","MEMORY_ALLOCATION_ALLOCATE","Agent 2",20480,"0x000074cb972c7000",64,96035495607714,96035495608295
"MEMORY_ALLOCATION","MEMORY_ALLOCATION_ALLOCATE","Agent 2",130560,"0x000074cb972cc000",66,96035495733957,96035495735019
"MEMORY_ALLOCATION","MEMORY_ALLOCATION_ALLOCATE","Agent 2",20480,"0x000074cb972ec000",68,96035495787069,96035495787640
"MEMORY_ALLOCATION","MEMORY_ALLOCATION_ALLOCATE","Agent 2",256,"0x000074cb972f1000",70,96035495809702,96035495810263
"MEMORY_ALLOCATION","MEMORY_ALLOCATION_ALLOCATE","Agent 2",256,"0x000074cb972f2000",72,96035495900988,96035495901749
"MEMORY_ALLOCATION","MEMORY_ALLOCATION_ALLOCATE","Agent 2",163840,"0x000074cb972f3000",74,96035496035386,96035496036648
"MEMORY_ALLOCATION","MEMORY_ALLOCATION_ALLOCATE","Agent 2",512,"0x000074cb9731b000",76,96035496079911,96035496080583
"MEMORY_ALLOCATION","MEMORY_ALLOCATION_ALLOCATE","Agent 2",16711680,"0x000074cb6ea00000",78,96035501733535,96035502113686
"MEMORY_ALLOCATION","MEMORY_ALLOCATION_ALLOCATE","Agent 2",20480,"0x000074cb9731c000",80,96035502769215,96035502770357
"MEMORY_ALLOCATION","MEMORY_ALLOCATION_ALLOCATE","Agent 2",47349760,"0x000074cb6ba00000",82,96035519853774,96035520432857
"MEMORY_ALLOCATION","MEMORY_ALLOCATION_ALLOCATE","Agent 2",20480,"0x000074cb97321000",84,96035522147822,96035522149585
"MEMORY_ALLOCATION","MEMORY_ALLOCATION_ALLOCATE","Agent 2",47349760,"0x000074cb68a00000",86,96035537601868,96035538193905
"MEMORY_ALLOCATION","MEMORY_ALLOCATION_ALLOCATE","Agent 2",20480,"0x000074cb97326000",88,96035539915534,96035539918018
"MEMORY_ALLOCATION","MEMORY_ALLOCATION_ALLOCATE","Agent 2",47349760,"0x000074cb65a00000",90,96035560449320,96035560951806
"MEMORY_ALLOCATION","MEMORY_ALLOCATION_ALLOCATE","Agent 2",20480,"0x000074cb9732b000",92,96035562832119,96035562835105
"MEMORY_ALLOCATION","MEMORY_ALLOCATION_ALLOCATE","Agent 2",27852800,"0x000074cb63c00000",94,96035573330953,96035573835232
"MEMORY_ALLOCATION","MEMORY_ALLOCATION_ALLOCATE","Agent 2",20480,"0x000074cb97330000",96,96035574869910,96035574872625
"MEMORY_ALLOCATION","MEMORY_ALLOCATION_ALLOCATE","Agent 2",16711680,"0x000074cb62a00000",98,96035580804945,96035581174725
"MEMORY_ALLOCATION","MEMORY_ALLOCATION_ALLOCATE","Agent 2",20480,"0x000074cb97335000",100,96035581812911,96035581815026
"MEMORY_ALLOCATION","MEMORY_ALLOCATION_ALLOCATE","Agent 2",130560,"0x000074cb9733a000",102,96035581849582,96035581850564
"MEMORY_ALLOCATION","MEMORY_ALLOCATION_ALLOCATE","Agent 2",20480,"0x000074cb9735a000",104,96035581892404,96035581892915
"MEMORY_ALLOCATION","MEMORY_ALLOCATION_ALLOCATE","Agent 2",130560,"0x000074cb9735f000",106,96035581921200,96035581921831
"MEMORY_ALLOCATION","MEMORY_ALLOCATION_ALLOCATE","Agent 2",20480,"0x000074cb9737f000",108,96035581962379,96035581962970
"MEMORY_ALLOCATION","MEMORY_ALLOCATION_ALLOCATE","Agent 2",256,"0x000074cb97384000",110,96035581984471,96035581985162
"MEMORY_ALLOCATION","MEMORY_ALLOCATION_ALLOCATE","Agent 2",256,"0x000074cb97385000",112,96035582076047,96035582076618
"MEMORY_ALLOCATION","MEMORY_ALLOCATION_ALLOCATE","Agent 2",163840,"0x000074cb97386000",114,96035582184866,96035582186018
"MEMORY_ALLOCATION","MEMORY_ALLOCATION_ALLOCATE","Agent 2",512,"0x000074cb973ae000",116,96035582225474,96035582226075
"MEMORY_ALLOCATION","MEMORY_ALLOCATION_ALLOCATE","Agent 2",16711680,"0x000074cb61800000",118,96035587644908,96035588019057
"MEMORY_ALLOCATION","MEMORY_ALLOCATION_ALLOCATE","Agent 2",20480,"0x000074cb973af000",120,96035588661922,96035588663044
"MEMORY_ALLOCATION","MEMORY_ALLOCATION_ALLOCATE","Agent 2",47349760,"0x000074cb5e800000",122,96035604427436,96035604926405
"MEMORY_ALLOCATION","MEMORY_ALLOCATION_ALLOCATE","Agent 2",20480,"0x000074cb973b4000",124,96035606651971,96035606654085
"MEMORY_ALLOCATION","MEMORY_ALLOCATION_ALLOCATE","Agent 2",47349760,"0x000074cb5b800000",126,96035622307704,96035623028479
"MEMORY_ALLOCATION","MEMORY_ALLOCATION_ALLOCATE","Agent 2",20480,"0x000074cb973b9000",128,96035624757071,96035624759706
"MEMORY_ALLOCATION","MEMORY_ALLOCATION_ALLOCATE","Agent 2",47349760,"0x000074cb58800000",130,96035640904779,96035641412996
"MEMORY_ALLOCATION","MEMORY_ALLOCATION_ALLOCATE","Agent 2",20480,"0x000074cb973be000",132,96035643254915,96035643258031
"MEMORY_ALLOCATION","MEMORY_ALLOCATION_ALLOCATE","Agent 2",33423360,"0x000074cb56600000",134,96035653955747,96035654441411
"MEMORY_ALLOCATION","MEMORY_ALLOCATION_ALLOCATE","Agent 2",20480,"0x000074cb973c3000",136,96035655668198,96035655670542
"MEMORY_ALLOCATION","MEMORY_ALLOCATION_ALLOCATE","Agent 2",2785280,"0x000074cb95a00000",138,96035657901018,96035658252924
"MEMORY_ALLOCATION","MEMORY_ALLOCATION_ALLOCATE","Agent 2",20480,"0x000074cb973c8000",140,96035658400899,96035658402542
"MEMORY_ALLOCATION","MEMORY_ALLOCATION_ALLOCATE","Agent 2",2785280,"0x000074cb90a00000",142,96035660193564,96035660554297
"MEMORY_ALLOCATION","MEMORY_ALLOCATION_ALLOCATE","Agent 2",20480,"0x000074cb973cd000",144,96035660704074,96035660705978
"MEMORY_ALLOCATION","MEMORY_ALLOCATION_ALLOCATE","Agent 2",16711680,"0x000074cb55400000",146,96035668824729,96035669303418
"MEMORY_ALLOCATION","MEMORY_ALLOCATION_ALLOCATE","Agent 2",1024,"0x000074cb973d2000",148,96035669946795,96035669948668
"MEMORY_ALLOCATION","MEMORY_ALLOCATION_ALLOCATE","Agent 2",1024,"0x000074cb973d3000",150,96035670052418,96035670053710
"MEMORY_ALLOCATION","MEMORY_ALLOCATION_ALLOCATE","Agent 2",20480,"0x000074cb973d4000",152,96035670310363,96035670311746
"MEMORY_ALLOCATION","MEMORY_ALLOCATION_ALLOCATE","Agent 2",47349760,"0x000074cb52400000",154,96035687029350,96035687542826
"MEMORY_ALLOCATION","MEMORY_ALLOCATION_ALLOCATE","Agent 2",20480,"0x000074cb973d9000",156,96035689261208,96035689263593
"MEMORY_ALLOCATION","MEMORY_ALLOCATION_ALLOCATE","Agent 2",47349760,"0x000074cb4f400000",158,96035704498287,96035705026001
"MEMORY_ALLOCATION","MEMORY_ALLOCATION_ALLOCATE","Agent 2",20480,"0x000074cb973de000",160,96035706757518,96035706760204
"MEMORY_ALLOCATION","MEMORY_ALLOCATION_ALLOCATE","Agent 2",47349760,"0x000074cb4c400000",162,96035722813781,96035723349501
"MEMORY_ALLOCATION","MEMORY_ALLOCATION_ALLOCATE","Agent 2",20480,"0x000074cb973e3000",164,96035725203192,96035725206699
"MEMORY_ALLOCATION","MEMORY_ALLOCATION_ALLOCATE","Agent 2",27852800,"0x000074cb4a600000",166,96035735271830,96035735688601
"MEMORY_ALLOCATION","MEMORY_ALLOCATION_ALLOCATE","Agent 2",20480,"0x000074cb973e8000",168,96035736716025,96035736718380
"MEMORY_ALLOCATION","MEMORY_ALLOCATION_ALLOCATE","Agent 2",16711680,"0x000074cb49400000",170,96035741992404,96035742381081
"MEMORY_ALLOCATION","MEMORY_ALLOCATION_ALLOCATE","Agent 2",20480,"0x000074cb973ed000",172,96035743033484,96035743036119
"MEMORY_ALLOCATION","MEMORY_ALLOCATION_ALLOCATE","Agent 2",130560,"0x000074cb90600000",174,96035743083691,96035743248067
"MEMORY_ALLOCATION","MEMORY_ALLOCATION_ALLOCATE","Agent 2",20480,"0x000074cb973f2000",176,96035743304746,96035743305878
"MEMORY_ALLOCATION","MEMORY_ALLOCATION_ALLOCATE","Agent 2",130560,"0x000074cb90620000",178,96035743634970,96035743635792
"MEMORY_ALLOCATION","MEMORY_ALLOCATION_ALLOCATE","Agent 2",20480,"0x000074cb973f7000",180,96035743753378,96035743754590
"MEMORY_ALLOCATION","MEMORY_ALLOCATION_ALLOCATE","Agent 2",256,"0x000074cb973fc000",182,96035743782754,96035743783505
"MEMORY_ALLOCATION","MEMORY_ALLOCATION_ALLOCATE","Agent 2",256,"0x000074cb973fd000",184,96035743854802,96035743855634
"MEMORY_ALLOCATION","MEMORY_ALLOCATION_ALLOCATE","Agent 2",163840,"0x000074cb90640000",186,96035743977318,96035743978560
"MEMORY_ALLOCATION","MEMORY_ALLOCATION_ALLOCATE","Agent 2",512,"0x000074cb973fe000",188,96035744026753,96035744027494
"MEMORY_ALLOCATION","MEMORY_ALLOCATION_ALLOCATE","Agent 2",16711680,"0x000074cb48200000",190,96035751239513,96035751639361
"MEMORY_ALLOCATION","MEMORY_ALLOCATION_ALLOCATE","Agent 2",20480,"0x000074cb90668000",192,96035752282907,96035752284040
"MEMORY_ALLOCATION","MEMORY_ALLOCATION_ALLOCATE","Agent 2",47349760,"0x000074cac3400000",194,96035770808896,96035771018429
"MEMORY_ALLOCATION","MEMORY_ALLOCATION_ALLOCATE","Agent 2",20480,"0x000074cb9066d000",196,96035772887640,96035772889584
"MEMORY_ALLOCATION","MEMORY_ALLOCATION_ALLOCATE","Agent 2",47349760,"0x000074cac0400000",198,96035791169380,96035791369053
"MEMORY_ALLOCATION","MEMORY_ALLOCATION_ALLOCATE","Agent 2",20480,"0x000074cb90672000",200,96035793240359,96035793242573
"MEMORY_ALLOCATION","MEMORY_ALLOCATION_ALLOCATE","Agent 2",47349760,"0x000074cabd400000",202,96035809867208,96035810229905
"MEMORY_ALLOCATION","MEMORY_ALLOCATION_ALLOCATE","Agent 2",20480,"0x000074cb90677000",204,96035812069570,96035812072296
"MEMORY_ALLOCATION","MEMORY_ALLOCATION_ALLOCATE","Agent 2",27852800,"0x000074cabb600000",206,96035821918335,96035822075147
"MEMORY_ALLOCATION","MEMORY_ALLOCATION_ALLOCATE","Agent 2",20480,"0x000074cb9067c000",208,96035823247990,96035823249814
"MEMORY_ALLOCATION","MEMORY_ALLOCATION_ALLOCATE","Agent 2",16711680,"0x000074cb47000000",210,96035829234964,96035829615045
"MEMORY_ALLOCATION","MEMORY_ALLOCATION_ALLOCATE","Agent 2",20480,"0x000074cb90681000",212,96035830257289,96035830259613
"MEMORY_ALLOCATION","MEMORY_ALLOCATION_ALLOCATE","Agent 2",130560,"0x000074cb90686000",214,96035830654763,96035830656145
"MEMORY_ALLOCATION","MEMORY_ALLOCATION_ALLOCATE","Agent 2",20480,"0x000074cb906a6000",216,96035830935873,96035830936694
"MEMORY_ALLOCATION","MEMORY_ALLOCATION_ALLOCATE","Agent 2",130560,"0x000074cb906ab000",218,96035830984887,96035830985468
"MEMORY_ALLOCATION","MEMORY_ALLOCATION_ALLOCATE","Agent 2",20480,"0x000074cb906cb000",220,96035831036657,96035831037278
"MEMORY_ALLOCATION","MEMORY_ALLOCATION_ALLOCATE","Agent 2",256,"0x000074cb973ff000",222,96035831059921,96035831062606
"MEMORY_ALLOCATION","MEMORY_ALLOCATION_ALLOCATE","Agent 2",256,"0x000074cb906d0000",224,96035831147399,96035831148161
"MEMORY_ALLOCATION","MEMORY_ALLOCATION_ALLOCATE","Agent 2",163840,"0x000074cb906d1000",226,96035831247842,96035831248764
"MEMORY_ALLOCATION","MEMORY_ALLOCATION_ALLOCATE","Agent 2",512,"0x000074cb906f9000",228,96035831289843,96035831290384
"MEMORY_ALLOCATION","MEMORY_ALLOCATION_ALLOCATE","Agent 2",16711680,"0x000074caba400000",230,96035841072401,96035841207851
"MEMORY_ALLOCATION","MEMORY_ALLOCATION_ALLOCATE","Agent 2",20480,"0x000074cb906fa000",232,96035842035281,96035842036914
"MEMORY_ALLOCATION","MEMORY_ALLOCATION_ALLOCATE","Agent 2",47349760,"0x000074cab7400000",234,96035860220585,96035860392876
"MEMORY_ALLOCATION","MEMORY_ALLOCATION_ALLOCATE","Agent 2",20480,"0x000074cb906ff000",236,96035862257599,96035862259453
"MEMORY_ALLOCATION","MEMORY_ALLOCATION_ALLOCATE","Agent 2",47349760,"0x000074cab4400000",238,96035878347406,96035878565876
"MEMORY_ALLOCATION","MEMORY_ALLOCATION_ALLOCATE","Agent 2",20480,"0x000074cb90704000",240,96035880438394,96035880441039
"MEMORY_ALLOCATION","MEMORY_ALLOCATION_ALLOCATE","Agent 2",47349760,"0x000074cab1400000",242,96035897828931,96035898071918
"MEMORY_ALLOCATION","MEMORY_ALLOCATION_ALLOCATE","Agent 2",20480,"0x000074cb90709000",244,96035900109814,96035900112910
"MEMORY_ALLOCATION","MEMORY_ALLOCATION_ALLOCATE","Agent 2",27852800,"0x000074caaf600000",246,96035909472635,96035909608817
"MEMORY_ALLOCATION","MEMORY_ALLOCATION_ALLOCATE","Agent 2",20480,"0x000074cb9070e000",248,96035910787552,96035910790247
"MEMORY_ALLOCATION","MEMORY_ALLOCATION_ALLOCATE","Agent 2",16711680,"0x000074caae400000",250,96035916135618,96035916210512
"MEMORY_ALLOCATION","MEMORY_ALLOCATION_ALLOCATE","Agent 2",20480,"0x000074cb90713000",252,96035916993226,96035916995701
"MEMORY_ALLOCATION","MEMORY_ALLOCATION_ALLOCATE","Agent 2",130560,"0x000074cb90718000",254,96035917061828,96035917062850
"MEMORY_ALLOCATION","MEMORY_ALLOCATION_ALLOCATE","Agent 2",20480,"0x000074cb90738000",256,96035917111704,96035917112335
"MEMORY_ALLOCATION","MEMORY_ALLOCATION_ALLOCATE","Agent 2",130560,"0x000074cb9073d000",258,96035917407913,96035917409125
"MEMORY_ALLOCATION","MEMORY_ALLOCATION_ALLOCATE","Agent 2",20480,"0x000074cb9075d000",260,96035917526090,96035917526942
"MEMORY_ALLOCATION","MEMORY_ALLOCATION_ALLOCATE","Agent 2",256,"0x000074cb90762000",262,96035917554996,96035917555627
"MEMORY_ALLOCATION","MEMORY_ALLOCATION_ALLOCATE","Agent 2",256,"0x000074cb90763000",264,96035917640800,96035917641482
"MEMORY_ALLOCATION","MEMORY_ALLOCATION_ALLOCATE","Agent 2",163840,"0x000074cb90764000",266,96035917757515,96035917758537
"MEMORY_ALLOCATION","MEMORY_ALLOCATION_ALLOCATE","Agent 2",512,"0x000074cb9078c000",268,96035917798824,96035917799525
"MEMORY_ALLOCATION","MEMORY_ALLOCATION_ALLOCATE","Agent 2",16711680,"0x000074caad200000",270,96035924861115,96035925076458
"MEMORY_ALLOCATION","MEMORY_ALLOCATION_ALLOCATE","Agent 2",20480,"0x000074cb9078d000",272,96035925870494,96035925871666
"MEMORY_ALLOCATION","MEMORY_ALLOCATION_ALLOCATE","Agent 2",47349760,"0x000074caaa200000",274,96035943600052,96035943822049
"MEMORY_ALLOCATION","MEMORY_ALLOCATION_ALLOCATE","Agent 2",20480,"0x000074cb90792000",276,96035945688395,96035945690690
"MEMORY_ALLOCATION","MEMORY_ALLOCATION_ALLOCATE","Agent 2",47349760,"0x000074caa7200000",278,96035961597485,96035961742454
"MEMORY_ALLOCATION","MEMORY_ALLOCATION_ALLOCATE","Agent 2",20480,"0x000074cb90797000",280,96035963626925,96035963629780
"MEMORY_ALLOCATION","MEMORY_ALLOCATION_ALLOCATE","Agent 2",47349760,"0x000074caa4200000",282,96035979905104,96035980060022
"MEMORY_ALLOCATION","MEMORY_ALLOCATION_ALLOCATE","Agent 2",20480,"0x000074cb9079c000",284,96035982046930,96035982050306
"MEMORY_ALLOCATION","MEMORY_ALLOCATION_ALLOCATE","Agent 2",33423360,"0x000074caa2000000",286,96035992910545,96035993218927
"MEMORY_ALLOCATION","MEMORY_ALLOCATION_ALLOCATE","Agent 2",20480,"0x000074cb907a1000",288,96035994587607,96035994590052
"MEMORY_ALLOCATION","MEMORY_ALLOCATION_ALLOCATE","Agent 2",2785280,"0x000074cb88200000",290,96035996809266,96035997178696
"MEMORY_ALLOCATION","MEMORY_ALLOCATION_ALLOCATE","Agent 2",20480,"0x000074cb907a6000",292,96035997324356,96035997325769
"MEMORY_ALLOCATION","MEMORY_ALLOCATION_ALLOCATE","Agent 2",2785280,"0x000074caa1a00000",294,96035999117842,96035999193348
"MEMORY_ALLOCATION","MEMORY_ALLOCATION_ALLOCATE","Agent 2",20480,"0x000074cb907ab000",296,96035999496330,96035999498213
"MEMORY_ALLOCATION","MEMORY_ALLOCATION_ALLOCATE","Agent 2",16711680,"0x000074caa0800000",298,96036006291868,96036006368996
"MEMORY_ALLOCATION","MEMORY_ALLOCATION_ALLOCATE","Agent 2",1024,"0x000074cb907b0000",300,96036007153624,96036007154946
"MEMORY_ALLOCATION","MEMORY_ALLOCATION_ALLOCATE","Agent 2",1024,"0x000074cb907b1000",302,96036007222025,96036007224420
"MEMORY_ALLOCATION","MEMORY_ALLOCATION_ALLOCATE","Agent 2",20480,"0x000074cb907b2000",304,96036007422240,96036007423232
"MEMORY_ALLOCATION","MEMORY_ALLOCATION_ALLOCATE","Agent 2",47349760,"0x000074ca9d800000",306,96036026907421,96036027067339
"MEMORY_ALLOCATION","MEMORY_ALLOCATION_ALLOCATE","Agent 2",20480,"0x000074cb907b7000",308,96036028958843,96036028963212
"MEMORY_ALLOCATION","MEMORY_ALLOCATION_ALLOCATE","Agent 2",47349760,"0x000074ca9a800000",310,96036047744781,96036047906412
"MEMORY_ALLOCATION","MEMORY_ALLOCATION_ALLOCATE","Agent 2",20480,"0x000074cb907bc000",312,96036049807776,96036049811713
"MEMORY_ALLOCATION","MEMORY_ALLOCATION_ALLOCATE","Agent 2",47349760,"0x000074ca97800000",314,96036067223461,96036067360133
"MEMORY_ALLOCATION","MEMORY_ALLOCATION_ALLOCATE","Agent 2",20480,"0x000074cb907c1000",316,96036069377941,96036069381828
"MEMORY_ALLOCATION","MEMORY_ALLOCATION_ALLOCATE","Agent 2",27852800,"0x000074ca95a00000",318,96036078694743,96036078825024
"MEMORY_ALLOCATION","MEMORY_ALLOCATION_ALLOCATE","Agent 2",20480,"0x000074cb907c6000",320,96036080020110,96036080023196
"MEMORY_ALLOCATION","MEMORY_ALLOCATION_ALLOCATE","Agent 2",16711680,"0x000074ca94800000",322,96036085957599,96036086058974
"MEMORY_ALLOCATION","MEMORY_ALLOCATION_ALLOCATE","Agent 2",20480,"0x000074cb907cb000",324,96036086845115,96036086847960
"MEMORY_ALLOCATION","MEMORY_ALLOCATION_ALLOCATE","Agent 2",130560,"0x000074cb907d0000",326,96036086983320,96036086984973
"MEMORY_ALLOCATION","MEMORY_ALLOCATION_ALLOCATE","Agent 2",20480,"0x000074cb907f0000",328,96036087051742,96036087052693
"MEMORY_ALLOCATION","MEMORY_ALLOCATION_ALLOCATE","Agent 2",130560,"0x000074cb90200000",330,96036087155561,96036087354694
"MEMORY_ALLOCATION","MEMORY_ALLOCATION_ALLOCATE","Agent 2",20480,"0x000074cb907f5000",332,96036087415110,96036087416162
"MEMORY_ALLOCATION","MEMORY_ALLOCATION_ALLOCATE","Agent 2",256,"0x000074cb907fa000",334,96036087439356,96036087440158
"MEMORY_ALLOCATION","MEMORY_ALLOCATION_ALLOCATE","Agent 2",256,"0x000074cb907fb000",336,96036087526153,96036087527175
"MEMORY_ALLOCATION","MEMORY_ALLOCATION_ALLOCATE","Agent 2",163840,"0x000074cb90220000",338,96036087635052,96036087635824
"MEMORY_ALLOCATION","MEMORY_ALLOCATION_ALLOCATE","Agent 2",512,"0x000074cb907fc000",340,96036087676572,96036087677304
"MEMORY_ALLOCATION","MEMORY_ALLOCATION_ALLOCATE","Agent 2",16711680,"0x000074ca93600000",342,96036094080337,96036094148428
"MEMORY_ALLOCATION","MEMORY_ALLOCATION_ALLOCATE","Agent 2",20480,"0x000074cb90248000",344,96036094942344,96036094943155
"MEMORY_ALLOCATION","MEMORY_ALLOCATION_ALLOCATE","Agent 2",47349760,"0x000074ca90600000",346,96036112303694,96036112442902
"MEMORY_ALLOCATION","MEMORY_ALLOCATION_ALLOCATE","Agent 2",20480,"0x000074cb9024d000",348,96036114313707,96036114315119
"MEMORY_ALLOCATION","MEMORY_ALLOCATION_ALLOCATE","Agent 2",47349760,"0x000074ca8d600000",350,96036131493939,96036131671711
"MEMORY_ALLOCATION","MEMORY_ALLOCATION_ALLOCATE","Agent 2",20480,"0x000074cb90252000",352,96036133603593,96036133605587
"MEMORY_ALLOCATION","MEMORY_ALLOCATION_ALLOCATE","Agent 2",47349760,"0x000074ca89c00000",354,96036149610201,96036149758596
"MEMORY_ALLOCATION","MEMORY_ALLOCATION_ALLOCATE","Agent 2",20480,"0x000074cb90257000",356,96036151786803,96036151789699
"MEMORY_ALLOCATION","MEMORY_ALLOCATION_ALLOCATE","Agent 2",27852800,"0x000074ca87e00000",358,96036162365170,96036162497685
"MEMORY_ALLOCATION","MEMORY_ALLOCATION_ALLOCATE","Agent 2",20480,"0x000074cb9025c000",360,96036163673083,96036163675127
"MEMORY_ALLOCATION","MEMORY_ALLOCATION_ALLOCATE","Agent 2",16711680,"0x000074ca86c00000",362,96036169206396,96036169288243
"MEMORY_ALLOCATION","MEMORY_ALLOCATION_ALLOCATE","Agent 2",20480,"0x000074cb90261000",364,96036170073322,96036170075636
"MEMORY_ALLOCATION","MEMORY_ALLOCATION_ALLOCATE","Agent 2",130560,"0x000074cb90266000",366,96036170209313,96036170210355
"MEMORY_ALLOCATION","MEMORY_ALLOCATION_ALLOCATE","Agent 2",20480,"0x000074cb90286000",368,96036170258698,96036170259329
"MEMORY_ALLOCATION","MEMORY_ALLOCATION_ALLOCATE","Agent 2",130560,"0x000074cb9028b000",370,96036170390010,96036170390852
"MEMORY_ALLOCATION","MEMORY_ALLOCATION_ALLOCATE","Agent 2",20480,"0x000074cb902ab000",372,96036170446469,96036170447040
"MEMORY_ALLOCATION","MEMORY_ALLOCATION_ALLOCATE","Agent 2",256,"0x000074cb907fd000",374,96036170470074,96036170472519
"MEMORY_ALLOCATION","MEMORY_ALLOCATION_ALLOCATE","Agent 2",256,"0x000074cb907fe000",376,96036170558674,96036170560137
"MEMORY_ALLOCATION","MEMORY_ALLOCATION_ALLOCATE","Agent 2",163840,"0x000074cb902b0000",378,96036170671591,96036170673004
"MEMORY_ALLOCATION","MEMORY_ALLOCATION_ALLOCATE","Agent 2",512,"0x000074cb907ff000",380,96036170714143,96036170714854
"MEMORY_ALLOCATION","MEMORY_ALLOCATION_ALLOCATE","Agent 2",16711680,"0x000074ca85a00000",382,96036176325495,96036176399999
"MEMORY_ALLOCATION","MEMORY_ALLOCATION_ALLOCATE","Agent 2",20480,"0x000074cb902d8000",384,96036177198974,96036177200026
"MEMORY_ALLOCATION","MEMORY_ALLOCATION_ALLOCATE","Agent 2",47349760,"0x000074ca82a00000",386,96036193401378,96036193583297
"MEMORY_ALLOCATION","MEMORY_ALLOCATION_ALLOCATE","Agent 2",20480,"0x000074cb902dd000",388,96036195450946,96036195452619
"MEMORY_ALLOCATION","MEMORY_ALLOCATION_ALLOCATE","Agent 2",47349760,"0x000074ca7fa00000",390,96036214337307,96036214707408
"MEMORY_ALLOCATION","MEMORY_ALLOCATION_ALLOCATE","Agent 2",20480,"0x000074cb902e2000",392,96036216448674,96036216451850
"MEMORY_ALLOCATION","MEMORY_ALLOCATION_ALLOCATE","Agent 2",47349760,"0x000074ca7ca00000",394,96036233115370,96036233272111
"MEMORY_ALLOCATION","MEMORY_ALLOCATION_ALLOCATE","Agent 2",20480,"0x000074cb902e7000",396,96036235305989,96036235309867
"MEMORY_ALLOCATION","MEMORY_ALLOCATION_ALLOCATE","Agent 2",27852800,"0x000074ca7ac00000",398,96036246251352,96036246502344
"MEMORY_ALLOCATION","MEMORY_ALLOCATION_ALLOCATE","Agent 2",20480,"0x000074cb902ec000",400,96036247715405,96036247718080
"MEMORY_ALLOCATION","MEMORY_ALLOCATION_ALLOCATE","Agent 2",16711680,"0x000074ca79a00000",402,96036254341647,96036254425118
"MEMORY_ALLOCATION","MEMORY_ALLOCATION_ALLOCATE","Agent 2",20480,"0x000074cb902f1000",404,96036255287194,96036255289168
"MEMORY_ALLOCATION","MEMORY_ALLOCATION_ALLOCATE","Agent 2",130560,"0x000074cb902f6000",406,96036255448414,96036255449466
"MEMORY_ALLOCATION","MEMORY_ALLOCATION_ALLOCATE","Agent 2",20480,"0x000074cb90316000",408,96036255516635,96036255517677
"MEMORY_ALLOCATION","MEMORY_ALLOCATION_ALLOCATE","Agent 2",130560,"0x000074cb9031b000",410,96036255574757,96036255575749
"MEMORY_ALLOCATION","MEMORY_ALLOCATION_ALLOCATE","Agent 2",20480,"0x000074cb9033b000",412,96036255626446,96036255627298
"MEMORY_ALLOCATION","MEMORY_ALLOCATION_ALLOCATE","Agent 2",256,"0x000074cb90340000",414,96036255653248,96036255653899
"MEMORY_ALLOCATION","MEMORY_ALLOCATION_ALLOCATE","Agent 2",256,"0x000074cb90341000",416,96036255755324,96036255756296
"MEMORY_ALLOCATION","MEMORY_ALLOCATION_ALLOCATE","Agent 2",163840,"0x000074cb90342000",418,96036255890033,96036255891145
"MEMORY_ALLOCATION","MEMORY_ALLOCATION_ALLOCATE","Agent 2",512,"0x000074cb9036a000",420,96036255932575,96036255933556
"MEMORY_ALLOCATION","MEMORY_ALLOCATION_ALLOCATE","Agent 2",16711680,"0x000074ca78800000",422,96036263214848,96036263501809
"MEMORY_ALLOCATION","MEMORY_ALLOCATION_ALLOCATE","Agent 2",20480,"0x000074cb9036b000",424,96036264368364,96036264369627
"MEMORY_ALLOCATION","MEMORY_ALLOCATION_ALLOCATE","Agent 2",47349760,"0x000074ca75800000",426,96036281776545,96036281961490
"MEMORY_ALLOCATION","MEMORY_ALLOCATION_ALLOCATE","Agent 2",20480,"0x000074cb90370000",428,96036283897420,96036283901588
"MEMORY_ALLOCATION","MEMORY_ALLOCATION_ALLOCATE","Agent 2",47349760,"0x000074ca72800000",430,96036299990534,96036300262677
"MEMORY_ALLOCATION","MEMORY_ALLOCATION_ALLOCATE","Agent 2",20480,"0x000074cb90375000",432,96036302148851,96036302152218
"MEMORY_ALLOCATION","MEMORY_ALLOCATION_ALLOCATE","Agent 2",47349760,"0x000074ca6f800000",434,96036318413605,96036318598831
"MEMORY_ALLOCATION","MEMORY_ALLOCATION_ALLOCATE","Agent 2",20480,"0x000074cb9037a000",436,96036320642067,96036320646395
"MEMORY_ALLOCATION","MEMORY_ALLOCATION_ALLOCATE","Agent 2",33423360,"0x000074ca6d600000",438,96036331202970,96036331412062
"MEMORY_ALLOCATION","MEMORY_ALLOCATION_ALLOCATE","Agent 2",20480,"0x000074cb9037f000",440,96036332792144,96036332794819
"MEMORY_ALLOCATION","MEMORY_ALLOCATION_ALLOCATE","Agent 2",2785280,"0x000074ca6d000000",442,96036334977844,96036335073337
"MEMORY_ALLOCATION","MEMORY_ALLOCATION_ALLOCATE","Agent 2",20480,"0x000074cb90384000",444,96036335381570,96036335384335
"MEMORY_ALLOCATION","MEMORY_ALLOCATION_ALLOCATE","Agent 2",2785280,"0x000074ca6ca00000",446,96036337404297,96036337479321
"MEMORY_ALLOCATION","MEMORY_ALLOCATION_ALLOCATE","Agent 2",20480,"0x000074cb90389000",448,96036337788665,96036337790429
"MEMORY_ALLOCATION","MEMORY_ALLOCATION_ALLOCATE","Agent 2",16711680,"0x000074ca6b800000",450,96036344375773,96036344463992
"MEMORY_ALLOCATION","MEMORY_ALLOCATION_ALLOCATE","Agent 2",1024,"0x000074cb9038e000",452,96036345283557,96036345285962
"MEMORY_ALLOCATION","MEMORY_ALLOCATION_ALLOCATE","Agent 2",1024,"0x000074cb9038f000",454,96036345367548,96036345368721
"MEMORY_ALLOCATION","MEMORY_ALLOCATION_ALLOCATE","Agent 2",20480,"0x000074cb90390000",456,96036345607640,96036345609363
"MEMORY_ALLOCATION","MEMORY_ALLOCATION_ALLOCATE","Agent 2",47349760,"0x000074ca68800000",458,96036363982398,96036364226717
"MEMORY_ALLOCATION","MEMORY_ALLOCATION_ALLOCATE","Agent 2",20480,"0x000074cb90395000",460,96036366107471,96036366110046
"MEMORY_ALLOCATION","MEMORY_ALLOCATION_ALLOCATE","Agent 2",47349760,"0x000074ca65800000",462,96036381940285,96036382102807
"MEMORY_ALLOCATION","MEMORY_ALLOCATION_ALLOCATE","Agent 2",20480,"0x000074cb9039a000",464,96036383993480,96036383997638
"MEMORY_ALLOCATION","MEMORY_ALLOCATION_ALLOCATE","Agent 2",47349760,"0x000074ca62800000",466,96036400085522,96036400273593
"MEMORY_ALLOCATION","MEMORY_ALLOCATION_ALLOCATE","Agent 2",20480,"0x000074cb9039f000",468,96036402322530,96036402326027
"MEMORY_ALLOCATION","MEMORY_ALLOCATION_ALLOCATE","Agent 2",27852800,"0x000074ca60a00000",470,96036412165895,96036412244927
"MEMORY_ALLOCATION","MEMORY_ALLOCATION_ALLOCATE","Agent 2",20480,"0x000074cb903a4000",472,96036413418041,96036413421047
"MEMORY_ALLOCATION","MEMORY_ALLOCATION_ALLOCATE","Agent 2",16711680,"0x000074ca5f800000",474,96036421156481,96036421302902
"MEMORY_ALLOCATION","MEMORY_ALLOCATION_ALLOCATE","Agent 2",20480,"0x000074cb903a9000",476,96036422129140,96036422131865
"MEMORY_ALLOCATION","MEMORY_ALLOCATION_ALLOCATE","Agent 2",130560,"0x000074cb903ae000",478,96036422179326,96036422180779
"MEMORY_ALLOCATION","MEMORY_ALLOCATION_ALLOCATE","Agent 2",20480,"0x000074cb903ce000",480,96036422237408,96036422238299
"MEMORY_ALLOCATION","MEMORY_ALLOCATION_ALLOCATE","Agent 2",130560,"0x000074cb903d3000",482,96036422270271,96036422271293
"MEMORY_ALLOCATION","MEMORY_ALLOCATION_ALLOCATE","Agent 2",20480,"0x000074cb903f3000",484,96036422317662,96036422318473
"MEMORY_ALLOCATION","MEMORY_ALLOCATION_ALLOCATE","Agent 2",256,"0x000074cb903f8000",486,96036422341588,96036422342409
"MEMORY_ALLOCATION","MEMORY_ALLOCATION_ALLOCATE","Agent 2",256,"0x000074cb903f9000",488,96036422425699,96036422426661
"MEMORY_ALLOCATION","MEMORY_ALLOCATION_ALLOCATE","Agent 2",163840,"0x000074ca5f400000",490,96036422553375,96036422609523
"MEMORY_ALLOCATION","MEMORY_ALLOCATION_ALLOCATE","Agent 2",512,"0x000074cb903fa000",492,96036422666612,96036422667955
"MEMORY_ALLOCATION","MEMORY_ALLOCATION_ALLOCATE","Agent 2",16711680,"0x000074ca5e200000",494,96036428130191,96036428202179
"MEMORY_ALLOCATION","MEMORY_ALLOCATION_ALLOCATE","Agent 2",20480,"0x000074cb903fb000",496,96036428995404,96036428996596
"MEMORY_ALLOCATION","MEMORY_ALLOCATION_ALLOCATE","Agent 2",47349760,"0x000074ca5b200000",498,96036446852587,96036446997185
"MEMORY_ALLOCATION","MEMORY_ALLOCATION_ALLOCATE","Agent 2",20480,"0x000074ca5f428000",500,96036448870785,96036448872348
"MEMORY_ALLOCATION","MEMORY_ALLOCATION_ALLOCATE","Agent 2",47349760,"0x000074ca58200000",502,96036465524987,96036465677400
"MEMORY_ALLOCATION","MEMORY_ALLOCATION_ALLOCATE","Agent 2",20480,"0x000074ca5f42d000",504,96036467553044,96036467554527
"MEMORY_ALLOCATION","MEMORY_ALLOCATION_ALLOCATE","Agent 2",47349760,"0x000074ca55200000",506,96036485185786,96036485339471
"MEMORY_ALLOCATION","MEMORY_ALLOCATION_ALLOCATE","Agent 2",20480,"0x000074ca5f432000",508,96036487335086,96036487337541
"MEMORY_ALLOCATION","MEMORY_ALLOCATION_ALLOCATE","Agent 2",27852800,"0x000074ca53400000",510,96036499123849,96036499253488
"MEMORY_ALLOCATION","MEMORY_ALLOCATION_ALLOCATE","Agent 2",20480,"0x000074ca5f437000",512,96036500427073,96036500428386
"MEMORY_ALLOCATION","MEMORY_ALLOCATION_ALLOCATE","Agent 2",16711680,"0x000074ca52200000",514,96036506603111,96036506676462
"MEMORY_ALLOCATION","MEMORY_ALLOCATION_ALLOCATE","Agent 2",20480,"0x000074ca5f43c000",516,96036507462482,96036507464566
"MEMORY_ALLOCATION","MEMORY_ALLOCATION_ALLOCATE","Agent 2",130560,"0x000074ca5f441000",518,96036507602251,96036507603443
"MEMORY_ALLOCATION","MEMORY_ALLOCATION_ALLOCATE","Agent 2",20480,"0x000074ca5f461000",520,96036507651736,96036507652477
"MEMORY_ALLOCATION","MEMORY_ALLOCATION_ALLOCATE","Agent 2",130560,"0x000074ca5f466000",522,96036507681172,96036507681794
"MEMORY_ALLOCATION","MEMORY_ALLOCATION_ALLOCATE","Agent 2",20480,"0x000074ca5f486000",524,96036507741779,96036507742791
"MEMORY_ALLOCATION","MEMORY_ALLOCATION_ALLOCATE","Agent 2",256,"0x000074ca5f48b000",526,96036507765524,96036507766065
"MEMORY_ALLOCATION","MEMORY_ALLOCATION_ALLOCATE","Agent 2",256,"0x000074ca5f48c000",528,96036507850107,96036507851009
"MEMORY_ALLOCATION","MEMORY_ALLOCATION_ALLOCATE","Agent 2",163840,"0x000074ca5f48d000",530,96036507962783,96036507963485
"MEMORY_ALLOCATION","MEMORY_ALLOCATION_ALLOCATE","Agent 2",512,"0x000074ca5f4b5000",532,96036508023690,96036508024632
"MEMORY_ALLOCATION","MEMORY_ALLOCATION_ALLOCATE","Agent 2",16711680,"0x000074ca51000000",534,96036513738792,96036513811191
"MEMORY_ALLOCATION","MEMORY_ALLOCATION_ALLOCATE","Agent 2",20480,"0x000074ca5f4b6000",536,96036514610708,96036514612030
"MEMORY_ALLOCATION","MEMORY_ALLOCATION_ALLOCATE","Agent 2",47349760,"0x000074ca4e000000",538,96036534298148,96036534486109
"MEMORY_ALLOCATION","MEMORY_ALLOCATION_ALLOCATE","Agent 2",20480,"0x000074ca5f4bb000",540,96036536409916,96036536413152
"MEMORY_ALLOCATION","MEMORY_ALLOCATION_ALLOCATE","Agent 2",47349760,"0x000074ca4b000000",542,96036554098906,96036554264965
"MEMORY_ALLOCATION","MEMORY_ALLOCATION_ALLOCATE","Agent 2",20480,"0x000074ca5f4c0000",544,96036556169395,96036556172581
"MEMORY_ALLOCATION","MEMORY_ALLOCATION_ALLOCATE","Agent 2",47349760,"0x000074ca48000000",546,96036575841406,96036576060046
"MEMORY_ALLOCATION","MEMORY_ALLOCATION_ALLOCATE","Agent 2",20480,"0x000074ca5f4c5000",548,96036578105456,96036578108452
"MEMORY_ALLOCATION","MEMORY_ALLOCATION_ALLOCATE","Agent 2",27852800,"0x000074ca46200000",550,96036587167068,96036587311496
"MEMORY_ALLOCATION","MEMORY_ALLOCATION_ALLOCATE","Agent 2",20480,"0x000074ca5f4ca000",552,96036588491734,96036588494068
"MEMORY_ALLOCATION","MEMORY_ALLOCATION_ALLOCATE","Agent 2",16711680,"0x000074ca45000000",554,96036595593771,96036595678464
"MEMORY_ALLOCATION","MEMORY_ALLOCATION_ALLOCATE","Agent 2",20480,"0x000074ca5f4cf000",556,96036596471357,96036596473261
"MEMORY_ALLOCATION","MEMORY_ALLOCATION_ALLOCATE","Agent 2",130560,"0x000074ca5f4d4000",558,96036596635262,96036596637176
"MEMORY_ALLOCATION","MEMORY_ALLOCATION_ALLOCATE","Agent 2",20480,"0x000074ca5f4f4000",560,96036596689737,96036596690769
"MEMORY_ALLOCATION","MEMORY_ALLOCATION_ALLOCATE","Agent 2",130560,"0x000074ca5f4f9000",562,96036596751896,96036596752928
"MEMORY_ALLOCATION","MEMORY_ALLOCATION_ALLOCATE","Agent 2",20480,"0x000074ca5f519000",564,96036596804788,96036596805609
"MEMORY_ALLOCATION","MEMORY_ALLOCATION_ALLOCATE","Agent 2",256,"0x000074ca5f51e000",566,96036596830056,96036596830778
"MEMORY_ALLOCATION","MEMORY_ALLOCATION_ALLOCATE","Agent 2",256,"0x000074ca5f51f000",568,96036596910501,96036596911613
"MEMORY_ALLOCATION","MEMORY_ALLOCATION_ALLOCATE","Agent 2",163840,"0x000074ca5f520000",570,96036597052764,96036597053826
"MEMORY_ALLOCATION","MEMORY_ALLOCATION_ALLOCATE","Agent 2",512,"0x000074ca5f548000",572,96036597096699,96036597097610
"MEMORY_ALLOCATION","MEMORY_ALLOCATION_ALLOCATE","Agent 2",16711680,"0x000074ca43e00000",574,96036602920379,96036603016704
"MEMORY_ALLOCATION","MEMORY_ALLOCATION_ALLOCATE","Agent 2",20480,"0x000074ca5f549000",576,96036603816722,96036603818235
"MEMORY_ALLOCATION","MEMORY_ALLOCATION_ALLOCATE","Agent 2",47349760,"0x000074ca40e00000",578,96036619711244,96036619855872
"MEMORY_ALLOCATION","MEMORY_ALLOCATION_ALLOCATE","Agent 2",20480,"0x000074ca5f54e000",580,96036621728400,96036621731025
"MEMORY_ALLOCATION","MEMORY_ALLOCATION_ALLOCATE","Agent 2",47349760,"0x000074ca3de00000",582,96036640436438,96036640798744
"MEMORY_ALLOCATION","MEMORY_ALLOCATION_ALLOCATE","Agent 2",20480,"0x000074ca5f553000",584,96036642554679,96036642558746
"MEMORY_ALLOCATION","MEMORY_ALLOCATION_ALLOCATE","Agent 2",47349760,"0x000074ca3ae00000",586,96036658702167,96036659078781
"MEMORY_ALLOCATION","MEMORY_ALLOCATION_ALLOCATE","Agent 2",20480,"0x000074ca5f558000",588,96036661141474,96036661146033
"MEMORY_ALLOCATION","MEMORY_ALLOCATION_ALLOCATE","Agent 2",33423360,"0x000074ca38c00000",590,96036672519928,96036672672361
"MEMORY_ALLOCATION","MEMORY_ALLOCATION_ALLOCATE","Agent 2",20480,"0x000074ca5f55d000",592,96036674050249,96036674052944
"MEMORY_ALLOCATION","MEMORY_ALLOCATION_ALLOCATE","Agent 2",2785280,"0x000074ca38600000",594,96036676339618,96036676428429
"MEMORY_ALLOCATION","MEMORY_ALLOCATION_ALLOCATE","Agent 2",20480,"0x000074ca5f562000",596,96036676736010,96036676738194
"MEMORY_ALLOCATION","MEMORY_ALLOCATION_ALLOCATE","Agent 2",2785280,"0x000074ca38000000",598,96036678581716,96036678652723
"MEMORY_ALLOCATION","MEMORY_ALLOCATION_ALLOCATE","Agent 2",20480,"0x000074ca5f567000",600,96036678975854,96036678977347
"MEMORY_ALLOCATION","MEMORY_ALLOCATION_ALLOCATE","Agent 2",16711680,"0x000074ca36e00000",602,96036688848244,96036689076503
"MEMORY_ALLOCATION","MEMORY_ALLOCATION_ALLOCATE","Agent 2",1024,"0x000074ca5f56c000",604,96036689867763,96036689869567
"MEMORY_ALLOCATION","MEMORY_ALLOCATION_ALLOCATE","Agent 2",1024,"0x000074ca5f56d000",606,96036689958748,96036689960221
"MEMORY_ALLOCATION","MEMORY_ALLOCATION_ALLOCATE","Agent 2",20480,"0x000074ca5f56e000",608,96036690184872,96036690186235
"MEMORY_ALLOCATION","MEMORY_ALLOCATION_ALLOCATE","Agent 2",47349760,"0x000074ca33e00000",610,96036706129391,96036706319045
"MEMORY_ALLOCATION","MEMORY_ALLOCATION_ALLOCATE","Agent 2",20480,"0x000074ca5f573000",612,96036708201222,96036708203847
"MEMORY_ALLOCATION","MEMORY_ALLOCATION_ALLOCATE","Agent 2",47349760,"0x000074ca30e00000",614,96036733189738,96036733348343
"MEMORY_ALLOCATION","MEMORY_ALLOCATION_ALLOCATE","Agent 2",20480,"0x000074ca5f578000",616,96036735574391,96036735578689
"MEMORY_ALLOCATION","MEMORY_ALLOCATION_ALLOCATE","Agent 2",47349760,"0x000074ca2de00000",618,96036752418538,96036752610677
"MEMORY_ALLOCATION","MEMORY_ALLOCATION_ALLOCATE","Agent 2",20480,"0x000074ca5f57d000",620,96036754649805,96036754654705
"MEMORY_ALLOCATION","MEMORY_ALLOCATION_ALLOCATE","Agent 2",27852800,"0x000074ca2c000000",622,96036763604642,96036763727869
"MEMORY_ALLOCATION","MEMORY_ALLOCATION_ALLOCATE","Agent 2",20480,"0x000074ca5f582000",624,96036764905913,96036764907686
"MEMORY_ALLOCATION","MEMORY_ALLOCATION_ALLOCATE","Agent 2",16711680,"0x000074ca2ae00000",626,96036772977673,96036773114276
"MEMORY_ALLOCATION","MEMORY_ALLOCATION_ALLOCATE","Agent 2",20480,"0x000074ca5f587000",628,96036773909914,96036773911728
"MEMORY_ALLOCATION","MEMORY_ALLOCATION_ALLOCATE","Agent 2",130560,"0x000074ca5f58c000",630,96036773947166,96036773948348
"MEMORY_ALLOCATION","MEMORY_ALLOCATION_ALLOCATE","Agent 2",20480,"0x000074ca5f5ac000",632,96036774019144,96036774020276
"MEMORY_ALLOCATION","MEMORY_ALLOCATION_ALLOCATE","Agent 2",130560,"0x000074ca5f5b1000",634,96036774055364,96036774056296
"MEMORY_ALLOCATION","MEMORY_ALLOCATION_ALLOCATE","Agent 2",20480,"0x000074ca5f5d1000",636,96036774102935,96036774103837
"MEMORY_ALLOCATION","MEMORY_ALLOCATION_ALLOCATE","Agent 2",256,"0x000074ca5f5d6000",638,96036774126400,96036774127122
"MEMORY_ALLOCATION","MEMORY_ALLOCATION_ALLOCATE","Agent 2",256,"0x000074ca5f5d7000",640,96036774218868,96036774220110
"MEMORY_ALLOCATION","MEMORY_ALLOCATION_ALLOCATE","Agent 2",163840,"0x000074ca5f5d8000",642,96036774342666,96036774343678
"MEMORY_ALLOCATION","MEMORY_ALLOCATION_ALLOCATE","Agent 2",512,"0x000074ca2aa00000",644,96036774384597,96036774425906
"MEMORY_ALLOCATION","MEMORY_ALLOCATION_ALLOCATE","Agent 2",16711680,"0x000074ca29800000",646,96036780514906,96036780588868
"MEMORY_ALLOCATION","MEMORY_ALLOCATION_ALLOCATE","Agent 2",20480,"0x000074ca2aa01000",648,96036781392963,96036781394166
"MEMORY_ALLOCATION","MEMORY_ALLOCATION_ALLOCATE","Agent 2",47349760,"0x000074ca26800000",650,96036797393459,96036797545091
"MEMORY_ALLOCATION","MEMORY_ALLOCATION_ALLOCATE","Agent 2",20480,"0x000074ca2aa06000",652,96036799430173,96036799431656
"MEMORY_ALLOCATION","MEMORY_ALLOCATION_ALLOCATE","Agent 2",47349760,"0x000074ca23800000",654,96036817056633,96036817221680
"MEMORY_ALLOCATION","MEMORY_ALLOCATION_ALLOCATE","Agent 2",20480,"0x000074ca2aa0b000",656,96036819124366,96036819126030
"MEMORY_ALLOCATION","MEMORY_ALLOCATION_ALLOCATE","Agent 2",47349760,"0x000074ca20800000",658,96036838782150,96036839102886
"MEMORY_ALLOCATION","MEMORY_ALLOCATION_ALLOCATE","Agent 2",20480,"0x000074ca2aa10000",660,96036841120002,96036841122397
"MEMORY_ALLOCATION","MEMORY_ALLOCATION_ALLOCATE","Agent 2",27852800,"0x000074ca1ea00000",662,96036849910654,96036850069038
"MEMORY_ALLOCATION","MEMORY_ALLOCATION_ALLOCATE","Agent 2",20480,"0x000074ca2aa15000",664,96036851254496,96036851256139
"MEMORY_ALLOCATION","MEMORY_ALLOCATION_ALLOCATE","Agent 2",16711680,"0x000074ca1d800000",666,96036857161517,96036857246089
"MEMORY_ALLOCATION","MEMORY_ALLOCATION_ALLOCATE","Agent 2",20480,"0x000074ca2aa1a000",668,96036858042028,96036858043622
"MEMORY_ALLOCATION","MEMORY_ALLOCATION_ALLOCATE","Agent 2",130560,"0x000074ca2aa1f000",670,96036858082035,96036858083007
"MEMORY_ALLOCATION","MEMORY_ALLOCATION_ALLOCATE","Agent 2",20480,"0x000074ca2aa3f000",672,96036858130108,96036858131260
"MEMORY_ALLOCATION","MEMORY_ALLOCATION_ALLOCATE","Agent 2",130560,"0x000074ca2aa44000",674,96036858161618,96036858162380
"MEMORY_ALLOCATION","MEMORY_ALLOCATION_ALLOCATE","Agent 2",20480,"0x000074ca2aa64000",676,96036858207627,96036858208448
"MEMORY_ALLOCATION","MEMORY_ALLOCATION_ALLOCATE","Agent 2",256,"0x000074ca2aa69000",678,96036858237203,96036858237895
"MEMORY_ALLOCATION","MEMORY_ALLOCATION_ALLOCATE","Agent 2",256,"0x000074ca2aa6a000",680,96036858314622,96036858315674
"MEMORY_ALLOCATION","MEMORY_ALLOCATION_ALLOCATE","Agent 2",163840,"0x000074ca2aa6b000",682,96036858439071,96036858440053
"MEMORY_ALLOCATION","MEMORY_ALLOCATION_ALLOCATE","Agent 2",512,"0x000074ca2aa93000",684,96036858485310,96036858486252
"MEMORY_ALLOCATION","MEMORY_ALLOCATION_ALLOCATE","Agent 2",16711680,"0x000074ca1c600000",686,96036863899374,96036863982033
"MEMORY_ALLOCATION","MEMORY_ALLOCATION_ALLOCATE","Agent 2",20480,"0x000074ca2aa94000",688,96036864795405,96036864797830
"MEMORY_ALLOCATION","MEMORY_ALLOCATION_ALLOCATE","Agent 2",47349760,"0x000074ca19600000",690,96036881157246,96036881343844
"MEMORY_ALLOCATION","MEMORY_ALLOCATION_ALLOCATE","Agent 2",20480,"0x000074ca2aa99000",692,96036883257822,96036883261148
"MEMORY_ALLOCATION","MEMORY_ALLOCATION_ALLOCATE","Agent 2",47349760,"0x000074ca16600000",694,96036902628724,96036902858486
"MEMORY_ALLOCATION","MEMORY_ALLOCATION_ALLOCATE","Agent 2",20480,"0x000074ca2aa9e000",696,96036904742626,96036904745572
"MEMORY_ALLOCATION","MEMORY_ALLOCATION_ALLOCATE","Agent 2",47349760,"0x000074ca13600000",698,96036922089499,96036922260738
"MEMORY_ALLOCATION","MEMORY_ALLOCATION_ALLOCATE","Agent 2",20480,"0x000074ca2aaa3000",700,96036924269117,96036924273045
"MEMORY_ALLOCATION","MEMORY_ALLOCATION_ALLOCATE","Agent 2",27852800,"0x000074ca11800000",702,96036934689320,96036934868134
"MEMORY_ALLOCATION","MEMORY_ALLOCATION_ALLOCATE","Agent 2",20480,"0x000074ca2aaa8000",704,96036936102506,96036936104620
"MEMORY_ALLOCATION","MEMORY_ALLOCATION_ALLOCATE","Agent 2",16711680,"0x000074ca10600000",706,96036942391400,96036942484950
"MEMORY_ALLOCATION","MEMORY_ALLOCATION_ALLOCATE","Agent 2",20480,"0x000074ca2aaad000",708,96036943290618,96036943293063
"MEMORY_ALLOCATION","MEMORY_ALLOCATION_ALLOCATE","Agent 2",130560,"0x000074ca2aab2000",710,96036943457028,96036943458380
"MEMORY_ALLOCATION","MEMORY_ALLOCATION_ALLOCATE","Agent 2",20480,"0x000074ca2aad2000",712,96036943512144,96036943513456
"MEMORY_ALLOCATION","MEMORY_ALLOCATION_ALLOCATE","Agent 2",130560,"0x000074ca2aad7000",714,96036943611695,96036943612737
"MEMORY_ALLOCATION","MEMORY_ALLOCATION_ALLOCATE","Agent 2",20480,"0x000074ca2aaf7000",716,96036943670458,96036943671360
"MEMORY_ALLOCATION","MEMORY_ALLOCATION_ALLOCATE","Agent 2",256,"0x000074ca2aafc000",718,96036943696799,96036943697430
"MEMORY_ALLOCATION","MEMORY_ALLOCATION_ALLOCATE","Agent 2",256,"0x000074ca2aafd000",720,96036943784066,96036943785289
"MEMORY_ALLOCATION","MEMORY_ALLOCATION_ALLOCATE","Agent 2",163840,"0x000074ca2aafe000",722,96036943905079,96036943906141
"MEMORY_ALLOCATION","MEMORY_ALLOCATION_ALLOCATE","Agent 2",512,"0x000074ca2ab26000",724,96036943948282,96036943949123
"MEMORY_ALLOCATION","MEMORY_ALLOCATION_ALLOCATE","Agent 2",16711680,"0x000074ca0f400000",726,96036950868299,96036951118910
"MEMORY_ALLOCATION","MEMORY_ALLOCATION_ALLOCATE","Agent 2",20480,"0x000074ca2ab27000",728,96036951948034,96036951949376
"MEMORY_ALLOCATION","MEMORY_ALLOCATION_ALLOCATE","Agent 2",47349760,"0x000074ca0c400000",730,96036968111643,96036968277842
"MEMORY_ALLOCATION","MEMORY_ALLOCATION_ALLOCATE","Agent 2",20480,"0x000074ca2ab2c000",732,96036970164868,96036970167243
"MEMORY_ALLOCATION","MEMORY_ALLOCATION_ALLOCATE","Agent 2",47349760,"0x000074ca09400000",734,96036989970546,96036990155511
"MEMORY_ALLOCATION","MEMORY_ALLOCATION_ALLOCATE","Agent 2",20480,"0x000074ca2ab31000",736,96036992065542,96036992068207
"MEMORY_ALLOCATION","MEMORY_ALLOCATION_ALLOCATE","Agent 2",47349760,"0x000074ca06400000",738,96037010292836,96037010452533
"MEMORY_ALLOCATION","MEMORY_ALLOCATION_ALLOCATE","Agent 2",20480,"0x000074ca2ab36000",740,96037012494437,96037012497873
"MEMORY_ALLOCATION","MEMORY_ALLOCATION_ALLOCATE","Agent 2",33423360,"0x000074ca04200000",742,96037023085277,96037023330759
"MEMORY_ALLOCATION","MEMORY_ALLOCATION_ALLOCATE","Agent 2",20480,"0x000074ca2ab3b000",744,96037024739807,96037024742692
"MEMORY_ALLOCATION","MEMORY_ALLOCATION_ALLOCATE","Agent 2",2785280,"0x000074ca03c00000",746,96037027101194,96037027209162
"MEMORY_ALLOCATION","MEMORY_ALLOCATION_ALLOCATE","Agent 2",20480,"0x000074ca2ab40000",748,96037027519388,96037027521572
"MEMORY_ALLOCATION","MEMORY_ALLOCATION_ALLOCATE","Agent 2",2785280,"0x000074ca03600000",750,96037029548377,96037029631496
"MEMORY_ALLOCATION","MEMORY_ALLOCATION_ALLOCATE","Agent 2",20480,"0x000074ca2ab45000",752,96037029941272,96037029943025
"MEMORY_ALLOCATION","MEMORY_ALLOCATION_ALLOCATE","Agent 2",16711680,"0x000074ca02400000",754,96037036118361,96037036214316
"MEMORY_ALLOCATION","MEMORY_ALLOCATION_ALLOCATE","Agent 2",1024,"0x000074ca2ab4a000",756,96037037071353,96037037073346
"MEMORY_ALLOCATION","MEMORY_ALLOCATION_ALLOCATE","Agent 2",1024,"0x000074ca2ab4b000",758,96037037163259,96037037164461
"MEMORY_ALLOCATION","MEMORY_ALLOCATION_ALLOCATE","Agent 2",20480,"0x000074ca2ab4c000",760,96037037384444,96037037385997
"MEMORY_ALLOCATION","MEMORY_ALLOCATION_ALLOCATE","Agent 2",47349760,"0x000074c9ff400000",762,96037054430539,96037054827472
"MEMORY_ALLOCATION","MEMORY_ALLOCATION_ALLOCATE","Agent 2",20480,"0x000074ca2ab51000",764,96037056561023,96037056564029
"MEMORY_ALLOCATION","MEMORY_ALLOCATION_ALLOCATE","Agent 2",47349760,"0x000074c9fc400000",766,96037072841136,96037073023917
"MEMORY_ALLOCATION","MEMORY_ALLOCATION_ALLOCATE","Agent 2",20480,"0x000074ca2ab56000",768,96037074912606,96037074916103
"MEMORY_ALLOCATION","MEMORY_ALLOCATION_ALLOCATE","Agent 2",47349760,"0x000074c9f9400000",770,96037092343942,96037092514099
"MEMORY_ALLOCATION","MEMORY_ALLOCATION_ALLOCATE","Agent 2",20480,"0x000074ca2ab5b000",772,96037094561803,96037094565340
"MEMORY_ALLOCATION","MEMORY_ALLOCATION_ALLOCATE","Agent 2",27852800,"0x000074c9f7600000",774,96037106104573,96037106247478
"MEMORY_ALLOCATION","MEMORY_ALLOCATION_ALLOCATE","Agent 2",20480,"0x000074ca2ab60000",776,96037107436092,96037107438497
"MEMORY_ALLOCATION","MEMORY_ALLOCATION_ALLOCATE","Agent 2",16711680,"0x000074c9f6400000",778,96037112789018,96037112891835
"MEMORY_ALLOCATION","MEMORY_ALLOCATION_ALLOCATE","Agent 2",20480,"0x000074ca2ab65000",780,96037113712653,96037113715849
"MEMORY_ALLOCATION","MEMORY_ALLOCATION_ALLOCATE","Agent 2",130560,"0x000074ca2ab6a000",782,96037113755675,96037113757168
"MEMORY_ALLOCATION","MEMORY_ALLOCATION_ALLOCATE","Agent 2",20480,"0x000074ca2ab8a000",784,96037113813727,96037113814609
"MEMORY_ALLOCATION","MEMORY_ALLOCATION_ALLOCATE","Agent 2",130560,"0x000074ca2ab8f000",786,96037113846831,96037113847853
"MEMORY_ALLOCATION","MEMORY_ALLOCATION_ALLOCATE","Agent 2",20480,"0x000074ca2abaf000",788,96037113894161,96037113895043
"MEMORY_ALLOCATION","MEMORY_ALLOCATION_ALLOCATE","Agent 2",256,"0x000074ca2abb4000",790,96037113919951,96037113920713
"MEMORY_ALLOCATION","MEMORY_ALLOCATION_ALLOCATE","Agent 2",256,"0x000074ca2abb5000",792,96037113998672,96037113999804
"MEMORY_ALLOCATION","MEMORY_ALLOCATION_ALLOCATE","Agent 2",163840,"0x000074ca2abb6000",794,96037114141437,96037114142739
"MEMORY_ALLOCATION","MEMORY_ALLOCATION_ALLOCATE","Agent 2",512,"0x000074ca2abde000",796,96037114200230,96037114201061
"MEMORY_ALLOCATION","MEMORY_ALLOCATION_ALLOCATE","Agent 2",16711680,"0x000074c9f5200000",798,96037119751487,96037119845387
"MEMORY_ALLOCATION","MEMORY_ALLOCATION_ALLOCATE","Agent 2",20480,"0x000074ca2abdf000",800,96037120665453,96037120666976
"MEMORY_ALLOCATION","MEMORY_ALLOCATION_ALLOCATE","Agent 2",47349760,"0x000074c9f2200000",802,96037139920843,96037140102412
"MEMORY_ALLOCATION","MEMORY_ALLOCATION_ALLOCATE","Agent 2",20480,"0x000074ca2abe4000",804,96037141973167,96037141975221
"MEMORY_ALLOCATION","MEMORY_ALLOCATION_ALLOCATE","Agent 2",47349760,"0x000074c9ef200000",806,96037160301977,96037160539393
"MEMORY_ALLOCATION","MEMORY_ALLOCATION_ALLOCATE","Agent 2",20480,"0x000074ca2abe9000",808,96037162425737,96037162429655
"MEMORY_ALLOCATION","MEMORY_ALLOCATION_ALLOCATE","Agent 2",47349760,"0x000074c9ec200000",810,96037182998700,96037183182212
"MEMORY_ALLOCATION","MEMORY_ALLOCATION_ALLOCATE","Agent 2",20480,"0x000074ca2abee000",812,96037185186413,96037185190431
"MEMORY_ALLOCATION","MEMORY_ALLOCATION_ALLOCATE","Agent 2",27852800,"0x000074c9ea400000",814,96037194315706,96037194536710
"MEMORY_ALLOCATION","MEMORY_ALLOCATION_ALLOCATE","Agent 2",20480,"0x000074ca2abf3000",816,96037195728561,96037195731586
"MEMORY_ALLOCATION","MEMORY_ALLOCATION_ALLOCATE","Agent 2",16711680,"0x000074c9e9200000",818,96037204317134,96037204531005
"MEMORY_ALLOCATION","MEMORY_ALLOCATION_ALLOCATE","Agent 2",20480,"0x000074ca2abf8000",820,96037205333798,96037205336914
"MEMORY_ALLOCATION","MEMORY_ALLOCATION_ALLOCATE","Agent 2",130560,"0x000074c9e8e00000",822,96037205502772,96037205574250
"MEMORY_ALLOCATION","MEMORY_ALLOCATION_ALLOCATE","Agent 2",20480,"0x000074c9e8e20000",824,96037205632752,96037205633864
"MEMORY_ALLOCATION","MEMORY_ALLOCATION_ALLOCATE","Agent 2",130560,"0x000074c9e8e25000",826,96037205665605,96037205666968
"MEMORY_ALLOCATION","MEMORY_ALLOCATION_ALLOCATE","Agent 2",20480,"0x000074c9e8e45000",828,96037205743876,96037205744908
"MEMORY_ALLOCATION","MEMORY_ALLOCATION_ALLOCATE","Agent 2",256,"0x000074ca2abfd000",830,96037205770076,96037205771609
"MEMORY_ALLOCATION","MEMORY_ALLOCATION_ALLOCATE","Agent 2",256,"0x000074ca2abfe000",832,96037205857564,96037205858716
"MEMORY_ALLOCATION","MEMORY_ALLOCATION_ALLOCATE","Agent 2",163840,"0x000074c9e8e4a000",834,96037205977414,96037205978797
"MEMORY_ALLOCATION","MEMORY_ALLOCATION_ALLOCATE","Agent 2",512,"0x000074ca2abff000",836,96037206060213,96037206061346
"MEMORY_ALLOCATION","MEMORY_ALLOCATION_ALLOCATE","Agent 2",16711680,"0x000074c9e7c00000",838,96037211755096,96037211836834
"MEMORY_ALLOCATION","MEMORY_ALLOCATION_ALLOCATE","Agent 2",20480,"0x000074c9e8e72000",840,96037212639997,96037212641400
"MEMORY_ALLOCATION","MEMORY_ALLOCATION_ALLOCATE","Agent 2",47349760,"0x000074c9e4c00000",842,96037230224286,96037230395345
"MEMORY_ALLOCATION","MEMORY_ALLOCATION_ALLOCATE","Agent 2",20480,"0x000074c9e8e77000",844,96037232280357,96037232283062
"MEMORY_ALLOCATION","MEMORY_ALLOCATION_ALLOCATE","Agent 2",47349760,"0x000074c9e1c00000",846,96037249708686,96037249851080
"MEMORY_ALLOCATION","MEMORY_ALLOCATION_ALLOCATE","Agent 2",20480,"0x000074c9e8e7c000",848,96037251738116,96037251740400
"MEMORY_ALLOCATION","MEMORY_ALLOCATION_ALLOCATE","Agent 2",47349760,"0x000074c9dec00000",850,96037267831340,96037268168608
"MEMORY_ALLOCATION","MEMORY_ALLOCATION_ALLOCATE","Agent 2",20480,"0x000074c9e8e81000",852,96037270195483,96037270198539
"MEMORY_ALLOCATION","MEMORY_ALLOCATION_ALLOCATE","Agent 2",27852800,"0x000074c9dce00000",854,96037279207520,96037279347870
"MEMORY_ALLOCATION","MEMORY_ALLOCATION_ALLOCATE","Agent 2",20480,"0x000074c9e8e86000",856,96037280528699,96037280530572
"MEMORY_ALLOCATION","MEMORY_ALLOCATION_ALLOCATE","Agent 2",16711680,"0x000074c9dbc00000",858,96037285831809,96037285911121
"MEMORY_ALLOCATION","MEMORY_ALLOCATION_ALLOCATE","Agent 2",20480,"0x000074c9e8e8b000",860,96037286700849,96037286703053
"MEMORY_ALLOCATION","MEMORY_ALLOCATION_ALLOCATE","Agent 2",130560,"0x000074c9e8e90000",862,96037286862940,96037286864012
"MEMORY_ALLOCATION","MEMORY_ALLOCATION_ALLOCATE","Agent 2",20480,"0x000074c9e8eb0000",864,96037286916644,96037286917836
"MEMORY_ALLOCATION","MEMORY_ALLOCATION_ALLOCATE","Agent 2",130560,"0x000074c9e8eb5000",866,96037287028168,96037287029731
"MEMORY_ALLOCATION","MEMORY_ALLOCATION_ALLOCATE","Agent 2",20480,"0x000074c9e8ed5000",868,96037287084957,96037287085979
"MEMORY_ALLOCATION","MEMORY_ALLOCATION_ALLOCATE","Agent 2",256,"0x000074c9e8eda000",870,96037287110206,96037287110957
"MEMORY_ALLOCATION","MEMORY_ALLOCATION_ALLOCATE","Agent 2",256,"0x000074c9e8edb000",872,96037287193375,96037287194467
"MEMORY_ALLOCATION","MEMORY_ALLOCATION_ALLOCATE","Agent 2",163840,"0x000074c9e8edc000",874,96037287329687,96037287330769
"MEMORY_ALLOCATION","MEMORY_ALLOCATION_ALLOCATE","Agent 2",512,"0x000074c9e8f04000",876,96037287372910,96037287374163
"MEMORY_ALLOCATION","MEMORY_ALLOCATION_ALLOCATE","Agent 2",16711680,"0x000074c9daa00000",878,96037295544873,96037295640266
"MEMORY_ALLOCATION","MEMORY_ALLOCATION_ALLOCATE","Agent 2",20480,"0x000074c9e8f05000",880,96037296445394,96037296446716
"MEMORY_ALLOCATION","MEMORY_ALLOCATION_ALLOCATE","Agent 2",47349760,"0x000074c9d7a00000",882,96037314244345,96037314412198
"MEMORY_ALLOCATION","MEMORY_ALLOCATION_ALLOCATE","Agent 2",20480,"0x000074c9e8f0a000",884,96037316287451,96037316289425
"MEMORY_ALLOCATION","MEMORY_ALLOCATION_ALLOCATE","Agent 2",47349760,"0x000074c9d4a00000",886,96037334309522,96037334482434
"MEMORY_ALLOCATION","MEMORY_ALLOCATION_ALLOCATE","Agent 2",20480,"0x000074c9e8f0f000",888,96037336356846,96037336358769
"MEMORY_ALLOCATION","MEMORY_ALLOCATION_ALLOCATE","Agent 2",47349760,"0x000074c9d1a00000",890,96037352530735,96037352695892
"MEMORY_ALLOCATION","MEMORY_ALLOCATION_ALLOCATE","Agent 2",20480,"0x000074c9e8f14000",892,96037354729520,96037354733097
"MEMORY_ALLOCATION","MEMORY_ALLOCATION_ALLOCATE","Agent 2",33423360,"0x000074c9cf800000",894,96037371209827,96037371358062
"MEMORY_ALLOCATION","MEMORY_ALLOCATION_ALLOCATE","Agent 2",20480,"0x000074c9e8f19000",896,96037372735279,96037372737733
"MEMORY_ALLOCATION","MEMORY_ALLOCATION_ALLOCATE","Agent 2",2785280,"0x000074c9cf200000",898,96037374998919,96037375089202
"MEMORY_ALLOCATION","MEMORY_ALLOCATION_ALLOCATE","Agent 2",20480,"0x000074c9e8f1e000",900,96037375388587,96037375390922
"MEMORY_ALLOCATION","MEMORY_ALLOCATION_ALLOCATE","Agent 2",2785280,"0x000074c9cec00000",902,96037377365286,96037377435430
"MEMORY_ALLOCATION","MEMORY_ALLOCATION_ALLOCATE","Agent 2",20480,"0x000074c9e8f23000",904,96037377740386,96037377742030
"MEMORY_ALLOCATION","MEMORY_ALLOCATION_ALLOCATE","Agent 2",16711680,"0x000074c9cda00000",906,96037383802776,96037383900563
"MEMORY_ALLOCATION","MEMORY_ALLOCATION_ALLOCATE","Agent 2",1024,"0x000074c9e8f28000",908,96037384736710,96037384739345
"MEMORY_ALLOCATION","MEMORY_ALLOCATION_ALLOCATE","Agent 2",1024,"0x000074c9e8f29000",910,96037384833146,96037384834528
"MEMORY_ALLOCATION","MEMORY_ALLOCATION_ALLOCATE","Agent 2",20480,"0x000074c9e8f2a000",912,96037385075030,96037385076563
"MEMORY_ALLOCATION","MEMORY_ALLOCATION_ALLOCATE","Agent 2",47349760,"0x000074c9caa00000",914,96037402781745,96037402931132
"MEMORY_ALLOCATION","MEMORY_ALLOCATION_ALLOCATE","Agent 2",20480,"0x000074c9e8f2f000",916,96037404800233,96037404802237
"MEMORY_ALLOCATION","MEMORY_ALLOCATION_ALLOCATE","Agent 2",47349760,"0x000074c9c7a00000",918,96037420962590,96037421189747
"MEMORY_ALLOCATION","MEMORY_ALLOCATION_ALLOCATE","Agent 2",20480,"0x000074c9e8f34000",920,96037423076121,96037423079939
"MEMORY_ALLOCATION","MEMORY_ALLOCATION_ALLOCATE","Agent 2",47349760,"0x000074c9c4a00000",922,96037439181198,96037439442691
"MEMORY_ALLOCATION","MEMORY_ALLOCATION_ALLOCATE","Agent 2",20480,"0x000074c9e8f39000",924,96037441455448,96037441458935
"MEMORY_ALLOCATION","MEMORY_ALLOCATION_ALLOCATE","Agent 2",27852800,"0x000074c9c2c00000",926,96037455955261,96037456193278
"MEMORY_ALLOCATION","MEMORY_ALLOCATION_ALLOCATE","Agent 2",20480,"0x000074c9e8f3e000",928,96037457387553,96037457390478
"MEMORY_ALLOCATION","MEMORY_ALLOCATION_ALLOCATE","Agent 2",16711680,"0x000074c9c1a00000",930,96037464086686,96037464175256
"MEMORY_ALLOCATION","MEMORY_ALLOCATION_ALLOCATE","Agent 2",20480,"0x000074c9e8f43000",932,96037464973640,96037464975694
"MEMORY_ALLOCATION","MEMORY_ALLOCATION_ALLOCATE","Agent 2",130560,"0x000074c9e8f48000",934,96037465027694,96037465029397
"MEMORY_ALLOCATION","MEMORY_ALLOCATION_ALLOCATE","Agent 2",20480,"0x000074c9e8f68000",936,96037465083892,96037465084984
"MEMORY_ALLOCATION","MEMORY_ALLOCATION_ALLOCATE","Agent 2",130560,"0x000074c9e8f6d000",938,96037465116675,96037465117967
"MEMORY_ALLOCATION","MEMORY_ALLOCATION_ALLOCATE","Agent 2",20480,"0x000074c9e8f8d000",940,96037465165609,96037465166490
"MEMORY_ALLOCATION","MEMORY_ALLOCATION_ALLOCATE","Agent 2",256,"0x000074c9e8f92000",942,96037465190627,96037465191398
"MEMORY_ALLOCATION","MEMORY_ALLOCATION_ALLOCATE","Agent 2",256,"0x000074c9e8f93000",944,96037465283996,96037465284938
"MEMORY_ALLOCATION","MEMORY_ALLOCATION_ALLOCATE","Agent 2",163840,"0x000074c9e8f94000",946,96037465402835,96037465404257
"MEMORY_ALLOCATION","MEMORY_ALLOCATION_ALLOCATE","Agent 2",512,"0x000074c9e8fbc000",948,96037465445026,96037465445777
"MEMORY_ALLOCATION","MEMORY_ALLOCATION_ALLOCATE","Agent 2",16711680,"0x000074c9c0800000",950,96037474043518,96037474189849
"MEMORY_ALLOCATION","MEMORY_ALLOCATION_ALLOCATE","Agent 2",20480,"0x000074c9e8fbd000",952,96037474991209,96037474992812
"MEMORY_ALLOCATION","MEMORY_ALLOCATION_ALLOCATE","Agent 2",47349760,"0x000074c9bd800000",954,96037492421292,96037492846469
"MEMORY_ALLOCATION","MEMORY_ALLOCATION_ALLOCATE","Agent 2",20480,"0x000074c9e8fc2000",956,96037494596091,96037494598906
"MEMORY_ALLOCATION","MEMORY_ALLOCATION_ALLOCATE","Agent 2",47349760,"0x000074c9ba800000",958,96037512189858,96037512453415
"MEMORY_ALLOCATION","MEMORY_ALLOCATION_ALLOCATE","Agent 2",20480,"0x000074c9e8fc7000",960,96037514330582,96037514333608
"MEMORY_ALLOCATION","MEMORY_ALLOCATION_ALLOCATE","Agent 2",47349760,"0x000074c9b7800000",962,96037534141199,96037534456886
"MEMORY_ALLOCATION","MEMORY_ALLOCATION_ALLOCATE","Agent 2",20480,"0x000074c9e8fcc000",964,96037536463742,96037536467269
"MEMORY_ALLOCATION","MEMORY_ALLOCATION_ALLOCATE","Agent 2",27852800,"0x000074c9b5a00000",966,96037547575143,96037547729620
"MEMORY_ALLOCATION","MEMORY_ALLOCATION_ALLOCATE","Agent 2",20480,"0x000074c9e8fd1000",968,96037548921200,96037548924476
"MEMORY_ALLOCATION","MEMORY_ALLOCATION_ALLOCATE","Agent 2",16711680,"0x000074c9b4800000",970,96037556445819,96037556545811
"MEMORY_ALLOCATION","MEMORY_ALLOCATION_ALLOCATE","Agent 2",20480,"0x000074c9e8fd6000",972,96037557345307,96037557347792
"MEMORY_ALLOCATION","MEMORY_ALLOCATION_ALLOCATE","Agent 2",130560,"0x000074c9e8fdb000",974,96037557387769,96037557389171
"MEMORY_ALLOCATION","MEMORY_ALLOCATION_ALLOCATE","Agent 2",20480,"0x000074c9e8ffb000",976,96037557439799,96037557440700
"MEMORY_ALLOCATION","MEMORY_ALLOCATION_ALLOCATE","Agent 2",130560,"0x000074c9b4400000",978,96037557474365,96037557515314
"MEMORY_ALLOCATION","MEMORY_ALLOCATION_ALLOCATE","Agent 2",20480,"0x000074c9b4420000",980,96037557572484,96037557573876
"MEMORY_ALLOCATION","MEMORY_ALLOCATION_ALLOCATE","Agent 2",256,"0x000074c9b4425000",982,96037557598433,96037557599135
"MEMORY_ALLOCATION","MEMORY_ALLOCATION_ALLOCATE","Agent 2",256,"0x000074c9b4426000",984,96037557686212,96037557687094
"MEMORY_ALLOCATION","MEMORY_ALLOCATION_ALLOCATE","Agent 2",163840,"0x000074c9b4427000",986,96037557885365,96037557886537
"MEMORY_ALLOCATION","MEMORY_ALLOCATION_ALLOCATE","Agent 2",512,"0x000074c9b444f000",988,96037557949318,96037557950300
"MEMORY_ALLOCATION","MEMORY_ALLOCATION_ALLOCATE","Agent 2",16711680,"0x000074c9b3200000",990,96037563683707,96037563757529
"MEMORY_ALLOCATION","MEMORY_ALLOCATION_ALLOCATE","Agent 2",20480,"0x000074c9b4450000",992,96037564625096,96037564626338
"MEMORY_ALLOCATION","MEMORY_ALLOCATION_ALLOCATE","Agent 2",47349760,"0x000074c9b0200000",994,96037581453322,96037581628839
"MEMORY_ALLOCATION","MEMORY_ALLOCATION_ALLOCATE","Agent 2",20480,"0x000074c9b4455000",996,96037583534982,96037583536956
"MEMORY_ALLOCATION","MEMORY_ALLOCATION_ALLOCATE","Agent 2",47349760,"0x000074c9ad200000",998,96037600289857,96037600491826
"MEMORY_ALLOCATION","MEMORY_ALLOCATION_ALLOCATE","Agent 2",20480,"0x000074c9b445a000",1000,96037602388750,96037602391065
"MEMORY_ALLOCATION","MEMORY_ALLOCATION_ALLOCATE","Agent 2",47349760,"0x000074c9aa200000",1002,96037619078821,96037619278996
"MEMORY_ALLOCATION","MEMORY_ALLOCATION_ALLOCATE","Agent 2",20480,"0x000074c9b445f000",1004,96037621306352,96037621310359
"MEMORY_ALLOCATION","MEMORY_ALLOCATION_ALLOCATE","Agent 2",27852800,"0x000074c9a8400000",1006,96037630548160,96037630709951
"MEMORY_ALLOCATION","MEMORY_ALLOCATION_ALLOCATE","Agent 2",20480,"0x000074c9b4464000",1008,96037631893205,96037631895359
"MEMORY_ALLOCATION","MEMORY_ALLOCATION_ALLOCATE","Agent 2",16711680,"0x000074c9a7200000",1010,96037638292462,96037638471065
"MEMORY_ALLOCATION","MEMORY_ALLOCATION_ALLOCATE","Agent 2",20480,"0x000074c9b4469000",1012,96037639264940,96037639267004
"MEMORY_ALLOCATION","MEMORY_ALLOCATION_ALLOCATE","Agent 2",130560,"0x000074c9b446e000",1014,96037639424717,96037639426150
"MEMORY_ALLOCATION","MEMORY_ALLOCATION_ALLOCATE","Agent 2",20480,"0x000074c9b448e000",1016,96037639478591,96037639479873
"MEMORY_ALLOCATION","MEMORY_ALLOCATION_ALLOCATE","Agent 2",130560,"0x000074c9b4493000",1018,96037639543185,96037639544427
"MEMORY_ALLOCATION","MEMORY_ALLOCATION_ALLOCATE","Agent 2",20480,"0x000074c9b44b3000",1020,96037639594313,96037639595205
"MEMORY_ALLOCATION","MEMORY_ALLOCATION_ALLOCATE","Agent 2",256,"0x000074c9b44b8000",1022,96037639620293,96037639621075
"MEMORY_ALLOCATION","MEMORY_ALLOCATION_ALLOCATE","Agent 2",256,"0x000074c9b44b9000",1024,96037639711809,96037639712861
"MEMORY_ALLOCATION","MEMORY_ALLOCATION_ALLOCATE","Agent 2",163840,"0x000074c9b44ba000",1026,96037639842049,96037639843492
"MEMORY_ALLOCATION","MEMORY_ALLOCATION_ALLOCATE","Agent 2",512,"0x000074c9b44e2000",1028,96037639887246,96037639888028
"MEMORY_ALLOCATION","MEMORY_ALLOCATION_ALLOCATE","Agent 2",16711680,"0x000074c9a6000000",1030,96037647032245,96037647171333
"MEMORY_ALLOCATION","MEMORY_ALLOCATION_ALLOCATE","Agent 2",20480,"0x000074c9b44e3000",1032,96037647972833,96037647974476
"MEMORY_ALLOCATION","MEMORY_ALLOCATION_ALLOCATE","Agent 2",47349760,"0x000074c9a3000000",1034,96037668416126,96037668579470
"MEMORY_ALLOCATION","MEMORY_ALLOCATION_ALLOCATE","Agent 2",20480,"0x000074c9b44e8000",1036,96037670461336,96037670463540
"MEMORY_ALLOCATION","MEMORY_ALLOCATION_ALLOCATE","Agent 2",47349760,"0x000074c9a0000000",1038,96037689439564,96037689603338
"MEMORY_ALLOCATION","MEMORY_ALLOCATION_ALLOCATE","Agent 2",20480,"0x000074c9b44ed000",1040,96037691480475,96037691482529
"MEMORY_ALLOCATION","MEMORY_ALLOCATION_ALLOCATE","Agent 2",47349760,"0x000074c99d000000",1042,96037713240759,96037713421286
"MEMORY_ALLOCATION","MEMORY_ALLOCATION_ALLOCATE","Agent 2",20480,"0x000074c9b44f2000",1044,96037715470323,96037715474411
"MEMORY_ALLOCATION","MEMORY_ALLOCATION_ALLOCATE","Agent 2",33423360,"0x000074c99ae00000",1046,96037726374877,96037726731552
"MEMORY_ALLOCATION","MEMORY_ALLOCATION_ALLOCATE","Agent 2",20480,"0x000074c9b44f7000",1048,96037728112065,96037728114790
"MEMORY_ALLOCATION","MEMORY_ALLOCATION_ALLOCATE","Agent 2",2785280,"0x000074c99a800000",1050,96037730331710,96037730410281
"MEMORY_ALLOCATION","MEMORY_ALLOCATION_ALLOCATE","Agent 2",20480,"0x000074c9b44fc000",1052,96037730769732,96037730772858
"MEMORY_ALLOCATION","MEMORY_ALLOCATION_ALLOCATE","Agent 2",2785280,"0x000074c99a200000",1054,96037732784974,96037732860980
"MEMORY_ALLOCATION","MEMORY_ALLOCATION_ALLOCATE","Agent 2",20480,"0x000074c9b4501000",1056,96037733172238,96037733174493
"MEMORY_ALLOCATION","MEMORY_ALLOCATION_ALLOCATE","Agent 2",16711680,"0x000074c999000000",1058,96037739557778,96037739642872
"MEMORY_ALLOCATION","MEMORY_ALLOCATION_ALLOCATE","Agent 2",1024,"0x000074c9b4506000",1060,96037740433671,96037740435936
"MEMORY_ALLOCATION","MEMORY_ALLOCATION_ALLOCATE","Agent 2",1024,"0x000074c9b4507000",1062,96037740518003,96037740519326
"MEMORY_ALLOCATION","MEMORY_ALLOCATION_ALLOCATE","Agent 2",20480,"0x000074c9b4508000",1064,96037740728558,96037740730141
"MEMORY_ALLOCATION","MEMORY_ALLOCATION_ALLOCATE","Agent 2",47349760,"0x000074c996000000",1066,96037758422508,96037758570021
"MEMORY_ALLOCATION","MEMORY_ALLOCATION_ALLOCATE","Agent 2",20480,"0x000074c9b450d000",1068,96037760447940,96037760450034
"MEMORY_ALLOCATION","MEMORY_ALLOCATION_ALLOCATE","Agent 2",47349760,"0x000074c993000000",1070,96037776334266,96037776504113
"MEMORY_ALLOCATION","MEMORY_ALLOCATION_ALLOCATE","Agent 2",20480,"0x000074c9b4512000",1072,96037778399335,96037778402781
"MEMORY_ALLOCATION","MEMORY_ALLOCATION_ALLOCATE","Agent 2",47349760,"0x000074c990000000",1074,96037794597771,96037794758119
"MEMORY_ALLOCATION","MEMORY_ALLOCATION_ALLOCATE","Agent 2",20480,"0x000074c9b4517000",1076,96037796785925,96037796789973
"MEMORY_ALLOCATION","MEMORY_ALLOCATION_ALLOCATE","Agent 2",27852800,"0x000074c98e200000",1078,96037806107808,96037806270010
"MEMORY_ALLOCATION","MEMORY_ALLOCATION_ALLOCATE","Agent 2",20480,"0x000074c9b451c000",1080,96037807450939,96037807454165
"MEMORY_ALLOCATION","MEMORY_ALLOCATION_ALLOCATE","Agent 2",16711680,"0x000074c98d000000",1082,96037813741937,96037813820458
"MEMORY_ALLOCATION","MEMORY_ALLOCATION_ALLOCATE","Agent 2",20480,"0x000074c9b4521000",1084,96037814613833,96037814616277
"MEMORY_ALLOCATION","MEMORY_ALLOCATION_ALLOCATE","Agent 2",130560,"0x000074c9b4526000",1086,96037814657056,96037814658158
"MEMORY_ALLOCATION","MEMORY_ALLOCATION_ALLOCATE","Agent 2",20480,"0x000074c9b4546000",1088,96037814711921,96037814712853
"MEMORY_ALLOCATION","MEMORY_ALLOCATION_ALLOCATE","Agent 2",130560,"0x000074c9b454b000",1090,96037814744203,96037814745215
"MEMORY_ALLOCATION","MEMORY_ALLOCATION_ALLOCATE","Agent 2",20480,"0x000074c9b456b000",1092,96037814791564,96037814792416
"MEMORY_ALLOCATION","MEMORY_ALLOCATION_ALLOCATE","Agent 2",256,"0x000074c9b4570000",1094,96037814817745,96037814818436
"MEMORY_ALLOCATION","MEMORY_ALLOCATION_ALLOCATE","Agent 2",256,"0x000074c9b4571000",1096,96037814904341,96037814905643
"MEMORY_ALLOCATION","MEMORY_ALLOCATION_ALLOCATE","Agent 2",163840,"0x000074c9b4572000",1098,96037815069669,96037815070981
"MEMORY_ALLOCATION","MEMORY_ALLOCATION_ALLOCATE","Agent 2",512,"0x000074c9b459a000",1100,96037815114625,96037815115477
"MEMORY_ALLOCATION","MEMORY_ALLOCATION_ALLOCATE","Agent 2",16711680,"0x000074c98be00000",1102,96037821276145,96037821414771
"MEMORY_ALLOCATION","MEMORY_ALLOCATION_ALLOCATE","Agent 2",20480,"0x000074c9b459b000",1104,96037822214137,96037822215500
"MEMORY_ALLOCATION","MEMORY_ALLOCATION_ALLOCATE","Agent 2",47349760,"0x000074c988e00000",1106,96037839411543,96037839515533
"MEMORY_ALLOCATION","MEMORY_ALLOCATION_ALLOCATE","Agent 2",20480,"0x000074c9b45a0000",1108,96037841396026,96037841398812
"MEMORY_ALLOCATION","MEMORY_ALLOCATION_ALLOCATE","Agent 2",47349760,"0x000074c985e00000",1110,96037858295640,96037858458262
"MEMORY_ALLOCATION","MEMORY_ALLOCATION_ALLOCATE","Agent 2",20480,"0x000074c9b45a5000",1112,96037860351460,96037860355929
"MEMORY_ALLOCATION","MEMORY_ALLOCATION_ALLOCATE","Agent 2",47349760,"0x000074c982e00000",1114,96037877068463,96037877247677
"MEMORY_ALLOCATION","MEMORY_ALLOCATION_ALLOCATE","Agent 2",20480,"0x000074c9b45aa000",1116,96037879255435,96037879259593
"MEMORY_ALLOCATION","MEMORY_ALLOCATION_ALLOCATE","Agent 2",27852800,"0x000074c981000000",1118,96037888654085,96037888873467
"MEMORY_ALLOCATION","MEMORY_ALLOCATION_ALLOCATE","Agent 2",20480,"0x000074c9b45af000",1120,96037890055648,96037890058554
"MEMORY_ALLOCATION","MEMORY_ALLOCATION_ALLOCATE","Agent 2",16711680,"0x000074c97fe00000",1122,96037895597157,96037895911541
"MEMORY_ALLOCATION","MEMORY_ALLOCATION_ALLOCATE","Agent 2",20480,"0x000074c9b45b4000",1124,96037896584654,96037896588101
"MEMORY_ALLOCATION","MEMORY_ALLOCATION_ALLOCATE","Agent 2",130560,"0x000074c9b45b9000",1126,96037896629901,96037896631284
"MEMORY_ALLOCATION","MEMORY_ALLOCATION_ALLOCATE","Agent 2",20480,"0x000074c9b45d9000",1128,96037896678504,96037896679476
"MEMORY_ALLOCATION","MEMORY_ALLOCATION_ALLOCATE","Agent 2",130560,"0x000074c9b45de000",1130,96037896711037,96037896711829
"MEMORY_ALLOCATION","MEMORY_ALLOCATION_ALLOCATE","Agent 2",20480,"0x000074c97fa00000",1132,96037896757967,96037896805358
"MEMORY_ALLOCATION","MEMORY_ALLOCATION_ALLOCATE","Agent 2",256,"0x000074c9b45fe000",1134,96037896842059,96037896843401
"MEMORY_ALLOCATION","MEMORY_ALLOCATION_ALLOCATE","Agent 2",256,"0x000074c9b45ff000",1136,96037896926691,96037896928515
"MEMORY_ALLOCATION","MEMORY_ALLOCATION_ALLOCATE","Agent 2",163840,"0x000074c97fa05000",1138,96037897077682,96037897079345
"MEMORY_ALLOCATION","MEMORY_ALLOCATION_ALLOCATE","Agent 2",512,"0x000074c97fa2d000",1140,96037897127978,96037897128920
"MEMORY_ALLOCATION","MEMORY_ALLOCATION_ALLOCATE","Agent 2",16711680,"0x000074c97e800000",1142,96037902695657,96037902779999
"MEMORY_ALLOCATION","MEMORY_ALLOCATION_ALLOCATE","Agent 2",20480,"0x000074c97fa2e000",1144,96037903580768,96037903582010
"MEMORY_ALLOCATION","MEMORY_ALLOCATION_ALLOCATE","Agent 2",47349760,"0x000074c97b800000",1146,96037922092218,96037922256774
"MEMORY_ALLOCATION","MEMORY_ALLOCATION_ALLOCATE","Agent 2",20480,"0x000074c97fa33000",1148,96037924133110,96037924134843
"MEMORY_ALLOCATION","MEMORY_ALLOCATION_ALLOCATE","Agent 2",47349760,"0x000074c978800000",1150,96037941050147,96037941222779
"MEMORY_ALLOCATION","MEMORY_ALLOCATION_ALLOCATE","Agent 2",20480,"0x000074c97fa38000",1152,96037943129232,96037943134092
"MEMORY_ALLOCATION","MEMORY_ALLOCATION_ALLOCATE","Agent 2",47349760,"0x000074c975200000",1154,96037961237067,96037961399479
"MEMORY_ALLOCATION","MEMORY_ALLOCATION_ALLOCATE","Agent 2",20480,"0x000074c97fa3d000",1156,96037963489866,96037963492842
"MEMORY_ALLOCATION","MEMORY_ALLOCATION_ALLOCATE","Agent 2",27852800,"0x000074c973400000",1158,96037973611025,96037973706899
"MEMORY_ALLOCATION","MEMORY_ALLOCATION_ALLOCATE","Agent 2",20480,"0x000074c97fa42000",1160,96037974889792,96037974891505
"MEMORY_ALLOCATION","MEMORY_ALLOCATION_ALLOCATE","Agent 2",16711680,"0x000074c972200000",1162,96037981124652,96037981297715
"MEMORY_ALLOCATION","MEMORY_ALLOCATION_ALLOCATE","Agent 2",20480,"0x000074c97fa47000",1164,96037982099476,96037982101429
"MEMORY_ALLOCATION","MEMORY_ALLOCATION_ALLOCATE","Agent 2",130560,"0x000074c97fa4c000",1166,96037982532357,96037982533940
"MEMORY_ALLOCATION","MEMORY_ALLOCATION_ALLOCATE","Agent 2",20480,"0x000074c97fa6c000",1168,96037982769433,96037982770435
"MEMORY_ALLOCATION","MEMORY_ALLOCATION_ALLOCATE","Agent 2",130560,"0x000074c97fa71000",1170,96037982831993,96037982833065
"MEMORY_ALLOCATION","MEMORY_ALLOCATION_ALLOCATE","Agent 2",20480,"0x000074c97fa91000",1172,96037982883081,96037982884063
"MEMORY_ALLOCATION","MEMORY_ALLOCATION_ALLOCATE","Agent 2",256,"0x000074c97fa96000",1174,96037982909813,96037982910554
"MEMORY_ALLOCATION","MEMORY_ALLOCATION_ALLOCATE","Agent 2",256,"0x000074c97fa97000",1176,96037982989917,96037982990868
"MEMORY_ALLOCATION","MEMORY_ALLOCATION_ALLOCATE","Agent 2",163840,"0x000074c97fa98000",1178,96037983147219,96037983148451
"MEMORY_ALLOCATION","MEMORY_ALLOCATION_ALLOCATE","Agent 2",512,"0x000074c97fac0000",1180,96037983207234,96037983208216
"MEMORY_ALLOCATION","MEMORY_ALLOCATION_ALLOCATE","Agent 2",16711680,"0x000074c971000000",1182,96037989305272,96037989387350
"MEMORY_ALLOCATION","MEMORY_ALLOCATION_ALLOCATE","Agent 2",20480,"0x000074c97fac1000",1184,96037990425364,96037990428210
"MEMORY_ALLOCATION","MEMORY_ALLOCATION_ALLOCATE","Agent 2",47349760,"0x000074c96e000000",1186,96038006920210,96038007174168
"MEMORY_ALLOCATION","MEMORY_ALLOCATION_ALLOCATE","Agent 2",20480,"0x000074c97fac6000",1188,96038009072776,96038009076914
"MEMORY_ALLOCATION","MEMORY_ALLOCATION_ALLOCATE","Agent 2",47349760,"0x000074c96b000000",1190,96038025697782,96038025904289
"MEMORY_ALLOCATION","MEMORY_ALLOCATION_ALLOCATE","Agent 2",20480,"0x000074c97facb000",1192,96038027807205,96038027810091
"MEMORY_ALLOCATION","MEMORY_ALLOCATION_ALLOCATE","Agent 2",47349760,"0x000074c968000000",1194,96038045166562,96038045354985
"MEMORY_ALLOCATION","MEMORY_ALLOCATION_ALLOCATE","Agent 2",20480,"0x000074c97fad0000",1196,96038047400195,96038047404964
"MEMORY_ALLOCATION","MEMORY_ALLOCATION_ALLOCATE","Agent 2",33423360,"0x000074c965e00000",1198,96038060501419,96038060727965
"MEMORY_ALLOCATION","MEMORY_ALLOCATION_ALLOCATE","Agent 2",20480,"0x000074c97fad5000",1200,96038062115831,96038062119118
"MEMORY_ALLOCATION","MEMORY_ALLOCATION_ALLOCATE","Agent 2",2785280,"0x000074c965800000",1202,96038064702702,96038064786964
"MEMORY_ALLOCATION","MEMORY_ALLOCATION_ALLOCATE","Agent 2",20480,"0x000074c97fada000",1204,96038065094124,96038065096679
"MEMORY_ALLOCATION","MEMORY_ALLOCATION_ALLOCATE","Agent 2",2785280,"0x000074c965200000",1206,96038066759234,96038066837835
"MEMORY_ALLOCATION","MEMORY_ALLOCATION_ALLOCATE","Agent 2",20480,"0x000074c97fadf000",1208,96038067147330,96038067149223
"MEMORY_ALLOCATION","MEMORY_ALLOCATION_ALLOCATE","Agent 2",16711680,"0x000074c964000000",1210,96038073418260,96038073504545
"MEMORY_ALLOCATION","MEMORY_ALLOCATION_ALLOCATE","Agent 2",1024,"0x000074c97fae4000",1212,96038074304272,96038074306967
"MEMORY_ALLOCATION","MEMORY_ALLOCATION_ALLOCATE","Agent 2",1024,"0x000074c97fae5000",1214,96038074402822,96038074404234
"MEMORY_ALLOCATION","MEMORY_ALLOCATION_ALLOCATE","Agent 2",20480,"0x000074c97fae6000",1216,96038074620560,96038074621933
"MEMORY_ALLOCATION","MEMORY_ALLOCATION_ALLOCATE","Agent 2",47349760,"0x000074c961000000",1218,96038096957231,96038097213594
"MEMORY_ALLOCATION","MEMORY_ALLOCATION_ALLOCATE","Agent 2",20480,"0x000074c97faeb000",1220,96038099353486,96038099355840
"MEMORY_ALLOCATION","MEMORY_ALLOCATION_ALLOCATE","Agent 2",47349760,"0x000074c95e000000",1222,96038114863539,96038115053384
"MEMORY_ALLOCATION","MEMORY_ALLOCATION_ALLOCATE","Agent 2",20480,"0x000074c97faf0000",1224,96038116950289,96038116953425
"MEMORY_ALLOCATION","MEMORY_ALLOCATION_ALLOCATE","Agent 2",47349760,"0x000074c95b000000",1226,96038133572419,96038133735372
"MEMORY_ALLOCATION","MEMORY_ALLOCATION_ALLOCATE","Agent 2",20480,"0x000074c97faf5000",1228,96038135769531,96038135773839
"MEMORY_ALLOCATION","MEMORY_ALLOCATION_ALLOCATE","Agent 2",27852800,"0x000074c959200000",1230,96038146439975,96038146680407
"MEMORY_ALLOCATION","MEMORY_ALLOCATION_ALLOCATE","Agent 2",20480,"0x000074c97fafa000",1232,96038147871015,96038147873409
"MEMORY_ALLOCATION","MEMORY_ALLOCATION_ALLOCATE","Agent 2",16711680,"0x000074c958000000",1234,96038154167794,96038154260493
"MEMORY_ALLOCATION","MEMORY_ALLOCATION_ALLOCATE","Agent 2",20480,"0x000074c97faff000",1236,96038155057845,96038155059889
"MEMORY_ALLOCATION","MEMORY_ALLOCATION_ALLOCATE","Agent 2",130560,"0x000074c97fb04000",1238,96038155138139,96038155139552
"MEMORY_ALLOCATION","MEMORY_ALLOCATION_ALLOCATE","Agent 2",20480,"0x000074c97fb24000",1240,96038155197954,96038155198936
"MEMORY_ALLOCATION","MEMORY_ALLOCATION_ALLOCATE","Agent 2",130560,"0x000074c97fb29000",1242,96038155554168,96038155555381
"MEMORY_ALLOCATION","MEMORY_ALLOCATION_ALLOCATE","Agent 2",20480,"0x000074c97fb49000",1244,96038155933748,96038155935090
"MEMORY_ALLOCATION","MEMORY_ALLOCATION_ALLOCATE","Agent 2",256,"0x000074c97fb4e000",1246,96038155966972,96038155967853
"MEMORY_ALLOCATION","MEMORY_ALLOCATION_ALLOCATE","Agent 2",256,"0x000074c97fb4f000",1248,96038156050051,96038156051163
"MEMORY_ALLOCATION","MEMORY_ALLOCATION_ALLOCATE","Agent 2",163840,"0x000074c97fb50000",1250,96038156240527,96038156241720
"MEMORY_ALLOCATION","MEMORY_ALLOCATION_ALLOCATE","Agent 2",512,"0x000074c97fb78000",1252,96038156286075,96038156287117
"MEMORY_ALLOCATION","MEMORY_ALLOCATION_ALLOCATE","Agent 2",16711680,"0x000074c956e00000",1254,96038163368334,96038163461132
"MEMORY_ALLOCATION","MEMORY_ALLOCATION_ALLOCATE","Agent 2",20480,"0x000074c97fb79000",1256,96038164261159,96038164262843
"MEMORY_ALLOCATION","MEMORY_ALLOCATION_ALLOCATE","Agent 2",47349760,"0x000074c953e00000",1258,96038182328797,96038182474668
"MEMORY_ALLOCATION","MEMORY_ALLOCATION_ALLOCATE","Agent 2",20480,"0x000074c97fb7e000",1260,96038184354750,96038184357255
"MEMORY_ALLOCATION","MEMORY_ALLOCATION_ALLOCATE","Agent 2",47349760,"0x000074c950e00000",1262,96038203636251,96038203793162
"MEMORY_ALLOCATION","MEMORY_ALLOCATION_ALLOCATE","Agent 2",20480,"0x000074c97fb83000",1264,96038205685990,96038205689296
"MEMORY_ALLOCATION","MEMORY_ALLOCATION_ALLOCATE","Agent 2",47349760,"0x000074c94de00000",1266,96038222610170,96038222766431
"MEMORY_ALLOCATION","MEMORY_ALLOCATION_ALLOCATE","Agent 2",20480,"0x000074c97fb88000",1268,96038224744131,96038224748279
"MEMORY_ALLOCATION","MEMORY_ALLOCATION_ALLOCATE","Agent 2",27852800,"0x000074c94c000000",1270,96038234532991,96038234699902
"MEMORY_ALLOCATION","MEMORY_ALLOCATION_ALLOCATE","Agent 2",20480,"0x000074c97fb8d000",1272,96038235886161,96038235889467
"MEMORY_ALLOCATION","MEMORY_ALLOCATION_ALLOCATE","Agent 2",16711680,"0x000074c94ae00000",1274,96038242686548,96038242849512
"MEMORY_ALLOCATION","MEMORY_ALLOCATION_ALLOCATE","Agent 2",20480,"0x000074c97fb92000",1276,96038243640712,96038243643327
"MEMORY_ALLOCATION","MEMORY_ALLOCATION_ALLOCATE","Agent 2",130560,"0x000074c97fb97000",1278,96038243702531,96038243703543
"MEMORY_ALLOCATION","MEMORY_ALLOCATION_ALLOCATE","Agent 2",20480,"0x000074c97fbb7000",1280,96038243859472,96038243860785
"MEMORY_ALLOCATION","MEMORY_ALLOCATION_ALLOCATE","Agent 2",130560,"0x000074c97fbbc000",1282,96038244172935,96038244174217
"MEMORY_ALLOCATION","MEMORY_ALLOCATION_ALLOCATE","Agent 2",20480,"0x000074c97fbdc000",1284,96038244265262,96038244266204
"MEMORY_ALLOCATION","MEMORY_ALLOCATION_ALLOCATE","Agent 2",256,"0x000074c97fbe1000",1286,96038244290991,96038244291643
"MEMORY_ALLOCATION","MEMORY_ALLOCATION_ALLOCATE","Agent 2",256,"0x000074c97fbe2000",1288,96038244367218,96038244368500
"MEMORY_ALLOCATION","MEMORY_ALLOCATION_ALLOCATE","Agent 2",163840,"0x000074c94aa00000",1290,96038244503800,96038244559698
"MEMORY_ALLOCATION","MEMORY_ALLOCATION_ALLOCATE","Agent 2",512,"0x000074c97fbe3000",1292,96038244606618,96038244607971
"MEMORY_ALLOCATION","MEMORY_ALLOCATION_ALLOCATE","Agent 2",16711680,"0x000074c949800000",1294,96038250617769,96038250690999
"MEMORY_ALLOCATION","MEMORY_ALLOCATION_ALLOCATE","Agent 2",20480,"0x000074c97fbe4000",1296,96038251484344,96038251485506
"MEMORY_ALLOCATION","MEMORY_ALLOCATION_ALLOCATE","Agent 2",47349760,"0x000074c946800000",1298,96038268427752,96038268566258
"MEMORY_ALLOCATION","MEMORY_ALLOCATION_ALLOCATE","Agent 2",20480,"0x000074c97fbe9000",1300,96038270443014,96038270445659
"MEMORY_ALLOCATION","MEMORY_ALLOCATION_ALLOCATE","Agent 2",47349760,"0x000074c943800000",1302,96038287573221,96038287720073
"MEMORY_ALLOCATION","MEMORY_ALLOCATION_ALLOCATE","Agent 2",20480,"0x000074c97fbee000",1304,96038289598913,96038289602230
"MEMORY_ALLOCATION","MEMORY_ALLOCATION_ALLOCATE","Agent 2",47349760,"0x000074c940800000",1306,96038307437581,96038307592329
"MEMORY_ALLOCATION","MEMORY_ALLOCATION_ALLOCATE","Agent 2",20480,"0x000074c97fbf3000",1308,96038309623301,96038309627549
"MEMORY_ALLOCATION","MEMORY_ALLOCATION_ALLOCATE","Agent 2",27852800,"0x000074c93ea00000",1310,96038318671829,96038318961736
"MEMORY_ALLOCATION","MEMORY_ALLOCATION_ALLOCATE","Agent 2",20480,"0x000074c97fbf8000",1312,96038319986805,96038319989370
"MEMORY_ALLOCATION","MEMORY_ALLOCATION_ALLOCATE","Agent 2",16711680,"0x000074c93d800000",1314,96038325973038,96038326129699
"MEMORY_ALLOCATION","MEMORY_ALLOCATION_ALLOCATE","Agent 2",20480,"0x000074c94aa28000",1316,96038326913826,96038326915028
"MEMORY_ALLOCATION","MEMORY_ALLOCATION_ALLOCATE","Agent 2",130560,"0x000074c94aa2d000",1318,96038327277024,96038327278296
"MEMORY_ALLOCATION","MEMORY_ALLOCATION_ALLOCATE","Agent 2",20480,"0x000074c94aa4d000",1320,96038327577732,96038327578684
"MEMORY_ALLOCATION","MEMORY_ALLOCATION_ALLOCATE","Agent 2",130560,"0x000074c94aa52000",1322,96038327632437,96038327633208
"MEMORY_ALLOCATION","MEMORY_ALLOCATION_ALLOCATE","Agent 2",20480,"0x000074c94aa72000",1324,96038327676772,96038327677714
"MEMORY_ALLOCATION","MEMORY_ALLOCATION_ALLOCATE","Agent 2",256,"0x000074c97fbfd000",1326,96038327700438,96038327702652
"MEMORY_ALLOCATION","MEMORY_ALLOCATION_ALLOCATE","Agent 2",256,"0x000074c97fbfe000",1328,96038327787876,96038327788807
"MEMORY_ALLOCATION","MEMORY_ALLOCATION_ALLOCATE","Agent 2",163840,"0x000074c94aa77000",1330,96038327920410,96038327921462
"MEMORY_ALLOCATION","MEMORY_ALLOCATION_ALLOCATE","Agent 2",512,"0x000074c97fbff000",1332,96038327962291,96038327963343
"MEMORY_ALLOCATION","MEMORY_ALLOCATION_ALLOCATE","Agent 2",16711680,"0x000074c93c600000",1334,96038334979004,96038335112941
"MEMORY_ALLOCATION","MEMORY_ALLOCATION_ALLOCATE","Agent 2",20480,"0x000074c94aa9f000",1336,96038335911476,96038335912748
"MEMORY_ALLOCATION","MEMORY_ALLOCATION_ALLOCATE","Agent 2",47349760,"0x000074c939600000",1338,96038352700647,96038352858480
"MEMORY_ALLOCATION","MEMORY_ALLOCATION_ALLOCATE","Agent 2",20480,"0x000074c94aaa4000",1340,96038354738393,96038354740256
"MEMORY_ALLOCATION","MEMORY_ALLOCATION_ALLOCATE","Agent 2",47349760,"0x000074c936600000",1342,96038371624530,96038371790670
"MEMORY_ALLOCATION","MEMORY_ALLOCATION_ALLOCATE","Agent 2",20480,"0x000074c94aaa9000",1344,96038373692554,96038373695870
"MEMORY_ALLOCATION","MEMORY_ALLOCATION_ALLOCATE","Agent 2",47349760,"0x000074c933600000",1346,96038390926230,96038391105564
"MEMORY_ALLOCATION","MEMORY_ALLOCATION_ALLOCATE","Agent 2",20480,"0x000074c94aaae000",1348,96038393166374,96038393169470
"MEMORY_ALLOCATION","MEMORY_ALLOCATION_ALLOCATE","Agent 2",33423360,"0x000074c931400000",1350,96038405180029,96038405334907
"MEMORY_ALLOCATION","MEMORY_ALLOCATION_ALLOCATE","Agent 2",20480,"0x000074c94aab3000",1352,96038406721601,96038406724096
"MEMORY_ALLOCATION","MEMORY_ALLOCATION_ALLOCATE","Agent 2",2785280,"0x000074c930e00000",1354,96038409028935,96038409115451
"MEMORY_ALLOCATION","MEMORY_ALLOCATION_ALLOCATE","Agent 2",20480,"0x000074c94aab8000",1356,96038409420608,96038409422371
"MEMORY_ALLOCATION","MEMORY_ALLOCATION_ALLOCATE","Agent 2",2785280,"0x000074c930800000",1358,96038411172925,96038411266324
"MEMORY_ALLOCATION","MEMORY_ALLOCATION_ALLOCATE","Agent 2",20480,"0x000074c94aabd000",1360,96038411580618,96038411582642
"MEMORY_ALLOCATION","MEMORY_ALLOCATION_ALLOCATE","Agent 2",16711680,"0x000074c92f600000",1362,96038419103985,96038419186002
"MEMORY_ALLOCATION","MEMORY_ALLOCATION_ALLOCATE","Agent 2",1024,"0x000074c94aac2000",1364,96038419970059,96038419971742
"MEMORY_ALLOCATION","MEMORY_ALLOCATION_ALLOCATE","Agent 2",1024,"0x000074c94aac3000",1366,96038420140086,96038420141849
"MEMORY_ALLOCATION","MEMORY_ALLOCATION_ALLOCATE","Agent 2",20480,"0x000074c94aac4000",1368,96038420338577,96038420340080
"MEMORY_ALLOCATION","MEMORY_ALLOCATION_ALLOCATE","Agent 2",47349760,"0x000074c92c600000",1370,96038436948664,96038437126646
"MEMORY_ALLOCATION","MEMORY_ALLOCATION_ALLOCATE","Agent 2",20480,"0x000074c94aac9000",1372,96038439063959,96038439067035
"MEMORY_ALLOCATION","MEMORY_ALLOCATION_ALLOCATE","Agent 2",47349760,"0x000074c929600000",1374,96038455200356,96038455377106
"MEMORY_ALLOCATION","MEMORY_ALLOCATION_ALLOCATE","Agent 2",20480,"0x000074c94aace000",1376,96038457276936,96038457280533
"MEMORY_ALLOCATION","MEMORY_ALLOCATION_ALLOCATE","Agent 2",47349760,"0x000074c926600000",1378,96038475526043,96038475769341
"MEMORY_ALLOCATION","MEMORY_ALLOCATION_ALLOCATE","Agent 2",20480,"0x000074c94aad3000",1380,96038477835000,96038477840410
"MEMORY_ALLOCATION","MEMORY_ALLOCATION_ALLOCATE","Agent 2",27852800,"0x000074c924800000",1382,96038487075546,96038487220765
"MEMORY_ALLOCATION","MEMORY_ALLOCATION_ALLOCATE","Agent 2",20480,"0x000074c94aad8000",1384,96038488402747,96038488405111
"MEMORY_ALLOCATION","MEMORY_ALLOCATION_ALLOCATE","Agent 2",16711680,"0x000074c923600000",1386,96038496314820,96038496452775
"MEMORY_ALLOCATION","MEMORY_ALLOCATION_ALLOCATE","Agent 2",20480,"0x000074c94aadd000",1388,96038497244376,96038497246270
"MEMORY_ALLOCATION","MEMORY_ALLOCATION_ALLOCATE","Agent 2",130560,"0x000074c94aae2000",1390,96038497305494,96038497306626
"MEMORY_ALLOCATION","MEMORY_ALLOCATION_ALLOCATE","Agent 2",20480,"0x000074c94ab02000",1392,96038497364267,96038497365339
"MEMORY_ALLOCATION","MEMORY_ALLOCATION_ALLOCATE","Agent 2",130560,"0x000074c94ab07000",1394,96038497718567,96038497719940
"MEMORY_ALLOCATION","MEMORY_ALLOCATION_ALLOCATE","Agent 2",20480,"0x000074c94ab27000",1396,96038498104479,96038498105882
"MEMORY_ALLOCATION","MEMORY_ALLOCATION_ALLOCATE","Agent 2",256,"0x000074c94ab2c000",1398,96038498140839,96038498141771
"MEMORY_ALLOCATION","MEMORY_ALLOCATION_ALLOCATE","Agent 2",256,"0x000074c94ab2d000",1400,96038498217005,96038498218157
"MEMORY_ALLOCATION","MEMORY_ALLOCATION_ALLOCATE","Agent 2",163840,"0x000074c94ab2e000",1402,96038498438641,96038498440124
"MEMORY_ALLOCATION","MEMORY_ALLOCATION_ALLOCATE","Agent 2",512,"0x000074c94ab56000",1404,96038498507574,96038498508596
"MEMORY_ALLOCATION","MEMORY_ALLOCATION_ALLOCATE","Agent 2",16711680,"0x000074c921e00000",1406,96038505919917,96038506078932
"MEMORY_ALLOCATION","MEMORY_ALLOCATION_ALLOCATE","Agent 2",20480,"0x000074c94ab57000",1408,96038506961378,96038506963402
"MEMORY_ALLOCATION","MEMORY_ALLOCATION_ALLOCATE","Agent 2",47349760,"0x000074c91ee00000",1410,96038523617754,96038523782781
"MEMORY_ALLOCATION","MEMORY_ALLOCATION_ALLOCATE","Agent 2",20480,"0x000074c94ab5c000",1412,96038525684195,96038525687832
"MEMORY_ALLOCATION","MEMORY_ALLOCATION_ALLOCATE","Agent 2",47349760,"0x000074c91be00000",1414,96038541905605,96038542080441
"MEMORY_ALLOCATION","MEMORY_ALLOCATION_ALLOCATE","Agent 2",20480,"0x000074c94ab61000",1416,96038543976765,96038543982046
"MEMORY_ALLOCATION","MEMORY_ALLOCATION_ALLOCATE","Agent 2",47349760,"0x000074c918e00000",1418,96038561478756,96038561646048
"MEMORY_ALLOCATION","MEMORY_ALLOCATION_ALLOCATE","Agent 2",20480,"0x000074c94ab66000",1420,96038563631142,96038563634829
"MEMORY_ALLOCATION","MEMORY_ALLOCATION_ALLOCATE","Agent 2",27852800,"0x000074c917000000",1422,96038572588044,96038572745376
"MEMORY_ALLOCATION","MEMORY_ALLOCATION_ALLOCATE","Agent 2",20480,"0x000074c94ab6b000",1424,96038573934862,96038573938128
"MEMORY_ALLOCATION","MEMORY_ALLOCATION_ALLOCATE","Agent 2",16711680,"0x000074c915e00000",1426,96038579598815,96038579678829
"MEMORY_ALLOCATION","MEMORY_ALLOCATION_ALLOCATE","Agent 2",20480,"0x000074c94ab70000",1428,96038580466793,96038580469278
"MEMORY_ALLOCATION","MEMORY_ALLOCATION_ALLOCATE","Agent 2",130560,"0x000074c94ab75000",1430,96038580541937,96038580543070
"MEMORY_ALLOCATION","MEMORY_ALLOCATION_ALLOCATE","Agent 2",20480,"0x000074c94ab95000",1432,96038580588747,96038580589659
"MEMORY_ALLOCATION","MEMORY_ALLOCATION_ALLOCATE","Agent 2",130560,"0x000074c94ab9a000",1434,96038580933550,96038580934732
"MEMORY_ALLOCATION","MEMORY_ALLOCATION_ALLOCATE","Agent 2",20480,"0x000074c94abba000",1436,96038581055795,96038581056927
"MEMORY_ALLOCATION","MEMORY_ALLOCATION_ALLOCATE","Agent 2",256,"0x000074c94abbf000",1438,96038581087235,96038581087967
"MEMORY_ALLOCATION","MEMORY_ALLOCATION_ALLOCATE","Agent 2",256,"0x000074c94abc0000",1440,96038581171257,96038581172369
"MEMORY_ALLOCATION","MEMORY_ALLOCATION_ALLOCATE","Agent 2",163840,"0x000074c94abc1000",1442,96038581300555,96038581301557
"MEMORY_ALLOCATION","MEMORY_ALLOCATION_ALLOCATE","Agent 2",512,"0x000074c94abe9000",1444,96038581343999,96038581344981
"MEMORY_ALLOCATION","MEMORY_ALLOCATION_ALLOCATE","Agent 2",16711680,"0x000074c914c00000",1446,96038588121712,96038588196606
"MEMORY_ALLOCATION","MEMORY_ALLOCATION_ALLOCATE","Agent 2",20480,"0x000074c94abea000",1448,96038588989650,96038588990973
"MEMORY_ALLOCATION","MEMORY_ALLOCATION_ALLOCATE","Agent 2",47349760,"0x000074c911c00000",1450,96038606772501,96038606942137
"MEMORY_ALLOCATION","MEMORY_ALLOCATION_ALLOCATE","Agent 2",20480,"0x000074c94abef000",1452,96038608834153,96038608836647
"MEMORY_ALLOCATION","MEMORY_ALLOCATION_ALLOCATE","Agent 2",47349760,"0x000074c90ec00000",1454,96038627636232,96038627812450
"MEMORY_ALLOCATION","MEMORY_ALLOCATION_ALLOCATE","Agent 2",20480,"0x000074c94abf4000",1456,96038629709195,96038629713413
"MEMORY_ALLOCATION","MEMORY_ALLOCATION_ALLOCATE","Agent 2",47349760,"0x000074c90bc00000",1458,96038646022282,96038646267453
"MEMORY_ALLOCATION","MEMORY_ALLOCATION_ALLOCATE","Agent 2",20480,"0x000074c94abf9000",1460,96038648257968,96038648262046
"MEMORY_ALLOCATION","MEMORY_ALLOCATION_ALLOCATE","Agent 2",27852800,"0x000074c909e00000",1462,96038657398021,96038657540916
"MEMORY_ALLOCATION","MEMORY_ALLOCATION_ALLOCATE","Agent 2",20480,"0x000074c909a00000",1464,96038658726273,96038658768895
"MEMORY_ALLOCATION","MEMORY_ALLOCATION_ALLOCATE","Agent 2",16711680,"0x000074c908800000",1466,96038664470742,96038664543722
"MEMORY_ALLOCATION","MEMORY_ALLOCATION_ALLOCATE","Agent 2",20480,"0x000074c909a05000",1468,96038665345983,96038665347286
"MEMORY_ALLOCATION","MEMORY_ALLOCATION_ALLOCATE","Agent 2",130560,"0x000074c909a0a000",1470,96038665739179,96038665740642
"MEMORY_ALLOCATION","MEMORY_ALLOCATION_ALLOCATE","Agent 2",20480,"0x000074c909a2a000",1472,96038666023525,96038666024918
"MEMORY_ALLOCATION","MEMORY_ALLOCATION_ALLOCATE","Agent 2",130560,"0x000074c909a2f000",1474,96038666085184,96038666086206
"MEMORY_ALLOCATION","MEMORY_ALLOCATION_ALLOCATE","Agent 2",20480,"0x000074c909a4f000",1476,96038666138817,96038666139739
"MEMORY_ALLOCATION","MEMORY_ALLOCATION_ALLOCATE","Agent 2",256,"0x000074c94abfe000",1478,96038666165338,96038666168855
"MEMORY_ALLOCATION","MEMORY_ALLOCATION_ALLOCATE","Agent 2",256,"0x000074c94abff000",1480,96038666255311,96038666256263
"MEMORY_ALLOCATION","MEMORY_ALLOCATION_ALLOCATE","Agent 2",163840,"0x000074c909a54000",1482,96038666411270,96038666412593
"MEMORY_ALLOCATION","MEMORY_ALLOCATION_ALLOCATE","Agent 2",512,"0x000074c909a7c000",1484,96038666456016,96038666457139
"MEMORY_ALLOCATION","MEMORY_ALLOCATION_ALLOCATE","Agent 2",16711680,"0x000074c907600000",1486,96038673049075,96038673145681
"MEMORY_ALLOCATION","MEMORY_ALLOCATION_ALLOCATE","Agent 2",20480,"0x000074c909a7d000",1488,96038673967230,96038673968632
"MEMORY_ALLOCATION","MEMORY_ALLOCATION_ALLOCATE","Agent 2",47349760,"0x000074c904600000",1490,96038691084702,96038691316116
"MEMORY_ALLOCATION","MEMORY_ALLOCATION_ALLOCATE","Agent 2",20480,"0x000074c909a82000",1492,96038693192873,96038693194847
"MEMORY_ALLOCATION","MEMORY_ALLOCATION_ALLOCATE","Agent 2",47349760,"0x000074c901600000",1494,96038710706266,96038710856104
"MEMORY_ALLOCATION","MEMORY_ALLOCATION_ALLOCATE","Agent 2",20480,"0x000074c909a87000",1496,96038712750073,96038712752348
"MEMORY_ALLOCATION","MEMORY_ALLOCATION_ALLOCATE","Agent 2",47349760,"0x000074c8fe600000",1498,96038729087436,96038729393404
"MEMORY_ALLOCATION","MEMORY_ALLOCATION_ALLOCATE","Agent 2",20480,"0x000074c909a8c000",1500,96038731242077,96038731244471
"MEMORY_ALLOCATION","MEMORY_ALLOCATION_ALLOCATE","Agent 2",33423360,"0x000074c8fc400000",1502,96038742017592,96038742164304
"MEMORY_ALLOCATION","MEMORY_ALLOCATION_ALLOCATE","Agent 2",20480,"0x000074c909a91000",1504,96038743539767,96038743541360
"MEMORY_ALLOCATION","MEMORY_ALLOCATION_ALLOCATE","Agent 2",2785280,"0x000074c8fbe00000",1506,96038745601970,96038745670351
"MEMORY_ALLOCATION","MEMORY_ALLOCATION_ALLOCATE","Agent 2",20480,"0x000074c909a96000",1508,96038745972903,96038745974476
"MEMORY_ALLOCATION","MEMORY_ALLOCATION_ALLOCATE","Agent 2",2785280,"0x000074c8fb800000",1510,96038747599268,96038747663792
"MEMORY_ALLOCATION","MEMORY_ALLOCATION_ALLOCATE","Agent 2",20480,"0x000074c909a9b000",1512,96038747965632,96038747966864
"MEMORY_ALLOCATION","MEMORY_ALLOCATION_ALLOCATE","Agent 2",16711680,"0x000074c8fa600000",1514,96038754170305,96038754249226
"MEMORY_ALLOCATION","MEMORY_ALLOCATION_ALLOCATE","Agent 2",1024,"0x000074c909aa0000",1516,96038755036178,96038755037852
"MEMORY_ALLOCATION","MEMORY_ALLOCATION_ALLOCATE","Agent 2",1024,"0x000074c909aa1000",1518,96038755408454,96038755409796
"MEMORY_ALLOCATION","MEMORY_ALLOCATION_ALLOCATE","Agent 2",20480,"0x000074c909aa2000",1520,96038755615902,96038755617055
"MEMORY_ALLOCATION","MEMORY_ALLOCATION_ALLOCATE","Agent 2",47349760,"0x000074c8f7600000",1522,96038772850860,96038773089319
"MEMORY_ALLOCATION","MEMORY_ALLOCATION_ALLOCATE","Agent 2",20480,"0x000074c909aa7000",1524,96038774974792,96038774977367
"MEMORY_ALLOCATION","MEMORY_ALLOCATION_ALLOCATE","Agent 2",47349760,"0x000074c8f4600000",1526,96038790320710,96038790655002
"MEMORY_ALLOCATION","MEMORY_ALLOCATION_ALLOCATE","Agent 2",20480,"0x000074c909aac000",1528,96038792544884,96038792547819
"MEMORY_ALLOCATION","MEMORY_ALLOCATION_ALLOCATE","Agent 2",47349760,"0x000074c8f1600000",1530,96038809785462,96038810157397
"MEMORY_ALLOCATION","MEMORY_ALLOCATION_ALLOCATE","Agent 2",20480,"0x000074c909ab1000",1532,96038812198930,96038812202367
"MEMORY_ALLOCATION","MEMORY_ALLOCATION_ALLOCATE","Agent 2",27852800,"0x000074c8ef800000",1534,96038822573315,96038822745967
"MEMORY_ALLOCATION","MEMORY_ALLOCATION_ALLOCATE","Agent 2",20480,"0x000074c909ab6000",1536,96038823922187,96038823924832
"MEMORY_ALLOCATION","MEMORY_ALLOCATION_ALLOCATE","Agent 2",16711680,"0x000074c8ee600000",1538,96038830250878,96038830329208
"MEMORY_ALLOCATION","MEMORY_ALLOCATION_ALLOCATE","Agent 2",20480,"0x000074c909abb000",1540,96038831117293,96038831119597
"MEMORY_ALLOCATION","MEMORY_ALLOCATION_ALLOCATE","Agent 2",130560,"0x000074c909ac0000",1542,96038831171647,96038831173451
"MEMORY_ALLOCATION","MEMORY_ALLOCATION_ALLOCATE","Agent 2",20480,"0x000074c909ae0000",1544,96038831227615,96038831228547
"MEMORY_ALLOCATION","MEMORY_ALLOCATION_ALLOCATE","Agent 2",130560,"0x000074c909ae5000",1546,96038831572377,96038831573489
"MEMORY_ALLOCATION","MEMORY_ALLOCATION_ALLOCATE","Agent 2",20480,"0x000074c909b05000",1548,96038831760549,96038831761781
"MEMORY_ALLOCATION","MEMORY_ALLOCATION_ALLOCATE","Agent 2",256,"0x000074c909b0a000",1550,96038831791298,96038831792039
"MEMORY_ALLOCATION","MEMORY_ALLOCATION_ALLOCATE","Agent 2",256,"0x000074c909b0b000",1552,96038831875069,96038831876131
"MEMORY_ALLOCATION","MEMORY_ALLOCATION_ALLOCATE","Agent 2",163840,"0x000074c909b0c000",1554,96038832061397,96038832062910
"MEMORY_ALLOCATION","MEMORY_ALLOCATION_ALLOCATE","Agent 2",512,"0x000074c909b34000",1556,96038832106023,96038832106924
"MEMORY_ALLOCATION","MEMORY_ALLOCATION_ALLOCATE","Agent 2",16711680,"0x000074c8ed400000",1558,96038838769577,96038838893245
"MEMORY_ALLOCATION","MEMORY_ALLOCATION_ALLOCATE","Agent 2",20480,"0x000074c909b35000",1560,96038839703191,96038839705536
"MEMORY_ALLOCATION","MEMORY_ALLOCATION_ALLOCATE","Agent 2",47349760,"0x000074c8ea400000",1562,96038859463902,96038859626084
"MEMORY_ALLOCATION","MEMORY_ALLOCATION_ALLOCATE","Agent 2",20480,"0x000074c909b3a000",1564,96038861514433,96038861517298
"MEMORY_ALLOCATION","MEMORY_ALLOCATION_ALLOCATE","Agent 2",47349760,"0x000074c8e7400000",1566,96038881743374,96038881939651
"MEMORY_ALLOCATION","MEMORY_ALLOCATION_ALLOCATE","Agent 2",20480,"0x000074c909b3f000",1568,96038883834302,96038883837458
"MEMORY_ALLOCATION","MEMORY_ALLOCATION_ALLOCATE","Agent 2",47349760,"0x000074c8e4400000",1570,96038905096588,96038905270493
"MEMORY_ALLOCATION","MEMORY_ALLOCATION_ALLOCATE","Agent 2",20480,"0x000074c909b44000",1572,96038907250708,96038907255046
"MEMORY_ALLOCATION","MEMORY_ALLOCATION_ALLOCATE","Agent 2",27852800,"0x000074c8e2600000",1574,96038916828512,96038917177122
"MEMORY_ALLOCATION","MEMORY_ALLOCATION_ALLOCATE","Agent 2",20480,"0x000074c909b49000",1576,96038918360265,96038918362660
"MEMORY_ALLOCATION","MEMORY_ALLOCATION_ALLOCATE","Agent 2",16711680,"0x000074c8e1400000",1578,96038926405865,96038926671646
"MEMORY_ALLOCATION","MEMORY_ALLOCATION_ALLOCATE","Agent 2",20480,"0x000074c909b4e000",1580,96038927476883,96038927478386
"MEMORY_ALLOCATION","MEMORY_ALLOCATION_ALLOCATE","Agent 2",130560,"0x000074c909b53000",1582,96038927586885,96038927588187
"MEMORY_ALLOCATION","MEMORY_ALLOCATION_ALLOCATE","Agent 2",20480,"0x000074c909b73000",1584,96038927911308,96038927912691
"MEMORY_ALLOCATION","MEMORY_ALLOCATION_ALLOCATE","Agent 2",130560,"0x000074c909b78000",1586,96038928234229,96038928235792
"MEMORY_ALLOCATION","MEMORY_ALLOCATION_ALLOCATE","Agent 2",20480,"0x000074c909b98000",1588,96038928293342,96038928294474
"MEMORY_ALLOCATION","MEMORY_ALLOCATION_ALLOCATE","Agent 2",256,"0x000074c909b9d000",1590,96038928319713,96038928320434
"MEMORY_ALLOCATION","MEMORY_ALLOCATION_ALLOCATE","Agent 2",256,"0x000074c909b9e000",1592,96038928407181,96038928408333
"MEMORY_ALLOCATION","MEMORY_ALLOCATION_ALLOCATE","Agent 2",163840,"0x000074c909b9f000",1594,96038928558331,96038928559524
"MEMORY_ALLOCATION","MEMORY_ALLOCATION_ALLOCATE","Agent 2",512,"0x000074c909bc7000",1596,96038928610321,96038928611363
"MEMORY_ALLOCATION","MEMORY_ALLOCATION_ALLOCATE","Agent 2",16711680,"0x000074c8e0200000",1598,96038936624251,96038936715676
"MEMORY_ALLOCATION","MEMORY_ALLOCATION_ALLOCATE","Agent 2",20480,"0x000074c909bc8000",1600,96038937516375,96038937517908
"MEMORY_ALLOCATION","MEMORY_ALLOCATION_ALLOCATE","Agent 2",47349760,"0x000074c8dd200000",1602,96038958347062,96038958549381
"MEMORY_ALLOCATION","MEMORY_ALLOCATION_ALLOCATE","Agent 2",20480,"0x000074c909bcd000",1604,96038960867075,96038960871263
"MEMORY_ALLOCATION","MEMORY_ALLOCATION_ALLOCATE","Agent 2",47349760,"0x000074c8da200000",1606,96038982959376,96038983150774
"MEMORY_ALLOCATION","MEMORY_ALLOCATION_ALLOCATE","Agent 2",20480,"0x000074c909bd2000",1608,96038985068920,96038985075032
"MEMORY_ALLOCATION","MEMORY_ALLOCATION_ALLOCATE","Agent 2",47349760,"0x000074c8d7200000",1610,96039002510455,96039002718525
"MEMORY_ALLOCATION","MEMORY_ALLOCATION_ALLOCATE","Agent 2",20480,"0x000074c909bd7000",1612,96039004735160,96039004739809
"MEMORY_ALLOCATION","MEMORY_ALLOCATION_ALLOCATE","Agent 2",27852800,"0x000074c8d5400000",1614,96039017347856,96039017495039
"MEMORY_ALLOCATION","MEMORY_ALLOCATION_ALLOCATE","Agent 2",20480,"0x000074c909bdc000",1616,96039018678703,96039018682480
"MEMORY_ALLOCATION","MEMORY_ALLOCATION_ALLOCATE","Agent 2",16711680,"0x000074c8d4200000",1618,96039025795228,96039025913806
"MEMORY_ALLOCATION","MEMORY_ALLOCATION_ALLOCATE","Agent 2",20480,"0x000074c909be1000",1620,96039026736126,96039026739873
"MEMORY_ALLOCATION","MEMORY_ALLOCATION_ALLOCATE","Agent 2",130560,"0x000074c8d3e00000",1622,96039027162555,96039027212161
"MEMORY_ALLOCATION","MEMORY_ALLOCATION_ALLOCATE","Agent 2",20480,"0x000074c909be6000",1624,96039027436261,96039027437975
"MEMORY_ALLOCATION","MEMORY_ALLOCATION_ALLOCATE","Agent 2",130560,"0x000074c8d3e20000",1626,96039027498010,96039027499583
"MEMORY_ALLOCATION","MEMORY_ALLOCATION_ALLOCATE","Agent 2",20480,"0x000074c909beb000",1628,96039027550190,96039027551413
"MEMORY_ALLOCATION","MEMORY_ALLOCATION_ALLOCATE","Agent 2",256,"0x000074c909bf0000",1630,96039027576681,96039027577663
"MEMORY_ALLOCATION","MEMORY_ALLOCATION_ALLOCATE","Agent 2",256,"0x000074c909bf1000",1632,96039027662466,96039027663728
"MEMORY_ALLOCATION","MEMORY_ALLOCATION_ALLOCATE","Agent 2",163840,"0x000074c8d3e40000",1634,96039027828856,96039027830178
"MEMORY_ALLOCATION","MEMORY_ALLOCATION_ALLOCATE","Agent 2",512,"0x000074c909bf2000",1636,96039027874453,96039027875836
"MEMORY_ALLOCATION","MEMORY_ALLOCATION_ALLOCATE","Agent 2",16711680,"0x000074c8d2c00000",1638,96039035266027,96039035434490
"MEMORY_ALLOCATION","MEMORY_ALLOCATION_ALLOCATE","Agent 2",20480,"0x000074c909bf3000",1640,96039036269956,96039036271659
"MEMORY_ALLOCATION","MEMORY_ALLOCATION_ALLOCATE","Agent 2",47349760,"0x000074c8cfc00000",1642,96039056326606,96039056533052
"MEMORY_ALLOCATION","MEMORY_ALLOCATION_ALLOCATE","Agent 2",20480,"0x000074c909bf8000",1644,96039058761084,96039058763779
"MEMORY_ALLOCATION","MEMORY_ALLOCATION_ALLOCATE","Agent 2",47349760,"0x000074c8ccc00000",1646,96039076452779,96039076700786
"MEMORY_ALLOCATION","MEMORY_ALLOCATION_ALLOCATE","Agent 2",20480,"0x000074c8d3e68000",1648,96039078585117,96039078587051
"MEMORY_ALLOCATION","MEMORY_ALLOCATION_ALLOCATE","Agent 2",47349760,"0x000074c8c9c00000",1650,96039098053376,96039098223162
"MEMORY_ALLOCATION","MEMORY_ALLOCATION_ALLOCATE","Agent 2",20480,"0x000074c8d3e6d000",1652,96039100244156,96039100246580
"MEMORY_ALLOCATION","MEMORY_ALLOCATION_ALLOCATE","Agent 2",33423360,"0x000074c8c7a00000",1654,96039113011860,96039113143573
"MEMORY_ALLOCATION","MEMORY_ALLOCATION_ALLOCATE","Agent 2",20480,"0x000074c8d3e72000",1656,96039114513115,96039114514818
"MEMORY_ALLOCATION","MEMORY_ALLOCATION_ALLOCATE","Agent 2",2785280,"0x000074c8c7400000",1658,96039116780682,96039116861647
"MEMORY_ALLOCATION","MEMORY_ALLOCATION_ALLOCATE","Agent 2",20480,"0x000074c8d3e77000",1660,96039117172375,96039117173747
"MEMORY_ALLOCATION","MEMORY_ALLOCATION_ALLOCATE","Agent 2",2785280,"0x000074c8c6e00000",1662,96039118933689,96039119023491
"MEMORY_ALLOCATION","MEMORY_ALLOCATION_ALLOCATE","Agent 2",20480,"0x000074c8d3e7c000",1664,96039119331093,96039119332485
"MEMORY_ALLOCATION","MEMORY_ALLOCATION_ALLOCATE","Agent 2",16711680,"0x000074c8c5c00000",1666,96039125961884,96039126058690
"MEMORY_ALLOCATION","MEMORY_ALLOCATION_ALLOCATE","Agent 2",1024,"0x000074c909bfd000",1668,96039126871281,96039126875690
"MEMORY_ALLOCATION","MEMORY_ALLOCATION_ALLOCATE","Agent 2",1024,"0x000074c909bfe000",1670,96039126962276,96039126963789
"MEMORY_ALLOCATION","MEMORY_ALLOCATION_ALLOCATE","Agent 2",20480,"0x000074c8d3e81000",1672,96039127151290,96039127152812
"MEMORY_ALLOCATION","MEMORY_ALLOCATION_ALLOCATE","Agent 2",47349760,"0x000074c8c2c00000",1674,96039148619843,96039148803826
"MEMORY_ALLOCATION","MEMORY_ALLOCATION_ALLOCATE","Agent 2",20480,"0x000074c8d3e86000",1676,96039151093446,96039151095430
"MEMORY_ALLOCATION","MEMORY_ALLOCATION_ALLOCATE","Agent 2",47349760,"0x000074c8bfc00000",1678,96039170233435,96039170600700
"MEMORY_ALLOCATION","MEMORY_ALLOCATION_ALLOCATE","Agent 2",20480,"0x000074c8d3e8b000",1680,96039172340033,96039172342587
"MEMORY_ALLOCATION","MEMORY_ALLOCATION_ALLOCATE","Agent 2",47349760,"0x000074c8bcc00000",1682,96039194661845,96039194910543
"MEMORY_ALLOCATION","MEMORY_ALLOCATION_ALLOCATE","Agent 2",20480,"0x000074c8d3e90000",1684,96039196948870,96039196952086
"MEMORY_ALLOCATION","MEMORY_ALLOCATION_ALLOCATE","Agent 2",27852800,"0x000074c8bae00000",1686,96039208058097,96039208147699
"MEMORY_ALLOCATION","MEMORY_ALLOCATION_ALLOCATE","Agent 2",20480,"0x000074c8d3e95000",1688,96039209331173,96039209333117
"MEMORY_ALLOCATION","MEMORY_ALLOCATION_ALLOCATE","Agent 2",16711680,"0x000074c8b9c00000",1690,96039217307480,96039217462268
"MEMORY_ALLOCATION","MEMORY_ALLOCATION_ALLOCATE","Agent 2",20480,"0x000074c8d3e9a000",1692,96039218256464,96039218258257
"MEMORY_ALLOCATION","MEMORY_ALLOCATION_ALLOCATE","Agent 2",130560,"0x000074c8d3e9f000",1694,96039218319265,96039218320517
"MEMORY_ALLOCATION","MEMORY_ALLOCATION_ALLOCATE","Agent 2",20480,"0x000074c8d3ebf000",1696,96039218377587,96039218378849
"MEMORY_ALLOCATION","MEMORY_ALLOCATION_ALLOCATE","Agent 2",130560,"0x000074c8d3ec4000",1698,96039218723752,96039218725124
"MEMORY_ALLOCATION","MEMORY_ALLOCATION_ALLOCATE","Agent 2",20480,"0x000074c8d3ee4000",1700,96039218894991,96039218896434
"MEMORY_ALLOCATION","MEMORY_ALLOCATION_ALLOCATE","Agent 2",256,"0x000074c909bff000",1702,96039218927744,96039218931281
"MEMORY_ALLOCATION","MEMORY_ALLOCATION_ALLOCATE","Agent 2",256,"0x000074c8d3ee9000",1704,96039219056611,96039219057944
"MEMORY_ALLOCATION","MEMORY_ALLOCATION_ALLOCATE","Agent 2",163840,"0x000074c8d3eea000",1706,96039219217200,96039219218512
"MEMORY_ALLOCATION","MEMORY_ALLOCATION_ALLOCATE","Agent 2",512,"0x000074c8d3f12000",1708,96039219261475,96039219262717
"MEMORY_ALLOCATION","MEMORY_ALLOCATION_ALLOCATE","Agent 2",16711680,"0x000074c8b8a00000",1710,96039226407196,96039226549389
"MEMORY_ALLOCATION","MEMORY_ALLOCATION_ALLOCATE","Agent 2",20480,"0x000074c8d3f13000",1712,96039227348725,96039227350609
"MEMORY_ALLOCATION","MEMORY_ALLOCATION_ALLOCATE","Agent 2",47349760,"0x000074c8b5a00000",1714,96039245861990,96039246072544
"MEMORY_ALLOCATION","MEMORY_ALLOCATION_ALLOCATE","Agent 2",20480,"0x000074c8d3f18000",1716,96039247948359,96039247950483
"MEMORY_ALLOCATION","MEMORY_ALLOCATION_ALLOCATE","Agent 2",47349760,"0x000074c8b2a00000",1718,96039264622910,96039264818365
"MEMORY_ALLOCATION","MEMORY_ALLOCATION_ALLOCATE","Agent 2",20480,"0x000074c8d3f1d000",1720,96039266691996,96039266694420
"MEMORY_ALLOCATION","MEMORY_ALLOCATION_ALLOCATE","Agent 2",47349760,"0x000074c8afa00000",1722,96039284114975,96039284475989
"MEMORY_ALLOCATION","MEMORY_ALLOCATION_ALLOCATE","Agent 2",20480,"0x000074c8d3f22000",1724,96039286459831,96039286463007
"MEMORY_ALLOCATION","MEMORY_ALLOCATION_ALLOCATE","Agent 2",27852800,"0x000074c8adc00000",1726,96039296501937,96039296647988
"MEMORY_ALLOCATION","MEMORY_ALLOCATION_ALLOCATE","Agent 2",20480,"0x000074c8d3f27000",1728,96039297829478,96039297831773
"MEMORY_ALLOCATION","MEMORY_ALLOCATION_ALLOCATE","Agent 2",16711680,"0x000074c8aca00000",1730,96039303218474,96039303305311
"MEMORY_ALLOCATION","MEMORY_ALLOCATION_ALLOCATE","Agent 2",20480,"0x000074c8d3f2c000",1732,96039304091261,96039304092934
"MEMORY_ALLOCATION","MEMORY_ALLOCATION_ALLOCATE","Agent 2",130560,"0x000074c8d3f31000",1734,96039304151006,96039304152148
"MEMORY_ALLOCATION","MEMORY_ALLOCATION_ALLOCATE","Agent 2",20480,"0x000074c8d3f51000",1736,96039304198016,96039304198928
"MEMORY_ALLOCATION","MEMORY_ALLOCATION_ALLOCATE","Agent 2",130560,"0x000074c8d3f56000",1738,96039304558909,96039304560292
"MEMORY_ALLOCATION","MEMORY_ALLOCATION_ALLOCATE","Agent 2",20480,"0x000074c8d3f76000",1740,96039304900626,96039304901618
"MEMORY_ALLOCATION","MEMORY_ALLOCATION_ALLOCATE","Agent 2",256,"0x000074c8d3f7b000",1742,96039304929682,96039304930293
"MEMORY_ALLOCATION","MEMORY_ALLOCATION_ALLOCATE","Agent 2",256,"0x000074c8d3f7c000",1744,96039305041306,96039305042779
"MEMORY_ALLOCATION","MEMORY_ALLOCATION_ALLOCATE","Agent 2",163840,"0x000074c8d3f7d000",1746,96039305187177,96039305188519
"MEMORY_ALLOCATION","MEMORY_ALLOCATION_ALLOCATE","Agent 2",512,"0x000074c8d3fa5000",1748,96039305230059,96039305230861
"MEMORY_ALLOCATION","MEMORY_ALLOCATION_ALLOCATE","Agent 2",16711680,"0x000074c8ab800000",1750,96039312838880,96039312985101
"MEMORY_ALLOCATION","MEMORY_ALLOCATION_ALLOCATE","Agent 2",20480,"0x000074c8d3fa6000",1752,96039313838871,96039313840134
"MEMORY_ALLOCATION","MEMORY_ALLOCATION_ALLOCATE","Agent 2",47349760,"0x000074c8a8800000",1754,96039330403511,96039330733485
"MEMORY_ALLOCATION","MEMORY_ALLOCATION_ALLOCATE","Agent 2",20480,"0x000074c8d3fab000",1756,96039332601756,96039332603649
"MEMORY_ALLOCATION","MEMORY_ALLOCATION_ALLOCATE","Agent 2",47349760,"0x000074c8a5800000",1758,96039351769728,96039351992195
"MEMORY_ALLOCATION","MEMORY_ALLOCATION_ALLOCATE","Agent 2",20480,"0x000074c8d3fb0000",1760,96039353894320,96039353897166
"MEMORY_ALLOCATION","MEMORY_ALLOCATION_ALLOCATE","Agent 2",47349760,"0x000074c8a2800000",1762,96039370278353,96039370427109
"MEMORY_ALLOCATION","MEMORY_ALLOCATION_ALLOCATE","Agent 2",20480,"0x000074c8d3fb5000",1764,96039372412114,96039372415190
"MEMORY_ALLOCATION","MEMORY_ALLOCATION_ALLOCATE","Agent 2",27852800,"0x000074c8a0a00000",1766,96039385729093,96039385859704
"MEMORY_ALLOCATION","MEMORY_ALLOCATION_ALLOCATE","Agent 2",20480,"0x000074c8d3fba000",1768,96039387045723,96039387048739
"MEMORY_ALLOCATION","MEMORY_ALLOCATION_ALLOCATE","Agent 2",16711680,"0x000074c89f800000",1770,96039393434790,96039393535023
"MEMORY_ALLOCATION","MEMORY_ALLOCATION_ALLOCATE","Agent 2",20480,"0x000074c8d3fbf000",1772,96039394330261,96039394332946
"MEMORY_ALLOCATION","MEMORY_ALLOCATION_ALLOCATE","Agent 2",130560,"0x000074c8d3fc4000",1774,96039394733656,96039394735469
"MEMORY_ALLOCATION","MEMORY_ALLOCATION_ALLOCATE","Agent 2",20480,"0x000074c8d3fe4000",1776,96039394998154,96039394999146
"MEMORY_ALLOCATION","MEMORY_ALLOCATION_ALLOCATE","Agent 2",130560,"0x000074c89f400000",1778,96039395070734,96039395128996
"MEMORY_ALLOCATION","MEMORY_ALLOCATION_ALLOCATE","Agent 2",20480,"0x000074c8d3fe9000",1780,96039395187618,96039395189011
"MEMORY_ALLOCATION","MEMORY_ALLOCATION_ALLOCATE","Agent 2",256,"0x000074c8d3fee000",1782,96039395215011,96039395215963
"MEMORY_ALLOCATION","MEMORY_ALLOCATION_ALLOCATE","Agent 2",256,"0x000074c8d3fef000",1784,96039395294554,96039395296377
"MEMORY_ALLOCATION","MEMORY_ALLOCATION_ALLOCATE","Agent 2",163840,"0x000074c89f420000",1786,96039395449471,96039395450684
"MEMORY_ALLOCATION","MEMORY_ALLOCATION_ALLOCATE","Agent 2",512,"0x000074c8d3ff0000",1788,96039395494047,96039395495370
"MEMORY_ALLOCATION","MEMORY_ALLOCATION_ALLOCATE","Agent 2",16711680,"0x000074c89e200000",1790,96039401273493,96039401343657
"MEMORY_ALLOCATION","MEMORY_ALLOCATION_ALLOCATE","Agent 2",20480,"0x000074c8d3ff1000",1792,96039402136691,96039402137944
"MEMORY_ALLOCATION","MEMORY_ALLOCATION_ALLOCATE","Agent 2",47349760,"0x000074c89b200000",1794,96039419154682,96039419306434
"MEMORY_ALLOCATION","MEMORY_ALLOCATION_ALLOCATE","Agent 2",20480,"0x000074c8d3ff6000",1796,96039421187118,96039421190003
"MEMORY_ALLOCATION","MEMORY_ALLOCATION_ALLOCATE","Agent 2",47349760,"0x000074c898200000",1798,96039441710415,96039441851275
"MEMORY_ALLOCATION","MEMORY_ALLOCATION_ALLOCATE","Agent 2",20480,"0x000074c8d3ffb000",1800,96039443725116,96039443727410
"MEMORY_ALLOCATION","MEMORY_ALLOCATION_ALLOCATE","Agent 2",47349760,"0x000074c895200000",1802,96039459987375,96039460156600
"MEMORY_ALLOCATION","MEMORY_ALLOCATION_ALLOCATE","Agent 2",20480,"0x000074c89f448000",1804,96039462172043,96039462174418
"MEMORY_ALLOCATION","MEMORY_ALLOCATION_ALLOCATE","Agent 2",33423360,"0x000074c893000000",1806,96039473197900,96039473505250
"MEMORY_ALLOCATION","MEMORY_ALLOCATION_ALLOCATE","Agent 2",20480,"0x000074c89f44d000",1808,96039474874862,96039474876576
"MEMORY_ALLOCATION","MEMORY_ALLOCATION_ALLOCATE","Agent 2",2785280,"0x000074c892a00000",1810,96039477542598,96039477624796
"MEMORY_ALLOCATION","MEMORY_ALLOCATION_ALLOCATE","Agent 2",20480,"0x000074c89f452000",1812,96039477929151,96039477930694
"MEMORY_ALLOCATION","MEMORY_ALLOCATION_ALLOCATE","Agent 2",2785280,"0x000074c892400000",1814,96039479857346,96039479932942
"MEMORY_ALLOCATION","MEMORY_ALLOCATION_ALLOCATE","Agent 2",20480,"0x000074c89f457000",1816,96039480256934,96039480258467
"MEMORY_ALLOCATION","MEMORY_ALLOCATION_ALLOCATE","Agent 2",16711680,"0x000074c891200000",1818,96039487952762,96039488095997
"MEMORY_ALLOCATION","MEMORY_ALLOCATION_ALLOCATE","Agent 2",1024,"0x000074c89f45c000",1820,96039488883551,96039488884833
"MEMORY_ALLOCATION","MEMORY_ALLOCATION_ALLOCATE","Agent 2",1024,"0x000074c89f45d000",1822,96039488975337,96039488976299
"MEMORY_ALLOCATION","MEMORY_ALLOCATION_ALLOCATE","Agent 2",20480,"0x000074c89f45e000",1824,96039489212222,96039489213745
"MEMORY_ALLOCATION","MEMORY_ALLOCATION_ALLOCATE","Agent 2",47349760,"0x000074c88e200000",1826,96039505121954,96039505262855
"MEMORY_ALLOCATION","MEMORY_ALLOCATION_ALLOCATE","Agent 2",20480,"0x000074c89f463000",1828,96039507136966,96039507138589
"MEMORY_ALLOCATION","MEMORY_ALLOCATION_ALLOCATE","Agent 2",47349760,"0x000074c88b200000",1830,96039526414198,96039526570959
"MEMORY_ALLOCATION","MEMORY_ALLOCATION_ALLOCATE","Agent 2",20480,"0x000074c89f468000",1832,96039528456182,96039528458386
"MEMORY_ALLOCATION","MEMORY_ALLOCATION_ALLOCATE","Agent 2",47349760,"0x000074c888200000",1834,96039545387066,96039545483822
"MEMORY_ALLOCATION","MEMORY_ALLOCATION_ALLOCATE","Agent 2",20480,"0x000074c89f46d000",1836,96039547521938,96039547524924
"MEMORY_ALLOCATION","MEMORY_ALLOCATION_ALLOCATE","Agent 2",27852800,"0x000074c886400000",1838,96039558152746,96039558295550
"MEMORY_ALLOCATION","MEMORY_ALLOCATION_ALLOCATE","Agent 2",20480,"0x000074c89f472000",1840,96039559474686,96039559476550
"MEMORY_ALLOCATION","MEMORY_ALLOCATION_ALLOCATE","Agent 2",16711680,"0x000074c885200000",1842,96039566840781,96039567030265
"MEMORY_ALLOCATION","MEMORY_ALLOCATION_ALLOCATE","Agent 2",20480,"0x000074c89f477000",1844,96039567817698,96039567819271
"MEMORY_ALLOCATION","MEMORY_ALLOCATION_ALLOCATE","Agent 2",130560,"0x000074c89f47c000",1846,96039567873976,96039567875258
"MEMORY_ALLOCATION","MEMORY_ALLOCATION_ALLOCATE","Agent 2",20480,"0x000074c89f49c000",1848,96039567928300,96039567929322
"MEMORY_ALLOCATION","MEMORY_ALLOCATION_ALLOCATE","Agent 2",130560,"0x000074c89f4a1000",1850,96039568267222,96039568268374
"MEMORY_ALLOCATION","MEMORY_ALLOCATION_ALLOCATE","Agent 2",20480,"0x000074c89f4c1000",1852,96039568382764,96039568383786
"MEMORY_ALLOCATION","MEMORY_ALLOCATION_ALLOCATE","Agent 2",256,"0x000074c89f4c6000",1854,96039568420015,96039568420747
"MEMORY_ALLOCATION","MEMORY_ALLOCATION_ALLOCATE","Agent 2",256,"0x000074c89f4c7000",1856,96039568502454,96039568503456
"MEMORY_ALLOCATION","MEMORY_ALLOCATION_ALLOCATE","Agent 2",163840,"0x000074c89f4c8000",1858,96039568663864,96039568664986
"MEMORY_ALLOCATION","MEMORY_ALLOCATION_ALLOCATE","Agent 2",512,"0x000074c89f4f0000",1860,96039568704492,96039568705203
"MEMORY_ALLOCATION","MEMORY_ALLOCATION_ALLOCATE","Agent 2",16711680,"0x000074c884000000",1862,96039575645680,96039575779657
"MEMORY_ALLOCATION","MEMORY_ALLOCATION_ALLOCATE","Agent 2",20480,"0x000074c89f4f1000",1864,96039576577160,96039576578362
"MEMORY_ALLOCATION","MEMORY_ALLOCATION_ALLOCATE","Agent 2",47349760,"0x000074c881000000",1866,96039592818308,96039592963196
"MEMORY_ALLOCATION","MEMORY_ALLOCATION_ALLOCATE","Agent 2",20480,"0x000074c89f4f6000",1868,96039594835123,96039594836777
"MEMORY_ALLOCATION","MEMORY_ALLOCATION_ALLOCATE","Agent 2",47349760,"0x000074c87e000000",1870,96039610236638,96039610744845
"MEMORY_ALLOCATION","MEMORY_ALLOCATION_ALLOCATE","Agent 2",20480,"0x000074c89f4fb000",1872,96039612471222,96039612473927
"MEMORY_ALLOCATION","MEMORY_ALLOCATION_ALLOCATE","Agent 2",47349760,"0x000074c87b000000",1874,96039628729333,96039628922154
"MEMORY_ALLOCATION","MEMORY_ALLOCATION_ALLOCATE","Agent 2",20480,"0x000074c89f500000",1876,96039630892249,96039630894604
"MEMORY_ALLOCATION","MEMORY_ALLOCATION_ALLOCATE","Agent 2",27852800,"0x000074c879200000",1878,96039640371224,96039640502336
"MEMORY_ALLOCATION","MEMORY_ALLOCATION_ALLOCATE","Agent 2",20480,"0x000074c89f505000",1880,96039641679478,96039641681111
"MEMORY_ALLOCATION","MEMORY_ALLOCATION_ALLOCATE","Agent 2",16711680,"0x000074c878000000",1882,96039649341972,96039649471190
"MEMORY_ALLOCATION","MEMORY_ALLOCATION_ALLOCATE","Agent 2",20480,"0x000074c89f50a000",1884,96039650259284,96039650260707
"MEMORY_ALLOCATION","MEMORY_ALLOCATION_ALLOCATE","Agent 2",130560,"0x000074c89f50f000",1886,96039650318628,96039650320071
"MEMORY_ALLOCATION","MEMORY_ALLOCATION_ALLOCATE","Agent 2",20480,"0x000074c89f52f000",1888,96039650367292,96039650368114
"MEMORY_ALLOCATION","MEMORY_ALLOCATION_ALLOCATE","Agent 2",130560,"0x000074c89f534000",1890,96039650715712,96039650716854
"MEMORY_ALLOCATION","MEMORY_ALLOCATION_ALLOCATE","Agent 2",20480,"0x000074c89f554000",1892,96039651147441,96039651148423
"MEMORY_ALLOCATION","MEMORY_ALLOCATION_ALLOCATE","Agent 2",256,"0x000074c89f559000",1894,96039651178100,96039651179042
"MEMORY_ALLOCATION","MEMORY_ALLOCATION_ALLOCATE","Agent 2",256,"0x000074c89f55a000",1896,96039651255028,96039651256130
"MEMORY_ALLOCATION","MEMORY_ALLOCATION_ALLOCATE","Agent 2",163840,"0x000074c89f55b000",1898,96039651388254,96039651389506
"MEMORY_ALLOCATION","MEMORY_ALLOCATION_ALLOCATE","Agent 2",512,"0x000074c89f583000",1900,96039651431096,96039651432008
"MEMORY_ALLOCATION","MEMORY_ALLOCATION_ALLOCATE","Agent 2",16711680,"0x000074c876e00000",1902,96039657337035,96039657429362
"MEMORY_ALLOCATION","MEMORY_ALLOCATION_ALLOCATE","Agent 2",20480,"0x000074c89f584000",1904,96039658229991,96039658231594
"MEMORY_ALLOCATION","MEMORY_ALLOCATION_ALLOCATE","Agent 2",47349760,"0x000074c873e00000",1906,96039682940123,96039683062117
"MEMORY_ALLOCATION","MEMORY_ALLOCATION_ALLOCATE","Agent 2",20480,"0x000074c89f589000",1908,96039685459734,96039685461989
"MEMORY_ALLOCATION","MEMORY_ALLOCATION_ALLOCATE","Agent 2",47349760,"0x000074c870e00000",1910,96039702599700,96039702759777
"MEMORY_ALLOCATION","MEMORY_ALLOCATION_ALLOCATE","Agent 2",20480,"0x000074c89f58e000",1912,96039704639159,96039704641974
"MEMORY_ALLOCATION","MEMORY_ALLOCATION_ALLOCATE","Agent 2",47349760,"0x000074c86de00000",1914,96039722983448,96039723235032
"MEMORY_ALLOCATION","MEMORY_ALLOCATION_ALLOCATE","Agent 2",20480,"0x000074c89f593000",1916,96039725213924,96039725217401
"MEMORY_ALLOCATION","MEMORY_ALLOCATION_ALLOCATE","Agent 2",27852800,"0x000074c86c000000",1918,96039734056526,96039734301898
"MEMORY_ALLOCATION","MEMORY_ALLOCATION_ALLOCATE","Agent 2",20480,"0x000074c89f598000",1920,96039735479320,96039735481564
"MEMORY_ALLOCATION","MEMORY_ALLOCATION_ALLOCATE","Agent 2",16711680,"0x000074c86ae00000",1922,96039743242287,96039743386554
"MEMORY_ALLOCATION","MEMORY_ALLOCATION_ALLOCATE","Agent 2",20480,"0x000074c89f59d000",1924,96039744174949,96039744177324
"MEMORY_ALLOCATION","MEMORY_ALLOCATION_ALLOCATE","Agent 2",130560,"0x000074c89f5a2000",1926,96039744571020,96039744572423
"MEMORY_ALLOCATION","MEMORY_ALLOCATION_ALLOCATE","Agent 2",20480,"0x000074c89f5c2000",1928,96039744836961,96039744837793
"MEMORY_ALLOCATION","MEMORY_ALLOCATION_ALLOCATE","Agent 2",130560,"0x000074c89f5c7000",1930,96039744888350,96039744889342
"MEMORY_ALLOCATION","MEMORY_ALLOCATION_ALLOCATE","Agent 2",20480,"0x000074c89f5e7000",1932,96039744932735,96039744933507
"MEMORY_ALLOCATION","MEMORY_ALLOCATION_ALLOCATE","Agent 2",256,"0x000074c89f5ec000",1934,96039744956220,96039744956872
"MEMORY_ALLOCATION","MEMORY_ALLOCATION_ALLOCATE","Agent 2",256,"0x000074c89f5ed000",1936,96039745044350,96039745045191
"MEMORY_ALLOCATION","MEMORY_ALLOCATION_ALLOCATE","Agent 2",163840,"0x000074c86aa00000",1938,96039745178858,96039745224406
"MEMORY_ALLOCATION","MEMORY_ALLOCATION_ALLOCATE","Agent 2",512,"0x000074c89f5ee000",1940,96039745269893,96039745271316
"MEMORY_ALLOCATION","MEMORY_ALLOCATION_ALLOCATE","Agent 2",16711680,"0x000074c869800000",1942,96039753584520,96039753676637
"MEMORY_ALLOCATION","MEMORY_ALLOCATION_ALLOCATE","Agent 2",20480,"0x000074c89f5ef000",1944,96039754683943,96039754685776
"MEMORY_ALLOCATION","MEMORY_ALLOCATION_ALLOCATE","Agent 2",47349760,"0x000074c866800000",1946,96039771324118,96039771489115
"MEMORY_ALLOCATION","MEMORY_ALLOCATION_ALLOCATE","Agent 2",20480,"0x000074c89f5f4000",1948,96039773353969,96039773356043
"MEMORY_ALLOCATION","MEMORY_ALLOCATION_ALLOCATE","Agent 2",47349760,"0x000074c863800000",1950,96039789837403,96039789978844
"MEMORY_ALLOCATION","MEMORY_ALLOCATION_ALLOCATE","Agent 2",20480,"0x000074c89f5f9000",1952,96039791876421,96039791878996
"MEMORY_ALLOCATION","MEMORY_ALLOCATION_ALLOCATE","Agent 2",47349760,"0x000074c860800000",1954,96039808127478,96039808275933
"MEMORY_ALLOCATION","MEMORY_ALLOCATION_ALLOCATE","Agent 2",20480,"0x000074c86aa28000",1956,96039810282028,96039810283812
"MEMORY_ALLOCATION","MEMORY_ALLOCATION_ALLOCATE","Agent 2",33423360,"0x000074c85e600000",1958,96039824421167,96039824567849
"MEMORY_ALLOCATION","MEMORY_ALLOCATION_ALLOCATE","Agent 2",20480,"0x000074c86aa2d000",1960,96039825944274,96039825945867
"MEMORY_ALLOCATION","MEMORY_ALLOCATION_ALLOCATE","Agent 2",2785280,"0x000074c85e000000",1962,96039828199558,96039828276195
"MEMORY_ALLOCATION","MEMORY_ALLOCATION_ALLOCATE","Agent 2",20480,"0x000074c86aa32000",1964,96039828580730,96039828582173
"MEMORY_ALLOCATION","MEMORY_ALLOCATION_ALLOCATE","Agent 2",2785280,"0x000074c85da00000",1966,96039830231352,96039830305084
"MEMORY_ALLOCATION","MEMORY_ALLOCATION_ALLOCATE","Agent 2",20480,"0x000074c86aa37000",1968,96039830613376,96039830614719
"MEMORY_ALLOCATION","MEMORY_ALLOCATION_ALLOCATE","Agent 2",16711680,"0x000074c85c800000",1970,96039837138044,96039837231143
"MEMORY_ALLOCATION","MEMORY_ALLOCATION_ALLOCATE","Agent 2",1024,"0x000074c89f5fe000",1972,96039838031480,96039838035498
"MEMORY_ALLOCATION","MEMORY_ALLOCATION_ALLOCATE","Agent 2",1024,"0x000074c89f5ff000",1974,96039838138135,96039838139197
"MEMORY_ALLOCATION","MEMORY_ALLOCATION_ALLOCATE","Agent 2",20480,"0x000074c86aa3c000",1976,96039838342769,96039838344823
"MEMORY_ALLOCATION","MEMORY_ALLOCATION_ALLOCATE","Agent 2",47349760,"0x000074c859800000",1978,96039854422647,96039854568558
"MEMORY_ALLOCATION","MEMORY_ALLOCATION_ALLOCATE","Agent 2",20480,"0x000074c86aa41000",1980,96039856442699,96039856444773
"MEMORY_ALLOCATION","MEMORY_ALLOCATION_ALLOCATE","Agent 2",47349760,"0x000074c856800000",1982,96039872142938,96039872286083
"MEMORY_ALLOCATION","MEMORY_ALLOCATION_ALLOCATE","Agent 2",20480,"0x000074c86aa46000",1984,96039874168680,96039874170744
"MEMORY_ALLOCATION","MEMORY_ALLOCATION_ALLOCATE","Agent 2",47349760,"0x000074c853800000",1986,96039890317301,96039890413867
"MEMORY_ALLOCATION","MEMORY_ALLOCATION_ALLOCATE","Agent 2",20480,"0x000074c86aa4b000",1988,96039892420613,96039892423408
"MEMORY_ALLOCATION","MEMORY_ALLOCATION_ALLOCATE","Agent 2",27852800,"0x000074c851a00000",1990,96039901931779,96039902074984
"MEMORY_ALLOCATION","MEMORY_ALLOCATION_ALLOCATE","Agent 2",20480,"0x000074c86aa50000",1992,96039903255462,96039903257286
"MEMORY_ALLOCATION","MEMORY_ALLOCATION_ALLOCATE","Agent 2",16711680,"0x000074c850800000",1994,96039908646301,96039908726255
"MEMORY_ALLOCATION","MEMORY_ALLOCATION_ALLOCATE","Agent 2",20480,"0x000074c86aa55000",1996,96039909512716,96039909514540
"MEMORY_ALLOCATION","MEMORY_ALLOCATION_ALLOCATE","Agent 2",130560,"0x000074c86aa5a000",1998,96039909568834,96039909570066
"MEMORY_ALLOCATION","MEMORY_ALLOCATION_ALLOCATE","Agent 2",20480,"0x000074c86aa7a000",2000,96039909618409,96039909619171
"MEMORY_ALLOCATION","MEMORY_ALLOCATION_ALLOCATE","Agent 2",130560,"0x000074c86aa7f000",2002,96039909953042,96039909954175
"MEMORY_ALLOCATION","MEMORY_ALLOCATION_ALLOCATE","Agent 2",20480,"0x000074c86aa9f000",2004,96039910119041,96039910120113
"MEMORY_ALLOCATION","MEMORY_ALLOCATION_ALLOCATE","Agent 2",256,"0x000074c86aaa4000",2006,96039910149680,96039910150412
"MEMORY_ALLOCATION","MEMORY_ALLOCATION_ALLOCATE","Agent 2",256,"0x000074c86aaa5000",2008,96039910230045,96039910231307
"MEMORY_ALLOCATION","MEMORY_ALLOCATION_ALLOCATE","Agent 2",163840,"0x000074c86aaa6000",2010,96039910407385,96039910409139
"MEMORY_ALLOCATION","MEMORY_ALLOCATION_ALLOCATE","Agent 2",512,"0x000074c86aace000",2012,96039910795160,96039910796283
"MEMORY_ALLOCATION","MEMORY_ALLOCATION_ALLOCATE","Agent 2",16711680,"0x000074c84f600000",2014,96039918232522,96039918314880
"MEMORY_ALLOCATION","MEMORY_ALLOCATION_ALLOCATE","Agent 2",20480,"0x000074c86aacf000",2016,96039919113084,96039919114356
"MEMORY_ALLOCATION","MEMORY_ALLOCATION_ALLOCATE","Agent 2",47349760,"0x000074c84c600000",2018,96039937624685,96039937789121
"MEMORY_ALLOCATION","MEMORY_ALLOCATION_ALLOCATE","Agent 2",20480,"0x000074c86aad4000",2020,96039939656159,96039939657832
"MEMORY_ALLOCATION","MEMORY_ALLOCATION_ALLOCATE","Agent 2",47349760,"0x000074c849600000",2022,96039955876036,96039956028409
"MEMORY_ALLOCATION","MEMORY_ALLOCATION_ALLOCATE","Agent 2",20480,"0x000074c86aad9000",2024,96039957905316,96039957907470
"MEMORY_ALLOCATION","MEMORY_ALLOCATION_ALLOCATE","Agent 2",47349760,"0x000074c846600000",2026,96039974016675,96039974234934
"MEMORY_ALLOCATION","MEMORY_ALLOCATION_ALLOCATE","Agent 2",20480,"0x000074c86aade000",2028,96039976222523,96039976225128
"MEMORY_ALLOCATION","MEMORY_ALLOCATION_ALLOCATE","Agent 2",27852800,"0x000074c844800000",2030,96039986435708,96039986572622
"MEMORY_ALLOCATION","MEMORY_ALLOCATION_ALLOCATE","Agent 2",20480,"0x000074c86aae3000",2032,96039987754242,96039987756527
"MEMORY_ALLOCATION","MEMORY_ALLOCATION_ALLOCATE","Agent 2",16711680,"0x000074c843600000",2034,96039993089665,96039993169318
"MEMORY_ALLOCATION","MEMORY_ALLOCATION_ALLOCATE","Agent 2",20480,"0x000074c86aae8000",2036,96039993957422,96039993959366
"MEMORY_ALLOCATION","MEMORY_ALLOCATION_ALLOCATE","Agent 2",130560,"0x000074c86aaed000",2038,96039994033959,96039994035031
"MEMORY_ALLOCATION","MEMORY_ALLOCATION_ALLOCATE","Agent 2",20480,"0x000074c86ab0d000",2040,96039994277637,96039994278820
"MEMORY_ALLOCATION","MEMORY_ALLOCATION_ALLOCATE","Agent 2",130560,"0x000074c86ab12000",2042,96039994825069,96039994826382
"MEMORY_ALLOCATION","MEMORY_ALLOCATION_ALLOCATE","Agent 2",20480,"0x000074c86ab32000",2044,96039995032297,96039995033339
"MEMORY_ALLOCATION","MEMORY_ALLOCATION_ALLOCATE","Agent 2",256,"0x000074c86ab37000",2046,96039995058157,96039995058919
"MEMORY_ALLOCATION","MEMORY_ALLOCATION_ALLOCATE","Agent 2",256,"0x000074c86ab38000",2048,96039995149593,96039995150745
"MEMORY_ALLOCATION","MEMORY_ALLOCATION_ALLOCATE","Agent 2",163840,"0x000074c86ab39000",2050,96039995262650,96039995263943
"MEMORY_ALLOCATION","MEMORY_ALLOCATION_ALLOCATE","Agent 2",512,"0x000074c86ab61000",2052,96039995305893,96039995306775
"MEMORY_ALLOCATION","MEMORY_ALLOCATION_ALLOCATE","Agent 2",16711680,"0x000074c842400000",2054,96040002642421,96040002718407
"MEMORY_ALLOCATION","MEMORY_ALLOCATION_ALLOCATE","Agent 2",20480,"0x000074c86ab62000",2056,96040003513815,96040003515118
"MEMORY_ALLOCATION","MEMORY_ALLOCATION_ALLOCATE","Agent 2",47349760,"0x000074c83f400000",2058,96040020335499,96040020679250
"MEMORY_ALLOCATION","MEMORY_ALLOCATION_ALLOCATE","Agent 2",20480,"0x000074c86ab67000",2060,96040022406058,96040022408332
"MEMORY_ALLOCATION","MEMORY_ALLOCATION_ALLOCATE","Agent 2",47349760,"0x000074c83c400000",2062,96040037859903,96040038108110
"MEMORY_ALLOCATION","MEMORY_ALLOCATION_ALLOCATE","Agent 2",20480,"0x000074c86ab6c000",2064,96040039986109,96040039988804
"MEMORY_ALLOCATION","MEMORY_ALLOCATION_ALLOCATE","Agent 2",47349760,"0x000074c839400000",2066,96040056503148,96040056741405
"MEMORY_ALLOCATION","MEMORY_ALLOCATION_ALLOCATE","Agent 2",20480,"0x000074c86ab71000",2068,96040058724105,96040058727993
"MEMORY_ALLOCATION","MEMORY_ALLOCATION_ALLOCATE","Agent 2",27852800,"0x000074c837600000",2070,96040070930310,96040071085398
"MEMORY_ALLOCATION","MEMORY_ALLOCATION_ALLOCATE","Agent 2",20480,"0x000074c86ab76000",2072,96040072271367,96040072274062
"MEMORY_ALLOCATION","MEMORY_ALLOCATION_ALLOCATE","Agent 2",16711680,"0x000074c836400000",2074,96040077672426,96040077770374
"MEMORY_ALLOCATION","MEMORY_ALLOCATION_ALLOCATE","Agent 2",20480,"0x000074c86ab7b000",2076,96040078558248,96040078560702
"MEMORY_ALLOCATION","MEMORY_ALLOCATION_ALLOCATE","Agent 2",130560,"0x000074c86ab80000",2078,96040078882371,96040078884024
"MEMORY_ALLOCATION","MEMORY_ALLOCATION_ALLOCATE","Agent 2",20480,"0x000074c86aba0000",2080,96040078940552,96040078941494
"MEMORY_ALLOCATION","MEMORY_ALLOCATION_ALLOCATE","Agent 2",130560,"0x000074c86aba5000",2082,96040078994266,96040078995258
"MEMORY_ALLOCATION","MEMORY_ALLOCATION_ALLOCATE","Agent 2",20480,"0x000074c86abc5000",2084,96040079060012,96040079060954
"MEMORY_ALLOCATION","MEMORY_ALLOCATION_ALLOCATE","Agent 2",256,"0x000074c86abca000",2086,96040079084699,96040079085341
"MEMORY_ALLOCATION","MEMORY_ALLOCATION_ALLOCATE","Agent 2",256,"0x000074c86abcb000",2088,96040079167248,96040079168470
"MEMORY_ALLOCATION","MEMORY_ALLOCATION_ALLOCATE","Agent 2",163840,"0x000074c86abcc000",2090,96040079290014,96040079291356
"MEMORY_ALLOCATION","MEMORY_ALLOCATION_ALLOCATE","Agent 2",512,"0x000074c86abf4000",2092,96040079331604,96040079332526
"MEMORY_ALLOCATION","MEMORY_ALLOCATION_ALLOCATE","Agent 2",16711680,"0x000074c835200000",2094,96040085561485,96040085637421
"MEMORY_ALLOCATION","MEMORY_ALLOCATION_ALLOCATE","Agent 2",20480,"0x000074c86abf5000",2096,96040086440744,96040086442368
"MEMORY_ALLOCATION","MEMORY_ALLOCATION_ALLOCATE","Agent 2",47349760,"0x000074c832200000",2098,96040103789511,96040104025425
"MEMORY_ALLOCATION","MEMORY_ALLOCATION_ALLOCATE","Agent 2",20480,"0x000074c86abfa000",2100,96040105904085,96040105906680
"MEMORY_ALLOCATION","MEMORY_ALLOCATION_ALLOCATE","Agent 2",47349760,"0x000074c82f200000",2102,96040121371967,96040121563215
"MEMORY_ALLOCATION","MEMORY_ALLOCATION_ALLOCATE","Agent 2",20480,"0x000074c82ee00000",2104,96040123486210,96040123558809
"MEMORY_ALLOCATION","MEMORY_ALLOCATION_ALLOCATE","Agent 2",47349760,"0x000074c82be00000",2106,96040141358282,96040141613242
"MEMORY_ALLOCATION","MEMORY_ALLOCATION_ALLOCATE","Agent 2",20480,"0x000074c82ee05000",2108,96040143640978,96040143642652
"MEMORY_ALLOCATION","MEMORY_ALLOCATION_ALLOCATE","Agent 2",33423360,"0x000074c829c00000",2110,96040154582704,96040154785113
"MEMORY_ALLOCATION","MEMORY_ALLOCATION_ALLOCATE","Agent 2",20480,"0x000074c82ee0a000",2112,96040156160485,96040156161848
"MEMORY_ALLOCATION","MEMORY_ALLOCATION_ALLOCATE","Agent 2",2785280,"0x000074c829600000",2114,96040158875342,96040158948162
"MEMORY_ALLOCATION","MEMORY_ALLOCATION_ALLOCATE","Agent 2",20480,"0x000074c82ee0f000",2116,96040159250253,96040159251645
"MEMORY_ALLOCATION","MEMORY_ALLOCATION_ALLOCATE","Agent 2",2785280,"0x000074c829000000",2118,96040160953355,96040161024252
"MEMORY_ALLOCATION","MEMORY_ALLOCATION_ALLOCATE","Agent 2",20480,"0x000074c82ee14000",2120,96040161328877,96040161330109
"MEMORY_ALLOCATION","MEMORY_ALLOCATION_ALLOCATE","Agent 2",16711680,"0x000074c827e00000",2122,96040168058709,96040168204138
"MEMORY_ALLOCATION","MEMORY_ALLOCATION_ALLOCATE","Agent 2",1024,"0x000074c86abff000",2124,96040168988455,96040168992212
"MEMORY_ALLOCATION","MEMORY_ALLOCATION_ALLOCATE","Agent 2",1024,"0x000074c82ee19000",2126,96040169155186,96040169156668
"MEMORY_ALLOCATION","MEMORY_ALLOCATION_ALLOCATE","Agent 2",20480,"0x000074c82ee1a000",2128,96040169352224,96040169353537
"MEMORY_ALLOCATION","MEMORY_ALLOCATION_ALLOCATE","Agent 2",47349760,"0x000074c824e00000",2130,96040187439711,96040187582966
"MEMORY_ALLOCATION","MEMORY_ALLOCATION_ALLOCATE","Agent 2",20480,"0x000074c82ee1f000",2132,96040189463119,96040189465333
"MEMORY_ALLOCATION","MEMORY_ALLOCATION_ALLOCATE","Agent 2",47349760,"0x000074c821e00000",2134,96040205036634,96040205266275
"MEMORY_ALLOCATION","MEMORY_ALLOCATION_ALLOCATE","Agent 2",20480,"0x000074c82ee24000",2136,96040207144665,96040207147019
"MEMORY_ALLOCATION","MEMORY_ALLOCATION_ALLOCATE","Agent 2",47349760,"0x000074c81ee00000",2138,96040223971489,96040224154811
"MEMORY_ALLOCATION","MEMORY_ALLOCATION_ALLOCATE","Agent 2",20480,"0x000074c82ee29000",2140,96040226195172,96040226198168
"MEMORY_ALLOCATION","MEMORY_ALLOCATION_ALLOCATE","Agent 2",27852800,"0x000074c81d000000",2142,96040236102359,96040236182724
"MEMORY_ALLOCATION","MEMORY_ALLOCATION_ALLOCATE","Agent 2",20480,"0x000074c82ee2e000",2144,96040237361108,96040237363743
"MEMORY_ALLOCATION","MEMORY_ALLOCATION_ALLOCATE","Agent 2",16711680,"0x000074c81be00000",2146,96040243058516,96040243134151
"MEMORY_ALLOCATION","MEMORY_ALLOCATION_ALLOCATE","Agent 2",20480,"0x000074c82ee33000",2148,96040243923217,96040243925301
"MEMORY_ALLOCATION","MEMORY_ALLOCATION_ALLOCATE","Agent 2",130560,"0x000074c82ee38000",2150,96040243979816,96040243981179
"MEMORY_ALLOCATION","MEMORY_ALLOCATION_ALLOCATE","Agent 2",20480,"0x000074c82ee58000",2152,96040244039260,96040244040122
"MEMORY_ALLOCATION","MEMORY_ALLOCATION_ALLOCATE","Agent 2",130560,"0x000074c82ee5d000",2154,96040244381177,96040244382640
"MEMORY_ALLOCATION","MEMORY_ALLOCATION_ALLOCATE","Agent 2",20480,"0x000074c82ee7d000",2156,96040244502491,96040244503513
"MEMORY_ALLOCATION","MEMORY_ALLOCATION_ALLOCATE","Agent 2",256,"0x000074c82ee82000",2158,96040244534011,96040244534953
"MEMORY_ALLOCATION","MEMORY_ALLOCATION_ALLOCATE","Agent 2",256,"0x000074c82ee83000",2160,96040244616490,96040244617552
"MEMORY_ALLOCATION","MEMORY_ALLOCATION_ALLOCATE","Agent 2",163840,"0x000074c82ee84000",2162,96040244738995,96040244740207
"MEMORY_ALLOCATION","MEMORY_ALLOCATION_ALLOCATE","Agent 2",512,"0x000074c82eeac000",2164,96040244781968,96040244782739
"MEMORY_ALLOCATION","MEMORY_ALLOCATION_ALLOCATE","Agent 2",16711680,"0x000074c81ac00000",2166,96040250525274,96040250665233
"MEMORY_ALLOCATION","MEMORY_ALLOCATION_ALLOCATE","Agent 2",20480,"0x000074c82eead000",2168,96040251461072,96040251462745
"MEMORY_ALLOCATION","MEMORY_ALLOCATION_ALLOCATE","Agent 2",47349760,"0x000074c816600000",2170,96040271384386,96040271517602
"MEMORY_ALLOCATION","MEMORY_ALLOCATION_ALLOCATE","Agent 2",20480,"0x000074c82eeb2000",2172,96040273388186,96040273390631
"MEMORY_ALLOCATION","MEMORY_ALLOCATION_ALLOCATE","Agent 2",47349760,"0x000074c813600000",2174,96040289474587,96040289633693
"MEMORY_ALLOCATION","MEMORY_ALLOCATION_ALLOCATE","Agent 2",20480,"0x000074c82eeb7000",2176,96040291513245,96040291516391
"MEMORY_ALLOCATION","MEMORY_ALLOCATION_ALLOCATE","Agent 2",47349760,"0x000074c810600000",2178,96040307894923,96040308046935
"MEMORY_ALLOCATION","MEMORY_ALLOCATION_ALLOCATE","Agent 2",20480,"0x000074c82eebc000",2180,96040310051507,96040310054914
"MEMORY_ALLOCATION","MEMORY_ALLOCATION_ALLOCATE","Agent 2",27852800,"0x000074c80e800000",2182,96040319787596,96040319929088
"MEMORY_ALLOCATION","MEMORY_ALLOCATION_ALLOCATE","Agent 2",20480,"0x000074c82eec1000",2184,96040321109135,96040321112231
"MEMORY_ALLOCATION","MEMORY_ALLOCATION_ALLOCATE","Agent 2",16711680,"0x000074c80d600000",2186,96040326705689,96040326790793
"MEMORY_ALLOCATION","MEMORY_ALLOCATION_ALLOCATE","Agent 2",20480,"0x000074c82eec6000",2188,96040327579208,96040327581753
"MEMORY_ALLOCATION","MEMORY_ALLOCATION_ALLOCATE","Agent 2",130560,"0x000074c82eecb000",2190,96040327640676,96040327642009
"MEMORY_ALLOCATION","MEMORY_ALLOCATION_ALLOCATE","Agent 2",20480,"0x000074c82eeeb000",2192,96040327687777,96040327688598
"MEMORY_ALLOCATION","MEMORY_ALLOCATION_ALLOCATE","Agent 2",130560,"0x000074c82eef0000",2194,96040328044472,96040328046015
"MEMORY_ALLOCATION","MEMORY_ALLOCATION_ALLOCATE","Agent 2",20480,"0x000074c82ef10000",2196,96040328488285,96040328489447
"MEMORY_ALLOCATION","MEMORY_ALLOCATION_ALLOCATE","Agent 2",256,"0x000074c82ef15000",2198,96040328519064,96040328519996
"MEMORY_ALLOCATION","MEMORY_ALLOCATION_ALLOCATE","Agent 2",256,"0x000074c82ef16000",2200,96040328604097,96040328605149
"MEMORY_ALLOCATION","MEMORY_ALLOCATION_ALLOCATE","Agent 2",163840,"0x000074c82ef17000",2202,96040328723908,96040328725030
"MEMORY_ALLOCATION","MEMORY_ALLOCATION_ALLOCATE","Agent 2",512,"0x000074c82ef3f000",2204,96040328770467,96040328771289
"MEMORY_ALLOCATION","MEMORY_ALLOCATION_ALLOCATE","Agent 2",16711680,"0x000074c80c400000",2206,96040335309081,96040335388724
"MEMORY_ALLOCATION","MEMORY_ALLOCATION_ALLOCATE","Agent 2",20480,"0x000074c82ef40000",2208,96040336184574,96040336186638
"MEMORY_ALLOCATION","MEMORY_ALLOCATION_ALLOCATE","Agent 2",47349760,"0x000074c809400000",2210,96040355164014,96040355402092
"MEMORY_ALLOCATION","MEMORY_ALLOCATION_ALLOCATE","Agent 2",20480,"0x000074c82ef45000",2212,96040357272766,96040357275231
"MEMORY_ALLOCATION","MEMORY_ALLOCATION_ALLOCATE","Agent 2",47349760,"0x000074c806400000",2214,96040375928905,96040376086578
"MEMORY_ALLOCATION","MEMORY_ALLOCATION_ALLOCATE","Agent 2",20480,"0x000074c82ef4a000",2216,96040377962653,96040377965889
"MEMORY_ALLOCATION","MEMORY_ALLOCATION_ALLOCATE","Agent 2",47349760,"0x000074c803400000",2218,96040395907616,96040396164499
"MEMORY_ALLOCATION","MEMORY_ALLOCATION_ALLOCATE","Agent 2",20480,"0x000074c82ef4f000",2220,96040398148361,96040398151618
"MEMORY_ALLOCATION","MEMORY_ALLOCATION_ALLOCATE","Agent 2",27852800,"0x000074c801600000",2222,96040406984410,96040407139248
"MEMORY_ALLOCATION","MEMORY_ALLOCATION_ALLOCATE","Agent 2",20480,"0x000074c82ef54000",2224,96040408314386,96040408317161
"MEMORY_ALLOCATION","MEMORY_ALLOCATION_ALLOCATE","Agent 2",16711680,"0x000074c800400000",2226,96040413953953,96040414048945
"MEMORY_ALLOCATION","MEMORY_ALLOCATION_ALLOCATE","Agent 2",20480,"0x000074c82ef59000",2228,96040414835006,96040414837310
"MEMORY_ALLOCATION","MEMORY_ALLOCATION_ALLOCATE","Agent 2",130560,"0x000074c82ef5e000",2230,96040415222951,96040415224715
"MEMORY_ALLOCATION","MEMORY_ALLOCATION_ALLOCATE","Agent 2",20480,"0x000074c82ef7e000",2232,96040415501026,96040415501867
"MEMORY_ALLOCATION","MEMORY_ALLOCATION_ALLOCATE","Agent 2",130560,"0x000074c82ef83000",2234,96040415563526,96040415564678
"MEMORY_ALLOCATION","MEMORY_ALLOCATION_ALLOCATE","Agent 2",20480,"0x000074c82efa3000",2236,96040415609584,96040415610366
"MEMORY_ALLOCATION","MEMORY_ALLOCATION_ALLOCATE","Agent 2",256,"0x000074c82efa8000",2238,96040415634001,96040415634783
"MEMORY_ALLOCATION","MEMORY_ALLOCATION_ALLOCATE","Agent 2",256,"0x000074c82efa9000",2240,96040415715878,96040415716860
"MEMORY_ALLOCATION","MEMORY_ALLOCATION_ALLOCATE","Agent 2",163840,"0x000074c82efaa000",2242,96040415831180,96040415832573
"MEMORY_ALLOCATION","MEMORY_ALLOCATION_ALLOCATE","Agent 2",512,"0x000074c82efd2000",2244,96040415874343,96040415875345
"MEMORY_ALLOCATION","MEMORY_ALLOCATION_ALLOCATE","Agent 2",16711680,"0x000074c7ff200000",2246,96040421989664,96040422295361
"MEMORY_ALLOCATION","MEMORY_ALLOCATION_ALLOCATE","Agent 2",20480,"0x000074c82efd3000",2248,96040422938628,96040422940341
"MEMORY_ALLOCATION","MEMORY_ALLOCATION_ALLOCATE","Agent 2",47349760,"0x000074c7fc200000",2250,96040442534582,96040442692175
"MEMORY_ALLOCATION","MEMORY_ALLOCATION_ALLOCATE","Agent 2",20480,"0x000074c82efd8000",2252,96040444565465,96040444567839
"MEMORY_ALLOCATION","MEMORY_ALLOCATION_ALLOCATE","Agent 2",47349760,"0x000074c7f9200000",2254,96040461709558,96040461857352
"MEMORY_ALLOCATION","MEMORY_ALLOCATION_ALLOCATE","Agent 2",20480,"0x000074c82efdd000",2256,96040463742284,96040463746182
"MEMORY_ALLOCATION","MEMORY_ALLOCATION_ALLOCATE","Agent 2",47349760,"0x000074c7f6200000",2258,96040480021556,96040480177145
"MEMORY_ALLOCATION","MEMORY_ALLOCATION_ALLOCATE","Agent 2",20480,"0x000074c82efe2000",2260,96040482202968,96040482206605
"MEMORY_ALLOCATION","MEMORY_ALLOCATION_ALLOCATE","Agent 2",33423360,"0x000074c7f4000000",2262,96040495496092,96040495670176
"MEMORY_ALLOCATION","MEMORY_ALLOCATION_ALLOCATE","Agent 2",20480,"0x000074c82efe7000",2264,96040497085135,96040497089113
"MEMORY_ALLOCATION","MEMORY_ALLOCATION_ALLOCATE","Agent 2",2785280,"0x000074c81a600000",2266,96040499192294,96040499267268
"MEMORY_ALLOCATION","MEMORY_ALLOCATION_ALLOCATE","Agent 2",20480,"0x000074c82efec000",2268,96040499572194,96040499573947
"MEMORY_ALLOCATION","MEMORY_ALLOCATION_ALLOCATE","Agent 2",2785280,"0x000074c7f3a00000",2270,96040501129967,96040501215341
"MEMORY_ALLOCATION","MEMORY_ALLOCATION_ALLOCATE","Agent 2",20480,"0x000074c82eff1000",2272,96040501524165,96040501526439
"MEMORY_ALLOCATION","MEMORY_ALLOCATION_ALLOCATE","Agent 2",16711680,"0x000074c7f2800000",2274,96040507739057,96040507830703
"MEMORY_ALLOCATION","MEMORY_ALLOCATION_ALLOCATE","Agent 2",1024,"0x000074c82eff6000",2276,96040508618537,96040508620641
"MEMORY_ALLOCATION","MEMORY_ALLOCATION_ALLOCATE","Agent 2",1024,"0x000074c82eff7000",2278,96040508702288,96040508703781
"MEMORY_ALLOCATION","MEMORY_ALLOCATION_ALLOCATE","Agent 2",20480,"0x000074c82eff8000",2280,96040508909306,96040508910739
"MEMORY_ALLOCATION","MEMORY_ALLOCATION_ALLOCATE","Agent 2",47349760,"0x000074c7ef800000",2282,96040525554351,96040525731441
"MEMORY_ALLOCATION","MEMORY_ALLOCATION_ALLOCATE","Agent 2",20480,"0x000074c7ef400000",2284,96040527618427,96040527657672
"MEMORY_ALLOCATION","MEMORY_ALLOCATION_ALLOCATE","Agent 2",47349760,"0x000074c7ec400000",2286,96040543558687,96040543768039
"MEMORY_ALLOCATION","MEMORY_ALLOCATION_ALLOCATE","Agent 2",20480,"0x000074c7ef405000",2288,96040545640177,96040545641359
"MEMORY_ALLOCATION","MEMORY_ALLOCATION_ALLOCATE","Agent 2",47349760,"0x000074c7e9400000",2290,96040562110295,96040562276224
"MEMORY_ALLOCATION","MEMORY_ALLOCATION_ALLOCATE","Agent 2",20480,"0x000074c7ef40a000",2292,96040564315553,96040564317567
"MEMORY_ALLOCATION","MEMORY_ALLOCATION_ALLOCATE","Agent 2",27852800,"0x000074c7e7600000",2294,96040573513096,96040573597839
"MEMORY_ALLOCATION","MEMORY_ALLOCATION_ALLOCATE","Agent 2",20480,"0x000074c7ef40f000",2296,96040574776013,96040574777225
"MEMORY_ALLOCATION","MEMORY_ALLOCATION_ALLOCATE","Agent 2",16711680,"0x000074c7e6400000",2298,96040580172403,96040580246856
"MEMORY_ALLOCATION","MEMORY_ALLOCATION_ALLOCATE","Agent 2",20480,"0x000074c7ef414000",2300,96040581035000,96040581036263
"MEMORY_ALLOCATION","MEMORY_ALLOCATION_ALLOCATE","Agent 2",130560,"0x000074c7ef419000",2302,96040581089214,96040581090256
"MEMORY_ALLOCATION","MEMORY_ALLOCATION_ALLOCATE","Agent 2",20480,"0x000074c7ef439000",2304,96040581141295,96040581142196
"MEMORY_ALLOCATION","MEMORY_ALLOCATION_ALLOCATE","Agent 2",130560,"0x000074c7ef43e000",2306,96040581435390,96040581436722
"MEMORY_ALLOCATION","MEMORY_ALLOCATION_ALLOCATE","Agent 2",20480,"0x000074c7ef45e000",2308,96040581557454,96040581558636
"MEMORY_ALLOCATION","MEMORY_ALLOCATION_ALLOCATE","Agent 2",256,"0x000074c82effd000",2310,96040581589315,96040581593023
"MEMORY_ALLOCATION","MEMORY_ALLOCATION_ALLOCATE","Agent 2",256,"0x000074c82effe000",2312,96040581677405,96040581678326
"MEMORY_ALLOCATION","MEMORY_ALLOCATION_ALLOCATE","Agent 2",163840,"0x000074c7ef463000",2314,96040581793959,96040581794971
"MEMORY_ALLOCATION","MEMORY_ALLOCATION_ALLOCATE","Agent 2",512,"0x000074c82efff000",2316,96040581835208,96040581836040
"MEMORY_ALLOCATION","MEMORY_ALLOCATION_ALLOCATE","Agent 2",16711680,"0x000074c7e5200000",2318,96040587399961,96040587477049
"MEMORY_ALLOCATION","MEMORY_ALLOCATION_ALLOCATE","Agent 2",20480,"0x000074c7ef48b000",2320,96040588272638,96040588274291
"MEMORY_ALLOCATION","MEMORY_ALLOCATION_ALLOCATE","Agent 2",47349760,"0x000074c7e2200000",2322,96040606441581,96040606686331
"MEMORY_ALLOCATION","MEMORY_ALLOCATION_ALLOCATE","Agent 2",20480,"0x000074c7ef490000",2324,96040608558418,96040608561164
"MEMORY_ALLOCATION","MEMORY_ALLOCATION_ALLOCATE","Agent 2",47349760,"0x000074c7df200000",2326,96040625719745,96040625869563
"MEMORY_ALLOCATION","MEMORY_ALLOCATION_ALLOCATE","Agent 2",20480,"0x000074c7ef495000",2328,96040627748854,96040627751008
"MEMORY_ALLOCATION","MEMORY_ALLOCATION_ALLOCATE","Agent 2",47349760,"0x000074c7dc200000",2330,96040644120473,96040644283967
"MEMORY_ALLOCATION","MEMORY_ALLOCATION_ALLOCATE","Agent 2",20480,"0x000074c7ef49a000",2332,96040646271386,96040646274923
"MEMORY_ALLOCATION","MEMORY_ALLOCATION_ALLOCATE","Agent 2",27852800,"0x000074c7da400000",2334,96040655396331,96040655605853
"MEMORY_ALLOCATION","MEMORY_ALLOCATION_ALLOCATE","Agent 2",20480,"0x000074c7ef49f000",2336,96040656781993,96040656784468
"MEMORY_ALLOCATION","MEMORY_ALLOCATION_ALLOCATE","Agent 2",16711680,"0x000074c7d9200000",2338,96040662248768,96040662346786
"MEMORY_ALLOCATION","MEMORY_ALLOCATION_ALLOCATE","Agent 2",20480,"0x000074c7ef4a4000",2340,96040663137105,96040663138718
"MEMORY_ALLOCATION","MEMORY_ALLOCATION_ALLOCATE","Agent 2",130560,"0x000074c7ef4a9000",2342,96040663197361,96040663198503
"MEMORY_ALLOCATION","MEMORY_ALLOCATION_ALLOCATE","Agent 2",20480,"0x000074c7ef4c9000",2344,96040663359953,96040663361196
"MEMORY_ALLOCATION","MEMORY_ALLOCATION_ALLOCATE","Agent 2",130560,"0x000074c7ef4ce000",2346,96040663668947,96040663670279
"MEMORY_ALLOCATION","MEMORY_ALLOCATION_ALLOCATE","Agent 2",20480,"0x000074c7ef4ee000",2348,96040663762136,96040663763148
"MEMORY_ALLOCATION","MEMORY_ALLOCATION_ALLOCATE","Agent 2",256,"0x000074c7ef4f3000",2350,96040663790160,96040663791122
"MEMORY_ALLOCATION","MEMORY_ALLOCATION_ALLOCATE","Agent 2",256,"0x000074c7ef4f4000",2352,96040663874201,96040663875554
"MEMORY_ALLOCATION","MEMORY_ALLOCATION_ALLOCATE","Agent 2",163840,"0x000074c7ef4f5000",2354,96040663990595,96040663991527
"MEMORY_ALLOCATION","MEMORY_ALLOCATION_ALLOCATE","Agent 2",512,"0x000074c7ef51d000",2356,96040664048065,96040664048997
"MEMORY_ALLOCATION","MEMORY_ALLOCATION_ALLOCATE","Agent 2",16711680,"0x000074c7d8000000",2358,96040669883699,96040669962340
"MEMORY_ALLOCATION","MEMORY_ALLOCATION_ALLOCATE","Agent 2",20480,"0x000074c7ef51e000",2360,96040670759973,96040670761886
"MEMORY_ALLOCATION","MEMORY_ALLOCATION_ALLOCATE","Agent 2",47349760,"0x000074c7d5000000",2362,96040689995124,96040690154240
"MEMORY_ALLOCATION","MEMORY_ALLOCATION_ALLOCATE","Agent 2",20480,"0x000074c7ef523000",2364,96040692034503,96040692036457
"MEMORY_ALLOCATION","MEMORY_ALLOCATION_ALLOCATE","Agent 2",47349760,"0x000074c7d2000000",2366,96040709324457,96040709427094
"MEMORY_ALLOCATION","MEMORY_ALLOCATION_ALLOCATE","Agent 2",20480,"0x000074c7ef528000",2368,96040711303450,96040711306436
"MEMORY_ALLOCATION","MEMORY_ALLOCATION_ALLOCATE","Agent 2",47349760,"0x000074c7cf000000",2370,96040727478832,96040727642597
"MEMORY_ALLOCATION","MEMORY_ALLOCATION_ALLOCATE","Agent 2",20480,"0x000074c7ef52d000",2372,96040729689941,96040729692696
"MEMORY_ALLOCATION","MEMORY_ALLOCATION_ALLOCATE","Agent 2",27852800,"0x000074c7cd200000",2374,96040738577899,96040738717357
"MEMORY_ALLOCATION","MEMORY_ALLOCATION_ALLOCATE","Agent 2",20480,"0x000074c7ef532000",2376,96040739898527,96040739900962
"MEMORY_ALLOCATION","MEMORY_ALLOCATION_ALLOCATE","Agent 2",16711680,"0x000074c7cc000000",2378,96040745310156,96040745388356
"MEMORY_ALLOCATION","MEMORY_ALLOCATION_ALLOCATE","Agent 2",20480,"0x000074c7ef537000",2380,96040746174918,96040746176901
"MEMORY_ALLOCATION","MEMORY_ALLOCATION_ALLOCATE","Agent 2",130560,"0x000074c7ef53c000",2382,96040746520171,96040746521844
"MEMORY_ALLOCATION","MEMORY_ALLOCATION_ALLOCATE","Agent 2",20480,"0x000074c7ef55c000",2384,96040746574235,96040746575177
"MEMORY_ALLOCATION","MEMORY_ALLOCATION_ALLOCATE","Agent 2",130560,"0x000074c7ef561000",2386,96040746627056,96040746628179
"MEMORY_ALLOCATION","MEMORY_ALLOCATION_ALLOCATE","Agent 2",20480,"0x000074c7ef581000",2388,96040746673175,96040746674107
"MEMORY_ALLOCATION","MEMORY_ALLOCATION_ALLOCATE","Agent 2",256,"0x000074c7ef586000",2390,96040746697001,96040746697742
"MEMORY_ALLOCATION","MEMORY_ALLOCATION_ALLOCATE","Agent 2",256,"0x000074c7ef587000",2392,96040746774109,96040746775091
"MEMORY_ALLOCATION","MEMORY_ALLOCATION_ALLOCATE","Agent 2",163840,"0x000074c7ef588000",2394,96040746893488,96040746895342
"MEMORY_ALLOCATION","MEMORY_ALLOCATION_ALLOCATE","Agent 2",512,"0x000074c7ef5b0000",2396,96040746936792,96040746937593
"MEMORY_ALLOCATION","MEMORY_ALLOCATION_ALLOCATE","Agent 2",16711680,"0x000074c7cae00000",2398,96040752969804,96040753069286
"MEMORY_ALLOCATION","MEMORY_ALLOCATION_ALLOCATE","Agent 2",20480,"0x000074c7ef5b1000",2400,96040753865225,96040753866958
"MEMORY_ALLOCATION","MEMORY_ALLOCATION_ALLOCATE","Agent 2",47349760,"0x000074c7c7e00000",2402,96040770855763,96040770996294
"MEMORY_ALLOCATION","MEMORY_ALLOCATION_ALLOCATE","Agent 2",20480,"0x000074c7ef5b6000",2404,96040772885474,96040772888119
"MEMORY_ALLOCATION","MEMORY_ALLOCATION_ALLOCATE","Agent 2",47349760,"0x000074c7c4e00000",2406,96040789239168,96040789420807
"MEMORY_ALLOCATION","MEMORY_ALLOCATION_ALLOCATE","Agent 2",20480,"0x000074c7ef5bb000",2408,96040791316701,96040791319967
"MEMORY_ALLOCATION","MEMORY_ALLOCATION_ALLOCATE","Agent 2",47349760,"0x000074c7c1e00000",2410,96040807552569,96040807726202
"MEMORY_ALLOCATION","MEMORY_ALLOCATION_ALLOCATE","Agent 2",20480,"0x000074c7ef5c0000",2412,96040809756955,96040809760752
"MEMORY_ALLOCATION","MEMORY_ALLOCATION_ALLOCATE","Agent 2",33423360,"0x000074c7bfc00000",2414,96040820546047,96040820886321
"MEMORY_ALLOCATION","MEMORY_ALLOCATION_ALLOCATE","Agent 2",20480,"0x000074c7ef5c5000",2416,96040822112457,96040822115272
"MEMORY_ALLOCATION","MEMORY_ALLOCATION_ALLOCATE","Agent 2",2785280,"0x000074c7bf600000",2418,96040824261126,96040824334056
"MEMORY_ALLOCATION","MEMORY_ALLOCATION_ALLOCATE","Agent 2",20480,"0x000074c7ef5ca000",2420,96040824722522,96040824724185
"MEMORY_ALLOCATION","MEMORY_ALLOCATION_ALLOCATE","Agent 2",2785280,"0x000074c7bf000000",2422,96040826382732,96040826449360
"MEMORY_ALLOCATION","MEMORY_ALLOCATION_ALLOCATE","Agent 2",20480,"0x000074c7ef5cf000",2424,96040826753485,96040826755368
"MEMORY_ALLOCATION","MEMORY_ALLOCATION_ALLOCATE","Agent 2",16711680,"0x000074c7bde00000",2426,96040832739347,96040832816345
"MEMORY_ALLOCATION","MEMORY_ALLOCATION_ALLOCATE","Agent 2",1024,"0x000074c7ef5d4000",2428,96040833604339,96040833606543
"MEMORY_ALLOCATION","MEMORY_ALLOCATION_ALLOCATE","Agent 2",1024,"0x000074c7ef5d5000",2430,96040833693781,96040833695214
"MEMORY_ALLOCATION","MEMORY_ALLOCATION_ALLOCATE","Agent 2",20480,"0x000074c7ef5d6000",2432,96040833893455,96040833894737
"MEMORY_ALLOCATION","MEMORY_ALLOCATION_ALLOCATE","Agent 2",47349760,"0x000074c7bae00000",2434,96040850380696,96040850684540
"MEMORY_ALLOCATION","MEMORY_ALLOCATION_ALLOCATE","Agent 2",20480,"0x000074c7ef5db000",2436,96040852560445,96040852563340
"MEMORY_ALLOCATION","MEMORY_ALLOCATION_ALLOCATE","Agent 2",47349760,"0x000074c7b7e00000",2438,96040869350267,96040869503852
"MEMORY_ALLOCATION","MEMORY_ALLOCATION_ALLOCATE","Agent 2",20480,"0x000074c7ef5e0000",2440,96040871385699,96040871388804
"MEMORY_ALLOCATION","MEMORY_ALLOCATION_ALLOCATE","Agent 2",47349760,"0x000074c7b4e00000",2442,96040889247872,96040889481982
"MEMORY_ALLOCATION","MEMORY_ALLOCATION_ALLOCATE","Agent 2",3283200,"0x000074cb7ba00000",2444,96040897681137,96040898073952
"MEMORY_ALLOCATION","MEMORY_ALLOCATION_ALLOCATE","Agent 2",8930304,"0x000074cb7ae00000",2446,96040898571388,96040898824123
"MEMORY_ALLOCATION","MEMORY_ALLOCATION_ALLOCATE","Agent 2",3283200,"0x000074cb7a800000",2448,96040898849873,96040899024017
"MEMORY_ALLOCATION","MEMORY_ALLOCATION_ALLOCATE","Agent 2",8930304,"0x000074cb79c00000",2450,96040899040579,96040899225705
"MEMORY_ALLOCATION","MEMORY_ALLOCATION_ALLOCATE","Agent 2",3283200,"0x000074cb79600000",2452,96040899245152,96040899410590
"MEMORY_ALLOCATION","MEMORY_ALLOCATION_ALLOCATE","Agent 2",8930304,"0x000074c819a00000",2454,96040899468532,96040899514310
"MEMORY_ALLOCATION","MEMORY_ALLOCATION_ALLOCATE","Agent 2",3283200,"0x000074cb79000000",2456,96040899530972,96040899696289
"MEMORY_ALLOCATION","MEMORY_ALLOCATION_ALLOCATE","Agent 2",8930304,"0x000074c7b4200000",2458,96040899709795,96040899749311
"MEMORY_ALLOCATION","MEMORY_ALLOCATION_ALLOCATE","Agent 2",3283200,"0x000074c7b3c00000",2460,96040899761585,96040899790831
"MEMORY_ALLOCATION","MEMORY_ALLOCATION_ALLOCATE","Agent 2",8930304,"0x000074c7b3000000",2462,96040899806321,96040899844434
"MEMORY_ALLOCATION","MEMORY_ALLOCATION_ALLOCATE","Agent 2",3283200,"0x000074c7b2a00000",2464,96040899855786,96040899890412
"MEMORY_ALLOCATION","MEMORY_ALLOCATION_ALLOCATE","Agent 2",8930304,"0x000074c7b1e00000",2466,96040899902906,96040899934687
"MEMORY_ALLOCATION","MEMORY_ALLOCATION_ALLOCATE","Agent 2",3283200,"0x000074c7b1800000",2468,96040899946460,96040899975215
"MEMORY_ALLOCATION","MEMORY_ALLOCATION_ALLOCATE","Agent 2",8930304,"0x000074c7b0c00000",2470,96040899987328,96040900040270
"MEMORY_ALLOCATION","MEMORY_ALLOCATION_ALLOCATE","Agent 2",3283200,"0x000074c7b0600000",2472,96040900054037,96040900082962
"MEMORY_ALLOCATION","MEMORY_ALLOCATION_ALLOCATE","Agent 2",8930304,"0x000074c7afa00000",2474,96040900100015,96040900128910
"MEMORY_ALLOCATION","MEMORY_ALLOCATION_ALLOCATE","Agent 2",3283200,"0x000074c7af400000",2476,96040900141424,96040900169068
"MEMORY_ALLOCATION","MEMORY_ALLOCATION_ALLOCATE","Agent 2",8930304,"0x000074c7ae800000",2478,96040900180500,96040900214325
"MEMORY_ALLOCATION","MEMORY_ALLOCATION_ALLOCATE","Agent 2",3283200,"0x000074c7ae200000",2480,96040900228061,96040900257778
"MEMORY_ALLOCATION","MEMORY_ALLOCATION_ALLOCATE","Agent 2",8930304,"0x000074c7ad600000",2482,96040900274310,96040900305931
"MEMORY_ALLOCATION","MEMORY_ALLOCATION_ALLOCATE","Agent 2",3283200,"0x000074c7ad000000",2484,96040900318936,96040900357319
"MEMORY_ALLOCATION","MEMORY_ALLOCATION_ALLOCATE","Agent 2",8930304,"0x000074c7ac400000",2486,96040900369803,96040900401855
"MEMORY_ALLOCATION","MEMORY_ALLOCATION_ALLOCATE","Agent 2",3283200,"0x000074c7abe00000",2488,96040900414910,96040900441822
"MEMORY_ALLOCATION","MEMORY_ALLOCATION_ALLOCATE","Agent 2",8930304,"0x000074c7ab200000",2490,96040900454977,96040900483883
"MEMORY_ALLOCATION","MEMORY_ALLOCATION_ALLOCATE","Agent 2",3283200,"0x000074c7aac00000",2492,96040900495856,96040900535492
"MEMORY_ALLOCATION","MEMORY_ALLOCATION_ALLOCATE","Agent 2",8930304,"0x000074c7aa000000",2494,96040900548096,96040900581310
"MEMORY_ALLOCATION","MEMORY_ALLOCATION_ALLOCATE","Agent 2",3283200,"0x000074c7a9a00000",2496,96040900594014,96040900624423
"MEMORY_ALLOCATION","MEMORY_ALLOCATION_ALLOCATE","Agent 2",8930304,"0x000074c7a8e00000",2498,96040900642778,96040900691812
"MEMORY_ALLOCATION","MEMORY_ALLOCATION_ALLOCATE","Agent 2",3283200,"0x000074c7a8800000",2500,96040900704947,96040900731168
"MEMORY_ALLOCATION","MEMORY_ALLOCATION_ALLOCATE","Agent 2",8930304,"0x000074c7a7c00000",2502,96040900743131,96040900779070
"MEMORY_ALLOCATION","MEMORY_ALLOCATION_ALLOCATE","Agent 2",3283200,"0x000074c7a7600000",2504,96040900791864,96040900829396
"MEMORY_ALLOCATION","MEMORY_ALLOCATION_ALLOCATE","Agent 2",8930304,"0x000074c7a6a00000",2506,96040900841710,96040900876056
"MEMORY_ALLOCATION","MEMORY_ALLOCATION_ALLOCATE","Agent 2",3283200,"0x000074c7a6400000",2508,96040900888179,96040900915522
"MEMORY_ALLOCATION","MEMORY_ALLOCATION_ALLOCATE","Agent 2",8930304,"0x000074c7a5800000",2510,96040900926603,96040900963524
"MEMORY_ALLOCATION","MEMORY_ALLOCATION_ALLOCATE","Agent 2",3283200,"0x000074c7a5200000",2512,96040900974766,96040901026485
"MEMORY_ALLOCATION","MEMORY_ALLOCATION_ALLOCATE","Agent 2",8930304,"0x000074c7a4600000",2514,96040901043718,96040901076942
"MEMORY_ALLOCATION","MEMORY_ALLOCATION_ALLOCATE","Agent 2",3283200,"0x000074c7a4000000",2516,96040901087312,96040901116158
"MEMORY_ALLOCATION","MEMORY_ALLOCATION_ALLOCATE","Agent 2",8930304,"0x000074c7a3400000",2518,96040901128832,96040901159481
"MEMORY_ALLOCATION","MEMORY_ALLOCATION_ALLOCATE","Agent 2",3283200,"0x000074c7a2e00000",2520,96040901170111,96040901202594
"MEMORY_ALLOCATION","MEMORY_ALLOCATION_ALLOCATE","Agent 2",8930304,"0x000074c7a2200000",2522,96040901214116,96040901244835
"MEMORY_ALLOCATION","MEMORY_ALLOCATION_ALLOCATE","Agent 2",3283200,"0x000074c7a1c00000",2524,96040901255445,96040901284852
"MEMORY_ALLOCATION","MEMORY_ALLOCATION_ALLOCATE","Agent 2",8930304,"0x000074c7a1000000",2526,96040901296203,96040901339507
"MEMORY_ALLOCATION","MEMORY_ALLOCATION_ALLOCATE","Agent 2",3283200,"0x000074c7a0a00000",2528,96040901350939,96040901383171
"MEMORY_ALLOCATION","MEMORY_ALLOCATION_ALLOCATE","Agent 2",8930304,"0x000074c79fe00000",2530,96040901397218,96040901428317
"MEMORY_ALLOCATION","MEMORY_ALLOCATION_ALLOCATE","Agent 2",3283200,"0x000074c79f800000",2532,96040901439068,96040901466310
"MEMORY_ALLOCATION","MEMORY_ALLOCATION_ALLOCATE","Agent 2",8930304,"0x000074c79ec00000",2534,96040901476300,96040901516948
"MEMORY_ALLOCATION","MEMORY_ALLOCATION_ALLOCATE","Agent 2",3283200,"0x000074c79e600000",2536,96040901528720,96040901563287
"MEMORY_ALLOCATION","MEMORY_ALLOCATION_ALLOCATE","Agent 2",8930304,"0x000074c79da00000",2538,96040901574418,96040901606680
"MEMORY_ALLOCATION","MEMORY_ALLOCATION_ALLOCATE","Agent 2",3283200,"0x000074c79d400000",2540,96040901617541,96040901657768
"MEMORY_ALLOCATION","MEMORY_ALLOCATION_ALLOCATE","Agent 2",8930304,"0x000074c79c800000",2542,96040901669491,96040901697515
"MEMORY_ALLOCATION","MEMORY_ALLOCATION_ALLOCATE","Agent 2",3283200,"0x000074c79c200000",2544,96040901708275,96040901880777
"MEMORY_ALLOCATION","MEMORY_ALLOCATION_ALLOCATE","Agent 2",8930304,"0x000074c79b600000",2546,96040901891247,96040901920102
"MEMORY_ALLOCATION","MEMORY_ALLOCATION_ALLOCATE","Agent 2",3283200,"0x000074c79b000000",2548,96040901930743,96040901969026
"MEMORY_ALLOCATION","MEMORY_ALLOCATION_ALLOCATE","Agent 2",8930304,"0x000074c79a400000",2550,96040901980729,96040902026827
"MEMORY_ALLOCATION","MEMORY_ALLOCATION_ALLOCATE","Agent 2",3283200,"0x000074c799e00000",2552,96040902039893,96040902071994
"MEMORY_ALLOCATION","MEMORY_ALLOCATION_ALLOCATE","Agent 2",8930304,"0x000074c799200000",2554,96040902083286,96040902121319
"MEMORY_ALLOCATION","MEMORY_ALLOCATION_ALLOCATE","Agent 2",3283200,"0x000074c798c00000",2556,96040902132891,96040902159613
"MEMORY_ALLOCATION","MEMORY_ALLOCATION_ALLOCATE","Agent 2",8930304,"0x000074c798000000",2558,96040902171836,96040902207795
"MEMORY_ALLOCATION","MEMORY_ALLOCATION_ALLOCATE","Agent 2",3283200,"0x000074c797a00000",2560,96040902219197,96040902245969
"MEMORY_ALLOCATION","MEMORY_ALLOCATION_ALLOCATE","Agent 2",8930304,"0x000074c796e00000",2562,96040902259955,96040902298640
"MEMORY_ALLOCATION","MEMORY_ALLOCATION_ALLOCATE","Agent 2",3283200,"0x000074c796800000",2564,96040902310002,96040902336372
"MEMORY_ALLOCATION","MEMORY_ALLOCATION_ALLOCATE","Agent 2",8930304,"0x000074c795c00000",2566,96040902349588,96040902379465
"MEMORY_ALLOCATION","MEMORY_ALLOCATION_ALLOCATE","Agent 2",3283200,"0x000074c795600000",2568,96040902390737,96040902434631
"MEMORY_ALLOCATION","MEMORY_ALLOCATION_ALLOCATE","Agent 2",8930304,"0x000074c794a00000",2570,96040902446504,96040902474818
"MEMORY_ALLOCATION","MEMORY_ALLOCATION_ALLOCATE","Agent 2",3283200,"0x000074c794400000",2572,96040902485890,96040902513162
"MEMORY_ALLOCATION","MEMORY_ALLOCATION_ALLOCATE","Agent 2",8930304,"0x000074c793800000",2574,96040902525446,96040902553459
"MEMORY_ALLOCATION","MEMORY_ALLOCATION_ALLOCATE","Agent 2",3283200,"0x000074c793200000",2576,96040902564140,96040902602924
"MEMORY_ALLOCATION","MEMORY_ALLOCATION_ALLOCATE","Agent 2",8930304,"0x000074c792600000",2578,96040902614186,96040902652620
"MEMORY_ALLOCATION","MEMORY_ALLOCATION_ALLOCATE","Agent 2",3283200,"0x000074c792000000",2580,96040902664072,96040902694060
"MEMORY_ALLOCATION","MEMORY_ALLOCATION_ALLOCATE","Agent 2",8930304,"0x000074c791400000",2582,96040902705111,96040902737092
"MEMORY_ALLOCATION","MEMORY_ALLOCATION_ALLOCATE","Agent 2",3283200,"0x000074c790e00000",2584,96040902748895,96040902775706
"MEMORY_ALLOCATION","MEMORY_ALLOCATION_ALLOCATE","Agent 2",8930304,"0x000074c790200000",2586,96040902786918,96040902815733
"MEMORY_ALLOCATION","MEMORY_ALLOCATION_ALLOCATE","Agent 2",3283200,"0x000074c78fc00000",2588,96040902826574,96040902852634
"MEMORY_ALLOCATION","MEMORY_ALLOCATION_ALLOCATE","Agent 2",8930304,"0x000074c78f000000",2590,96040902864567,96040902900807
"MEMORY_ALLOCATION","MEMORY_ALLOCATION_ALLOCATE","Agent 2",3283200,"0x000074c78ea00000",2592,96040902912780,96040902939241
"MEMORY_ALLOCATION","MEMORY_ALLOCATION_ALLOCATE","Agent 2",8930304,"0x000074c78de00000",2594,96040902952166,96040902983005
"MEMORY_ALLOCATION","MEMORY_ALLOCATION_ALLOCATE","Agent 2",3283200,"0x000074c78d800000",2596,96040902994367,96040903046998
"MEMORY_ALLOCATION","MEMORY_ALLOCATION_ALLOCATE","Agent 2",8930304,"0x000074c78cc00000",2598,96040903059011,96040903087756
"MEMORY_ALLOCATION","MEMORY_ALLOCATION_ALLOCATE","Agent 2",3283200,"0x000074c78c600000",2600,96040903101693,96040903132081
"MEMORY_ALLOCATION","MEMORY_ALLOCATION_ALLOCATE","Agent 2",8930304,"0x000074c78ba00000",2602,96040903142892,96040903170505
"MEMORY_ALLOCATION","MEMORY_ALLOCATION_ALLOCATE","Agent 2",3283200,"0x000074c78b400000",2604,96040903181196,96040903218417
"MEMORY_ALLOCATION","MEMORY_ALLOCATION_ALLOCATE","Agent 2",8930304,"0x000074c78a800000",2606,96040903229488,96040903263574
"MEMORY_ALLOCATION","MEMORY_ALLOCATION_ALLOCATE","Agent 2",3283200,"0x000074c78a200000",2608,96040903279324,96040903314722
"MEMORY_ALLOCATION","MEMORY_ALLOCATION_ALLOCATE","Agent 2",8930304,"0x000074c789600000",2610,96040903326445,96040903360540
"MEMORY_ALLOCATION","MEMORY_ALLOCATION_ALLOCATE","Agent 2",3283200,"0x000074c789000000",2612,96040903372423,96040903398894
"MEMORY_ALLOCATION","MEMORY_ALLOCATION_ALLOCATE","Agent 2",8930304,"0x000074c788400000",2614,96040903410446,96040903438751
"MEMORY_ALLOCATION","MEMORY_ALLOCATION_ALLOCATE","Agent 2",3283200,"0x000074c787e00000",2616,96040903450102,96040903475942
"MEMORY_ALLOCATION","MEMORY_ALLOCATION_ALLOCATE","Agent 2",8930304,"0x000074c787200000",2618,96040903488877,96040903527671
"MEMORY_ALLOCATION","MEMORY_ALLOCATION_ALLOCATE","Agent 2",3283200,"0x000074c786c00000",2620,96040903539424,96040903565674
"MEMORY_ALLOCATION","MEMORY_ALLOCATION_ALLOCATE","Agent 2",8930304,"0x000074c786000000",2622,96040903577036,96040903619949
"MEMORY_ALLOCATION","MEMORY_ALLOCATION_ALLOCATE","Agent 2",3283200,"0x000074c785a00000",2624,96040903631541,96040903677319
"MEMORY_ALLOCATION","MEMORY_ALLOCATION_ALLOCATE","Agent 2",8930304,"0x000074c784e00000",2626,96040903689062,96040903725732
"MEMORY_ALLOCATION","MEMORY_ALLOCATION_ALLOCATE","Agent 2",3283200,"0x000074c784800000",2628,96040903736833,96040903762012
"MEMORY_ALLOCATION","MEMORY_ALLOCATION_ALLOCATE","Agent 2",8930304,"0x000074c783c00000",2630,96040903772602,96040903800546
"MEMORY_ALLOCATION","MEMORY_ALLOCATION_ALLOCATE","Agent 2",3283200,"0x000074c783600000",2632,96040903812789,96040903857044
"MEMORY_ALLOCATION","MEMORY_ALLOCATION_ALLOCATE","Agent 2",8930304,"0x000074c782a00000",2634,96040903869298,96040903897572
"MEMORY_ALLOCATION","MEMORY_ALLOCATION_ALLOCATE","Agent 2",3283200,"0x000074c782400000",2636,96040903907902,96040903936848
"MEMORY_ALLOCATION","MEMORY_ALLOCATION_ALLOCATE","Agent 2",8930304,"0x000074c781800000",2638,96040903947939,96040903979169
"MEMORY_ALLOCATION","MEMORY_ALLOCATION_ALLOCATE","Agent 2",3283200,"0x000074c781200000",2640,96040903990892,96040904045226
"MEMORY_ALLOCATION","MEMORY_ALLOCATION_ALLOCATE","Agent 2",8930304,"0x000074c780600000",2642,96040904057429,96040904086145
"MEMORY_ALLOCATION","MEMORY_ALLOCATION_ALLOCATE","Agent 2",3283200,"0x000074c780000000",2644,96040904097797,96040904124428
"MEMORY_ALLOCATION","MEMORY_ALLOCATION_ALLOCATE","Agent 2",8930304,"0x000074c77f400000",2646,96040904135760,96040904223639
"MEMORY_ALLOCATION","MEMORY_ALLOCATION_ALLOCATE","Agent 2",3283200,"0x000074c77ee00000",2648,96040904235812,96040904266171
"MEMORY_ALLOCATION","MEMORY_ALLOCATION_ALLOCATE","Agent 2",8930304,"0x000074c77e200000",2650,96040904277332,96040904307510
"MEMORY_ALLOCATION","MEMORY_ALLOCATION_ALLOCATE","Agent 2",3283200,"0x000074c77dc00000",2652,96040904318391,96040904351124
"MEMORY_ALLOCATION","MEMORY_ALLOCATION_ALLOCATE","Agent 2",8930304,"0x000074c77d000000",2654,96040904362486,96040904389718
"MEMORY_ALLOCATION","MEMORY_ALLOCATION_ALLOCATE","Agent 2",3283200,"0x000074c77ca00000",2656,96040904400950,96040904434434
"MEMORY_ALLOCATION","MEMORY_ALLOCATION_ALLOCATE","Agent 2",8930304,"0x000074c77be00000",2658,96040904445716,96040904480873
"MEMORY_ALLOCATION","MEMORY_ALLOCATION_ALLOCATE","Agent 2",3283200,"0x000074c77b800000",2660,96040904491213,96040904529256
"MEMORY_ALLOCATION","MEMORY_ALLOCATION_ALLOCATE","Agent 2",8930304,"0x000074c77ac00000",2662,96040904540418,96040904574553
"MEMORY_ALLOCATION","MEMORY_ALLOCATION_ALLOCATE","Agent 2",3283200,"0x000074c77a600000",2664,96040904585474,96040904614700
"MEMORY_ALLOCATION","MEMORY_ALLOCATION_ALLOCATE","Agent 2",8930304,"0x000074c779a00000",2666,96040904625842,96040904658084
"MEMORY_ALLOCATION","MEMORY_ALLOCATION_ALLOCATE","Agent 2",3283200,"0x000074c779400000",2668,96040904669455,96040904696447
"MEMORY_ALLOCATION","MEMORY_ALLOCATION_ALLOCATE","Agent 2",8930304,"0x000074c778800000",2670,96040904710134,96040904737456
"MEMORY_ALLOCATION","MEMORY_ALLOCATION_ALLOCATE","Agent 2",3283200,"0x000074c778200000",2672,96040904748748,96040904777293
"MEMORY_ALLOCATION","MEMORY_ALLOCATION_ALLOCATE","Agent 2",8930304,"0x000074c777600000",2674,96040904790628,96040904825145
"MEMORY_ALLOCATION","MEMORY_ALLOCATION_ALLOCATE","Agent 2",3283200,"0x000074c777000000",2676,96040904836697,96040904864069
"MEMORY_ALLOCATION","MEMORY_ALLOCATION_ALLOCATE","Agent 2",8930304,"0x000074c776400000",2678,96040904877074,96040904915408
"MEMORY_ALLOCATION","MEMORY_ALLOCATION_ALLOCATE","Agent 2",3283200,"0x000074c775e00000",2680,96040904926429,96040904962980
"MEMORY_ALLOCATION","MEMORY_ALLOCATION_ALLOCATE","Agent 2",8930304,"0x000074c775200000",2682,96040904974191,96040905024478
"MEMORY_ALLOCATION","MEMORY_ALLOCATION_ALLOCATE","Agent 2",3283200,"0x000074c774c00000",2684,96040905035940,96040905066939
"MEMORY_ALLOCATION","MEMORY_ALLOCATION_ALLOCATE","Agent 2",8930304,"0x000074c774000000",2686,96040905078001,96040905106405
"MEMORY_ALLOCATION","MEMORY_ALLOCATION_ALLOCATE","Agent 2",3283200,"0x000074c773a00000",2688,96040905116525,96040905153285
"MEMORY_ALLOCATION","MEMORY_ALLOCATION_ALLOCATE","Agent 2",8930304,"0x000074c772e00000",2690,96040905164717,96040905193833
"MEMORY_ALLOCATION","MEMORY_ALLOCATION_ALLOCATE","Agent 2",3283200,"0x000074c772800000",2692,96040905204854,96040905231846
"MEMORY_ALLOCATION","MEMORY_ALLOCATION_ALLOCATE","Agent 2",8930304,"0x000074c771c00000",2694,96040905245172,96040905279848
"MEMORY_ALLOCATION","MEMORY_ALLOCATION_ALLOCATE","Agent 2",3283200,"0x000074c771600000",2696,96040905290569,96040905320657
"MEMORY_ALLOCATION","MEMORY_ALLOCATION_ALLOCATE","Agent 2",8930304,"0x000074c770a00000",2698,96040905331317,96040905359902
"MEMORY_ALLOCATION","MEMORY_ALLOCATION_ALLOCATE","Agent 2",512,"0x000074c7ef5e5000",2700,96040905396092,96040905399057
"MEMORY_ALLOCATION","MEMORY_ALLOCATION_ALLOCATE","Agent 2",512,"0x000074c7ef5e6000",2701,96040905402755,96040905405881
"MEMORY_ALLOCATION","MEMORY_ALLOCATION_ALLOCATE","Agent 2",786432,"0x000074cb78c00000",2704,96040905501595,96040905652204
"MEMORY_ALLOCATION","MEMORY_ALLOCATION_ALLOCATE","Agent 2",24576,"0x000074c7ef5e7000",2706,96040905666301,96040905667734
"MEMORY_ALLOCATION","MEMORY_ALLOCATION_ALLOCATE","Agent 2",1572864,"0x000074c819600000",2708,96040905675950,96040905729402
"MEMORY_ALLOCATION","MEMORY_ALLOCATION_ALLOCATE","Agent 2",122880,"0x000074c819780000",2710,96040905741065,96040905741846
"MEMORY_ALLOCATION","MEMORY_ALLOCATION_ALLOCATE","Agent 2",786432,"0x000074cb78cc0000",2712,96040905749441,96040905750222
"MEMORY_ALLOCATION","MEMORY_ALLOCATION_ALLOCATE","Agent 2",24576,"0x000074c7ef5ed000",2714,96040905757336,96040905760662
"MEMORY_ALLOCATION","MEMORY_ALLOCATION_ALLOCATE","Agent 2",1572864,"0x000074c770600000",2716,96040905770060,96040905801771
"MEMORY_ALLOCATION","MEMORY_ALLOCATION_ALLOCATE","Agent 2",122880,"0x000074c81979e000",2718,96040905812412,96040905813334
"MEMORY_ALLOCATION","MEMORY_ALLOCATION_ALLOCATE","Agent 2",786432,"0x000074c770200000",2720,96040905821088,96040905854022
"MEMORY_ALLOCATION","MEMORY_ALLOCATION_ALLOCATE","Agent 2",24576,"0x000074c7ef5f3000",2722,96040905864903,96040905865985
"MEMORY_ALLOCATION","MEMORY_ALLOCATION_ALLOCATE","Agent 2",1572864,"0x000074c76fe00000",2724,96040905873239,96040905902305
"MEMORY_ALLOCATION","MEMORY_ALLOCATION_ALLOCATE","Agent 2",122880,"0x000074c8197bc000",2726,96040905912755,96040905913626
"MEMORY_ALLOCATION","MEMORY_ALLOCATION_ALLOCATE","Agent 2",786432,"0x000074c7702c0000",2728,96040905921071,96040905921712
"MEMORY_ALLOCATION","MEMORY_ALLOCATION_ALLOCATE","Agent 2",24576,"0x000074c7ef5f9000",2730,96040905929106,96040905930839
"MEMORY_ALLOCATION","MEMORY_ALLOCATION_ALLOCATE","Agent 2",1572864,"0x000074c76fa00000",2732,96040905938955,96040905976878
"MEMORY_ALLOCATION","MEMORY_ALLOCATION_ALLOCATE","Agent 2",122880,"0x000074c8197da000",2734,96040905987939,96040905988861
"MEMORY_ALLOCATION","MEMORY_ALLOCATION_ALLOCATE","Agent 2",786432,"0x000074c76f600000",2736,96040905996485,96040906043416
"MEMORY_ALLOCATION","MEMORY_ALLOCATION_ALLOCATE","Agent 2",24576,"0x000074c8197f8000",2738,96040906055238,96040906056260
"MEMORY_ALLOCATION","MEMORY_ALLOCATION_ALLOCATE","Agent 2",1572864,"0x000074c76f200000",2740,96040906064035,96040906093492
"MEMORY_ALLOCATION","MEMORY_ALLOCATION_ALLOCATE","Agent 2",122880,"0x000074cb78d80000",2742,96040906103842,96040906104854
"MEMORY_ALLOCATION","MEMORY_ALLOCATION_ALLOCATE","Agent 2",786432,"0x000074c76f6c0000",2744,96040906112589,96040906113641
"MEMORY_ALLOCATION","MEMORY_ALLOCATION_ALLOCATE","Agent 2",24576,"0x000074cb78d9e000",2746,96040906121566,96040906122438
"MEMORY_ALLOCATION","MEMORY_ALLOCATION_ALLOCATE","Agent 2",1572864,"0x000074c76ee00000",2748,96040906134140,96040906165270
"MEMORY_ALLOCATION","MEMORY_ALLOCATION_ALLOCATE","Agent 2",122880,"0x000074cb78da4000",2750,96040906176081,96040906176972
"MEMORY_ALLOCATION","MEMORY_ALLOCATION_ALLOCATE","Agent 2",786432,"0x000074c76ea00000",2752,96040906183715,96040906216959
"MEMORY_ALLOCATION","MEMORY_ALLOCATION_ALLOCATE","Agent 2",24576,"0x000074cb78dc2000",2754,96040906227800,96040906228622
"MEMORY_ALLOCATION","MEMORY_ALLOCATION_ALLOCATE","Agent 2",1572864,"0x000074c76e600000",2756,96040906235685,96040906271223
"MEMORY_ALLOCATION","MEMORY_ALLOCATION_ALLOCATE","Agent 2",122880,"0x000074cb78dc8000",2758,96040906282114,96040906283046
"MEMORY_ALLOCATION","MEMORY_ALLOCATION_ALLOCATE","Agent 2",786432,"0x000074c76eac0000",2760,96040906289959,96040906290731
"MEMORY_ALLOCATION","MEMORY_ALLOCATION_ALLOCATE","Agent 2",24576,"0x000074cb78de6000",2762,96040906298065,96040906298927
"MEMORY_ALLOCATION","MEMORY_ALLOCATION_ALLOCATE","Agent 2",1572864,"0x000074c76e200000",2764,96040906309006,96040906338883
"MEMORY_ALLOCATION","MEMORY_ALLOCATION_ALLOCATE","Agent 2",122880,"0x000074c770780000",2766,96040906350315,96040906351207
"MEMORY_ALLOCATION","MEMORY_ALLOCATION_ALLOCATE","Agent 2",786432,"0x000074c76de00000",2768,96040906357660,96040906405982
"MEMORY_ALLOCATION","MEMORY_ALLOCATION_ALLOCATE","Agent 2",24576,"0x000074cb78dec000",2770,96040906417044,96040906418096
"MEMORY_ALLOCATION","MEMORY_ALLOCATION_ALLOCATE","Agent 2",1572864,"0x000074c76ce00000",2772,96040906425540,96040906461689
"MEMORY_ALLOCATION","MEMORY_ALLOCATION_ALLOCATE","Agent 2",122880,"0x000074c77079e000",2774,96040906472630,96040906473662
"MEMORY_ALLOCATION","MEMORY_ALLOCATION_ALLOCATE","Agent 2",786432,"0x000074c76dec0000",2776,96040906480836,96040906481507
"MEMORY_ALLOCATION","MEMORY_ALLOCATION_ALLOCATE","Agent 2",24576,"0x000074cb78df2000",2778,96040906488972,96040906490886
"MEMORY_ALLOCATION","MEMORY_ALLOCATION_ALLOCATE","Agent 2",1572864,"0x000074c76ca00000",2780,96040906502438,96040906539529
"MEMORY_ALLOCATION","MEMORY_ALLOCATION_ALLOCATE","Agent 2",122880,"0x000074c7707bc000",2782,96040906550540,96040906551412
"MEMORY_ALLOCATION","MEMORY_ALLOCATION_ALLOCATE","Agent 2",786432,"0x000074c76c600000",2784,96040906559457,96040906587702
"MEMORY_ALLOCATION","MEMORY_ALLOCATION_ALLOCATE","Agent 2",24576,"0x000074cb78df8000",2786,96040906597490,96040906598342
"MEMORY_ALLOCATION","MEMORY_ALLOCATION_ALLOCATE","Agent 2",1572864,"0x000074c76c200000",2788,96040906605416,96040906634902
"MEMORY_ALLOCATION","MEMORY_ALLOCATION_ALLOCATE","Agent 2",122880,"0x000074c7707da000",2790,96040906645302,96040906646174
"MEMORY_ALLOCATION","MEMORY_ALLOCATION_ALLOCATE","Agent 2",786432,"0x000074c76c6c0000",2792,96040906653548,96040906654209
"MEMORY_ALLOCATION","MEMORY_ALLOCATION_ALLOCATE","Agent 2",24576,"0x000074c7707f8000",2794,96040906670370,96040906673366
"MEMORY_ALLOCATION","MEMORY_ALLOCATION_ALLOCATE","Agent 2",1572864,"0x000074c76be00000",2796,96040906681612,96040906716178
"MEMORY_ALLOCATION","MEMORY_ALLOCATION_ALLOCATE","Agent 2",122880,"0x000074c76ff80000",2798,96040906730987,96040906732119
"MEMORY_ALLOCATION","MEMORY_ALLOCATION_ALLOCATE","Agent 2",786432,"0x000074c76ba00000",2800,96040906741988,96040906771875
"MEMORY_ALLOCATION","MEMORY_ALLOCATION_ALLOCATE","Agent 2",24576,"0x000074c76ff9e000",2802,96040906796032,96040906797074
"MEMORY_ALLOCATION","MEMORY_ALLOCATION_ALLOCATE","Agent 2",1572864,"0x000074c76b600000",2804,96040906808025,96040906845998
"MEMORY_ALLOCATION","MEMORY_ALLOCATION_ALLOCATE","Agent 2",122880,"0x000074c76ffa4000",2806,96040906878160,96040906879292
"MEMORY_ALLOCATION","MEMORY_ALLOCATION_ALLOCATE","Agent 2",786432,"0x000074c76bac0000",2808,96040906898479,96040906899451
"MEMORY_ALLOCATION","MEMORY_ALLOCATION_ALLOCATE","Agent 2",24576,"0x000074c76ffc2000",2810,96040906917575,96040906918617
"MEMORY_ALLOCATION","MEMORY_ALLOCATION_ALLOCATE","Agent 2",1572864,"0x000074c76b200000",2812,96040906933276,96040906972782
"MEMORY_ALLOCATION","MEMORY_ALLOCATION_ALLOCATE","Agent 2",122880,"0x000074c76ffc8000",2814,96040906989544,96040906990566
"MEMORY_ALLOCATION","MEMORY_ALLOCATION_ALLOCATE","Agent 2",786432,"0x000074c76ae00000",2816,96040906997970,96040907078354
"MEMORY_ALLOCATION","MEMORY_ALLOCATION_ALLOCATE","Agent 2",24576,"0x000074c76ffe6000",2818,96040907091149,96040907092141
"MEMORY_ALLOCATION","MEMORY_ALLOCATION_ALLOCATE","Agent 2",1572864,"0x000074c76aa00000",2820,96040907100387,96040907139843
"MEMORY_ALLOCATION","MEMORY_ALLOCATION_ALLOCATE","Agent 2",122880,"0x000074c770380000",2822,96040907151495,96040907152717
"MEMORY_ALLOCATION","MEMORY_ALLOCATION_ALLOCATE","Agent 2",786432,"0x000074c76aec0000",2824,96040907159611,96040907160222
"MEMORY_ALLOCATION","MEMORY_ALLOCATION_ALLOCATE","Agent 2",24576,"0x000074c76ffec000",2826,96040907171012,96040907172044
"MEMORY_ALLOCATION","MEMORY_ALLOCATION_ALLOCATE","Agent 2",1572864,"0x000074c76a600000",2828,96040907182855,96040907221199
"MEMORY_ALLOCATION","MEMORY_ALLOCATION_ALLOCATE","Agent 2",122880,"0x000074c77039e000",2830,96040907232360,96040907233312
"MEMORY_ALLOCATION","MEMORY_ALLOCATION_ALLOCATE","Agent 2",786432,"0x000074c76a200000",2832,96040907240666,96040907273590
"MEMORY_ALLOCATION","MEMORY_ALLOCATION_ALLOCATE","Agent 2",24576,"0x000074c76fff2000",2834,96040907284541,96040907285913
"MEMORY_ALLOCATION","MEMORY_ALLOCATION_ALLOCATE","Agent 2",1572864,"0x000074c769e00000",2836,96040907293638,96040907326872
"MEMORY_ALLOCATION","MEMORY_ALLOCATION_ALLOCATE","Agent 2",122880,"0x000074c7703bc000",2838,96040907337713,96040907338574
"MEMORY_ALLOCATION","MEMORY_ALLOCATION_ALLOCATE","Agent 2",786432,"0x000074c76a2c0000",2840,96040907345628,96040907346369
"MEMORY_ALLOCATION","MEMORY_ALLOCATION_ALLOCATE","Agent 2",24576,"0x000074c76fff8000",2842,96040907353082,96040907354034
"MEMORY_ALLOCATION","MEMORY_ALLOCATION_ALLOCATE","Agent 2",1572864,"0x000074c769a00000",2844,96040907363833,96040907402858
"MEMORY_ALLOCATION","MEMORY_ALLOCATION_ALLOCATE","Agent 2",122880,"0x000074c7703da000",2846,96040907413719,96040907414681
"MEMORY_ALLOCATION","MEMORY_ALLOCATION_ALLOCATE","Agent 2",786432,"0x000074c769600000",2848,96040907422325,96040907455559
"MEMORY_ALLOCATION","MEMORY_ALLOCATION_ALLOCATE","Agent 2",24576,"0x000074c7703f8000",2850,96040907466580,96040907467552
"MEMORY_ALLOCATION","MEMORY_ALLOCATION_ALLOCATE","Agent 2",1572864,"0x000074c769200000",2852,96040907474816,96040907506417
"MEMORY_ALLOCATION","MEMORY_ALLOCATION_ALLOCATE","Agent 2",122880,"0x000074c76fb80000",2854,96040907517408,96040907518380
"MEMORY_ALLOCATION","MEMORY_ALLOCATION_ALLOCATE","Agent 2",786432,"0x000074c7696c0000",2856,96040907525023,96040907525714
"MEMORY_ALLOCATION","MEMORY_ALLOCATION_ALLOCATE","Agent 2",24576,"0x000074c76fb9e000",2858,96040907533960,96040907536896
"MEMORY_ALLOCATION","MEMORY_ALLOCATION_ALLOCATE","Agent 2",1572864,"0x000074c768e00000",2860,96040907547786,96040907579648
"MEMORY_ALLOCATION","MEMORY_ALLOCATION_ALLOCATE","Agent 2",122880,"0x000074c76fba4000",2862,96040907590008,96040907591030
"MEMORY_ALLOCATION","MEMORY_ALLOCATION_ALLOCATE","Agent 2",786432,"0x000074c768a00000",2864,96040907597863,96040907626738
"MEMORY_ALLOCATION","MEMORY_ALLOCATION_ALLOCATE","Agent 2",24576,"0x000074c76fbc2000",2866,96040907636898,96040907637860
"MEMORY_ALLOCATION","MEMORY_ALLOCATION_ALLOCATE","Agent 2",1572864,"0x000074c768600000",2868,96040907644472,96040907689278
"MEMORY_ALLOCATION","MEMORY_ALLOCATION_ALLOCATE","Agent 2",122880,"0x000074c76fbc8000",2870,96040907701211,96040907702253
"MEMORY_ALLOCATION","MEMORY_ALLOCATION_ALLOCATE","Agent 2",786432,"0x000074c768ac0000",2872,96040907709167,96040907709818
"MEMORY_ALLOCATION","MEMORY_ALLOCATION_ALLOCATE","Agent 2",24576,"0x000074c76fbe6000",2874,96040907720418,96040907721390
"MEMORY_ALLOCATION","MEMORY_ALLOCATION_ALLOCATE","Agent 2",1572864,"0x000074c768200000",2876,96040907728574,96040907758481
"MEMORY_ALLOCATION","MEMORY_ALLOCATION_ALLOCATE","Agent 2",122880,"0x000074c76f380000",2878,96040907768791,96040907769553
"MEMORY_ALLOCATION","MEMORY_ALLOCATION_ALLOCATE","Agent 2",786432,"0x000074c767e00000",2880,96040907776356,96040907811082
"MEMORY_ALLOCATION","MEMORY_ALLOCATION_ALLOCATE","Agent 2",24576,"0x000074c76fbec000",2882,96040907822094,96040907823316
"MEMORY_ALLOCATION","MEMORY_ALLOCATION_ALLOCATE","Agent 2",1572864,"0x000074c767a00000",2884,96040907830289,96040907866379
"MEMORY_ALLOCATION","MEMORY_ALLOCATION_ALLOCATE","Agent 2",122880,"0x000074c76f39e000",2886,96040907877300,96040907878312
"MEMORY_ALLOCATION","MEMORY_ALLOCATION_ALLOCATE","Agent 2",786432,"0x000074c767ec0000",2888,96040907885395,96040907886087
"MEMORY_ALLOCATION","MEMORY_ALLOCATION_ALLOCATE","Agent 2",24576,"0x000074c76fbf2000",2890,96040907892659,96040907893481
"MEMORY_ALLOCATION","MEMORY_ALLOCATION_ALLOCATE","Agent 2",1572864,"0x000074c767600000",2892,96040907904903,96040907934409
"MEMORY_ALLOCATION","MEMORY_ALLOCATION_ALLOCATE","Agent 2",122880,"0x000074c76f3bc000",2894,96040907944549,96040907945390
"MEMORY_ALLOCATION","MEMORY_ALLOCATION_ALLOCATE","Agent 2",786432,"0x000074c767200000",2896,96040907951953,96040907981941
"MEMORY_ALLOCATION","MEMORY_ALLOCATION_ALLOCATE","Agent 2",24576,"0x000074c76fbf8000",2898,96040908017569,96040908018721
"MEMORY_ALLOCATION","MEMORY_ALLOCATION_ALLOCATE","Agent 2",1572864,"0x000074c766e00000",2900,96040908039732,96040908079228
"MEMORY_ALLOCATION","MEMORY_ALLOCATION_ALLOCATE","Agent 2",122880,"0x000074c76f3da000",2902,96040908114285,96040908115157
"MEMORY_ALLOCATION","MEMORY_ALLOCATION_ALLOCATE","Agent 2",786432,"0x000074c7672c0000",2904,96040908127540,96040908128242
"MEMORY_ALLOCATION","MEMORY_ALLOCATION_ALLOCATE","Agent 2",24576,"0x000074c76f3f8000",2906,96040908139223,96040908139984
"MEMORY_ALLOCATION","MEMORY_ALLOCATION_ALLOCATE","Agent 2",1572864,"0x000074c766a00000",2908,96040908147168,96040908193237
"MEMORY_ALLOCATION","MEMORY_ALLOCATION_ALLOCATE","Agent 2",122880,"0x000074c76f780000",2910,96040908204849,96040908206232
"MEMORY_ALLOCATION","MEMORY_ALLOCATION_ALLOCATE","Agent 2",786432,"0x000074c766600000",2912,96040908213916,96040908242692
"MEMORY_ALLOCATION","MEMORY_ALLOCATION_ALLOCATE","Agent 2",24576,"0x000074c76f79e000",2914,96040908252831,96040908253693
"MEMORY_ALLOCATION","MEMORY_ALLOCATION_ALLOCATE","Agent 2",1572864,"0x000074c766200000",2916,96040908260977,96040908291405
"MEMORY_ALLOCATION","MEMORY_ALLOCATION_ALLOCATE","Agent 2",122880,"0x000074c76f7a4000",2918,96040908302507,96040908303358
"MEMORY_ALLOCATION","MEMORY_ALLOCATION_ALLOCATE","Agent 2",786432,"0x000074c7666c0000",2920,96040908309831,96040908310532
"MEMORY_ALLOCATION","MEMORY_ALLOCATION_ALLOCATE","Agent 2",24576,"0x000074c76f7c2000",2922,96040908317826,96040908318578
"MEMORY_ALLOCATION","MEMORY_ALLOCATION_ALLOCATE","Agent 2",1572864,"0x000074c765e00000",2924,96040908328336,96040908368333
"MEMORY_ALLOCATION","MEMORY_ALLOCATION_ALLOCATE","Agent 2",122880,"0x000074c76f7c8000",2926,96040908379384,96040908380396
"MEMORY_ALLOCATION","MEMORY_ALLOCATION_ALLOCATE","Agent 2",786432,"0x000074c765a00000",2928,96040908388111,96040908417989
"MEMORY_ALLOCATION","MEMORY_ALLOCATION_ALLOCATE","Agent 2",24576,"0x000074c76f7e6000",2930,96040908428088,96040908428910
"MEMORY_ALLOCATION","MEMORY_ALLOCATION_ALLOCATE","Agent 2",1572864,"0x000074c765600000",2932,96040908436113,96040908464568
"MEMORY_ALLOCATION","MEMORY_ALLOCATION_ALLOCATE","Agent 2",122880,"0x000074c76ef80000",2934,96040908475689,96040908476641
"MEMORY_ALLOCATION","MEMORY_ALLOCATION_ALLOCATE","Agent 2",786432,"0x000074c765ac0000",2936,96040908483134,96040908483945
"MEMORY_ALLOCATION","MEMORY_ALLOCATION_ALLOCATE","Agent 2",24576,"0x000074c76f7ec000",2938,96040908494315,96040908495427
"MEMORY_ALLOCATION","MEMORY_ALLOCATION_ALLOCATE","Agent 2",1572864,"0x000074c765200000",2940,96040908504104,96040908533420
"MEMORY_ALLOCATION","MEMORY_ALLOCATION_ALLOCATE","Agent 2",122880,"0x000074c76ef9e000",2942,96040908544562,96040908545744
"MEMORY_ALLOCATION","MEMORY_ALLOCATION_ALLOCATE","Agent 2",786432,"0x000074c764e00000",2944,96040908553529,96040908591813
"MEMORY_ALLOCATION","MEMORY_ALLOCATION_ALLOCATE","Agent 2",24576,"0x000074c76f7f2000",2946,96040908602774,96040908603866
"MEMORY_ALLOCATION","MEMORY_ALLOCATION_ALLOCATE","Agent 2",1572864,"0x000074c764a00000",2948,96040908611791,96040908642239
"MEMORY_ALLOCATION","MEMORY_ALLOCATION_ALLOCATE","Agent 2",122880,"0x000074c76efbc000",2950,96040908653681,96040908654633
"MEMORY_ALLOCATION","MEMORY_ALLOCATION_ALLOCATE","Agent 2",786432,"0x000074c764ec0000",2952,96040908661456,96040908662138
"MEMORY_ALLOCATION","MEMORY_ALLOCATION_ALLOCATE","Agent 2",24576,"0x000074c76f7f8000",2954,96040908668560,96040908669442
"MEMORY_ALLOCATION","MEMORY_ALLOCATION_ALLOCATE","Agent 2",1572864,"0x000074c764600000",2956,96040908679351,96040908710771
"MEMORY_ALLOCATION","MEMORY_ALLOCATION_ALLOCATE","Agent 2",122880,"0x000074c76efda000",2958,96040908721482,96040908722393
"MEMORY_ALLOCATION","MEMORY_ALLOCATION_ALLOCATE","Agent 2",786432,"0x000074c764200000",2960,96040908729968,96040908763222
"MEMORY_ALLOCATION","MEMORY_ALLOCATION_ALLOCATE","Agent 2",24576,"0x000074c76eff8000",2962,96040908774654,96040908775576
"MEMORY_ALLOCATION","MEMORY_ALLOCATION_ALLOCATE","Agent 2",1572864,"0x000074c763e00000",2964,96040908782579,96040908820622
"MEMORY_ALLOCATION","MEMORY_ALLOCATION_ALLOCATE","Agent 2",122880,"0x000074c76e780000",2966,96040908831643,96040908832816
"MEMORY_ALLOCATION","MEMORY_ALLOCATION_ALLOCATE","Agent 2",786432,"0x000074c7642c0000",2968,96040908839428,96040908840340
"MEMORY_ALLOCATION","MEMORY_ALLOCATION_ALLOCATE","Agent 2",24576,"0x000074c76e79e000",2970,96040908849999,96040908850900
"MEMORY_ALLOCATION","MEMORY_ALLOCATION_ALLOCATE","Agent 2",1572864,"0x000074c763a00000",2972,96040908858605,96040908888603
"MEMORY_ALLOCATION","MEMORY_ALLOCATION_ALLOCATE","Agent 2",122880,"0x000074c76e7a4000",2974,96040908900195,96040908901257
"MEMORY_ALLOCATION","MEMORY_ALLOCATION_ALLOCATE","Agent 2",786432,"0x000074c763600000",2976,96040908908591,96040908944450
"MEMORY_ALLOCATION","MEMORY_ALLOCATION_ALLOCATE","Agent 2",24576,"0x000074c76e7c2000",2978,96040908954830,96040908955742
"MEMORY_ALLOCATION","MEMORY_ALLOCATION_ALLOCATE","Agent 2",1572864,"0x000074c763200000",2980,96040908962585,96040908995939
"MEMORY_ALLOCATION","MEMORY_ALLOCATION_ALLOCATE","Agent 2",122880,"0x000074c76e7c8000",2982,96040909020717,96040909022119
"MEMORY_ALLOCATION","MEMORY_ALLOCATION_ALLOCATE","Agent 2",786432,"0x000074c7636c0000",2984,96040909029143,96040909029894
"MEMORY_ALLOCATION","MEMORY_ALLOCATION_ALLOCATE","Agent 2",24576,"0x000074c76e7e6000",2986,96040909036006,96040909036978
"MEMORY_ALLOCATION","MEMORY_ALLOCATION_ALLOCATE","Agent 2",1572864,"0x000074c762e00000",2988,96040909046877,96040909078187
"MEMORY_ALLOCATION","MEMORY_ALLOCATION_ALLOCATE","Agent 2",122880,"0x000074c76eb80000",2990,96040909088928,96040909089859
"MEMORY_ALLOCATION","MEMORY_ALLOCATION_ALLOCATE","Agent 2",786432,"0x000074c762a00000",2992,96040909097344,96040909133203
"MEMORY_ALLOCATION","MEMORY_ALLOCATION_ALLOCATE","Agent 2",24576,"0x000074c76e7ec000",2994,96040909144074,96040909145136
"MEMORY_ALLOCATION","MEMORY_ALLOCATION_ALLOCATE","Agent 2",1572864,"0x000074c762600000",2996,96040909152510,96040909185904
"MEMORY_ALLOCATION","MEMORY_ALLOCATION_ALLOCATE","Agent 2",122880,"0x000074c76eb9e000",2998,96040909196855,96040909197847
"MEMORY_ALLOCATION","MEMORY_ALLOCATION_ALLOCATE","Agent 2",786432,"0x000074c762ac0000",3000,96040909204680,96040909205472
"MEMORY_ALLOCATION","MEMORY_ALLOCATION_ALLOCATE","Agent 2",24576,"0x000074c76e7f2000",3002,96040909211644,96040909212465
"MEMORY_ALLOCATION","MEMORY_ALLOCATION_ALLOCATE","Agent 2",1572864,"0x000074c762200000",3004,96040909222985,96040909253073
"MEMORY_ALLOCATION","MEMORY_ALLOCATION_ALLOCATE","Agent 2",122880,"0x000074c76ebbc000",3006,96040909263223,96040909264054
"MEMORY_ALLOCATION","MEMORY_ALLOCATION_ALLOCATE","Agent 2",786432,"0x000074c761e00000",3008,96040909270947,96040909307468
"MEMORY_ALLOCATION","MEMORY_ALLOCATION_ALLOCATE","Agent 2",24576,"0x000074c76e7f8000",3010,96040909318228,96040909319210
"MEMORY_ALLOCATION","MEMORY_ALLOCATION_ALLOCATE","Agent 2",1572864,"0x000074c761a00000",3012,96040909326895,96040909358065
"MEMORY_ALLOCATION","MEMORY_ALLOCATION_ALLOCATE","Agent 2",122880,"0x000074c76ebda000",3014,96040909370008,96040909371030
"MEMORY_ALLOCATION","MEMORY_ALLOCATION_ALLOCATE","Agent 2",786432,"0x000074c761ec0000",3016,96040909378354,96040909379125
"MEMORY_ALLOCATION","MEMORY_ALLOCATION_ALLOCATE","Agent 2",24576,"0x000074c76ebf8000",3018,96040909386309,96040909387902
"MEMORY_ALLOCATION","MEMORY_ALLOCATION_ALLOCATE","Agent 2",1572864,"0x000074c761600000",3020,96040909397721,96040909430785
"MEMORY_ALLOCATION","MEMORY_ALLOCATION_ALLOCATE","Agent 2",122880,"0x000074c76e380000",3022,96040909441385,96040909442587
"MEMORY_ALLOCATION","MEMORY_ALLOCATION_ALLOCATE","Agent 2",786432,"0x000074c761200000",3024,96040909449941,96040909479117
"MEMORY_ALLOCATION","MEMORY_ALLOCATION_ALLOCATE","Agent 2",24576,"0x000074c76e39e000",3026,96040909489187,96040909490269
"MEMORY_ALLOCATION","MEMORY_ALLOCATION_ALLOCATE","Agent 2",1572864,"0x000074c760e00000",3028,96040909497653,96040909542750
"MEMORY_ALLOCATION","MEMORY_ALLOCATION_ALLOCATE","Agent 2",122880,"0x000074c76e3a4000",3030,96040909554633,96040909555865
"MEMORY_ALLOCATION","MEMORY_ALLOCATION_ALLOCATE","Agent 2",786432,"0x000074c7612c0000",3032,96040909563490,96040909564361
"MEMORY_ALLOCATION","MEMORY_ALLOCATION_ALLOCATE","Agent 2",24576,"0x000074c76e3c2000",3034,96040909573038,96040909574250
"MEMORY_ALLOCATION","MEMORY_ALLOCATION_ALLOCATE","Agent 2",1572864,"0x000074c760a00000",3036,96040909584801,96040909619648
"MEMORY_ALLOCATION","MEMORY_ALLOCATION_ALLOCATE","Agent 2",122880,"0x000074c76e3c8000",3038,96040909630619,96040909631731
"MEMORY_ALLOCATION","MEMORY_ALLOCATION_ALLOCATE","Agent 2",786432,"0x000074c760600000",3040,96040909638704,96040909667329
"MEMORY_ALLOCATION","MEMORY_ALLOCATION_ALLOCATE","Agent 2",24576,"0x000074c76e3e6000",3042,96040909677909,96040909678791
"MEMORY_ALLOCATION","MEMORY_ALLOCATION_ALLOCATE","Agent 2",1572864,"0x000074c760200000",3044,96040909686185,96040909714069
"MEMORY_ALLOCATION","MEMORY_ALLOCATION_ALLOCATE","Agent 2",122880,"0x000074c76cf80000",3046,96040909725200,96040909726142
"MEMORY_ALLOCATION","MEMORY_ALLOCATION_ALLOCATE","Agent 2",786432,"0x000074c7606c0000",3048,96040909733055,96040909733807
"MEMORY_ALLOCATION","MEMORY_ALLOCATION_ALLOCATE","Agent 2",24576,"0x000074c76e3ec000",3050,96040909740820,96040909743676
"MEMORY_ALLOCATION","MEMORY_ALLOCATION_ALLOCATE","Agent 2",1572864,"0x000074c75fe00000",3052,96040909752192,96040909785967
"MEMORY_ALLOCATION","MEMORY_ALLOCATION_ALLOCATE","Agent 2",122880,"0x000074c76cf9e000",3054,96040909796868,96040909797720
"MEMORY_ALLOCATION","MEMORY_ALLOCATION_ALLOCATE","Agent 2",786432,"0x000074c75fa00000",3056,96040909804823,96040909836715
"MEMORY_ALLOCATION","MEMORY_ALLOCATION_ALLOCATE","Agent 2",24576,"0x000074c76e3f2000",3058,96040909847205,96040909848618
"MEMORY_ALLOCATION","MEMORY_ALLOCATION_ALLOCATE","Agent 2",1572864,"0x000074c75f600000",3060,96040909855761,96040909884957
"MEMORY_ALLOCATION","MEMORY_ALLOCATION_ALLOCATE","Agent 2",122880,"0x000074c76cfbc000",3062,96040909896059,96040909897241
"MEMORY_ALLOCATION","MEMORY_ALLOCATION_ALLOCATE","Agent 2",786432,"0x000074c75fac0000",3064,96040909905407,96040909906399
"MEMORY_ALLOCATION","MEMORY_ALLOCATION_ALLOCATE","Agent 2",24576,"0x000074c76e3f8000",3066,96040909915075,96040909916147
"MEMORY_ALLOCATION","MEMORY_ALLOCATION_ALLOCATE","Agent 2",1572864,"0x000074c75f200000",3068,96040909925084,96040909963268
"MEMORY_ALLOCATION","MEMORY_ALLOCATION_ALLOCATE","Agent 2",122880,"0x000074c76cfda000",3070,96040909974389,96040909975341
"MEMORY_ALLOCATION","MEMORY_ALLOCATION_ALLOCATE","Agent 2",786432,"0x000074c75ee00000",3072,96040909983306,96040910033222
"MEMORY_ALLOCATION","MEMORY_ALLOCATION_ALLOCATE","Agent 2",24576,"0x000074c76cff8000",3074,96040910045275,96040910046347
"MEMORY_ALLOCATION","MEMORY_ALLOCATION_ALLOCATE","Agent 2",1572864,"0x000074c75ea00000",3076,96040910053682,96040910084781
"MEMORY_ALLOCATION","MEMORY_ALLOCATION_ALLOCATE","Agent 2",122880,"0x000074c76df80000",3078,96040910095732,96040910096764
"MEMORY_ALLOCATION","MEMORY_ALLOCATION_ALLOCATE","Agent 2",786432,"0x000074c75eec0000",3080,96040910105431,96040910106223
"MEMORY_ALLOCATION","MEMORY_ALLOCATION_ALLOCATE","Agent 2",24576,"0x000074c76df9e000",3082,96040910114709,96040910116272
"MEMORY_ALLOCATION","MEMORY_ALLOCATION_ALLOCATE","Agent 2",1572864,"0x000074c75e600000",3084,96040910124598,96040910153974
"MEMORY_ALLOCATION","MEMORY_ALLOCATION_ALLOCATE","Agent 2",122880,"0x000074c76dfa4000",3086,96040910165026,96040910165967
"MEMORY_ALLOCATION","MEMORY_ALLOCATION_ALLOCATE","Agent 2",20480,"0x000074c76dfc2000",3088,96040910173602,96040910174634
"MEMORY_ALLOCATION","MEMORY_ALLOCATION_ALLOCATE","Agent 2",20480,"0x000074c76dfc7000",3089,96040910176608,96040910177069
"MEMORY_ALLOCATION","MEMORY_ALLOCATION_ALLOCATE","Agent 2",4,"0x000074c7ef5ff000",3090,96040910178582,96040910179724
"MEMORY_ALLOCATION","MEMORY_ALLOCATION_ALLOCATE","Agent 2",40960,"0x000074c76dfcc000",3091,96040910184072,96040910185124
"MEMORY_ALLOCATION","MEMORY_ALLOCATION_ALLOCATE","Agent 2",24576,"0x000074c76dfd6000",3092,96040910186908,96040910187328
"MEMORY_ALLOCATION","MEMORY_ALLOCATION_ALLOCATE","Agent 2",256,"0x000074c8197fe000",3093,96040910189042,96040910192238
"MEMORY_ALLOCATION","MEMORY_ALLOCATION_ALLOCATE","Agent 2",256,"0x000074c8197ff000",3094,96040910194462,96040910194913
"MEMORY_ALLOCATION","MEMORY_ALLOCATION_ALLOCATE","Agent 2",40960,"0x000074c76dfdc000",3095,96040910197318,96040910197889
"MEMORY_ALLOCATION","MEMORY_ALLOCATION_ALLOCATE","Agent 2",24576,"0x000074c76dfe6000",3096,96040910199662,96040910200263
"MEMORY_ALLOCATION","MEMORY_ALLOCATION_ALLOCATE","Agent 2",24576,"0x000074c76dfec000",3097,96040910202327,96040910202708
"MEMORY_ALLOCATION","MEMORY_ALLOCATION_ALLOCATE","Agent 2",24576,"0x000074c76dff2000",3098,96040910204061,96040910204461
"MEMORY_ALLOCATION","MEMORY_ALLOCATION_ALLOCATE","Agent 2",8192,"0x000074cb78dfe000",3099,96040910206064,96040910206896
"MEMORY_ALLOCATION","MEMORY_ALLOCATION_ALLOCATE","Agent 2",8192,"0x000074c7707fe000",3100,96040910208499,96040910208990
"MEMORY_ALLOCATION","MEMORY_ALLOCATION_ALLOCATE","Agent 2",24576,"0x000074c76dff8000",3101,96040910211044,96040910211515
"MEMORY_ALLOCATION","MEMORY_ALLOCATION_ALLOCATE","Agent 2",24576,"0x000074c76cb80000",3102,96040910212968,96040910213579
"MEMORY_ALLOCATION","MEMORY_ALLOCATION_ALLOCATE","Agent 2",49152,"0x000074c76cb86000",3103,96040910215432,96040910215863
"MEMORY_ALLOCATION","MEMORY_ALLOCATION_ALLOCATE","Agent 2",24576,"0x000074c76cb92000",3104,96040910217667,96040910218118
"MEMORY_ALLOCATION","MEMORY_ALLOCATION_ALLOCATE","Agent 2",24576,"0x000074c76cb98000",3105,96040910220041,96040910220412
"MEMORY_ALLOCATION","MEMORY_ALLOCATION_ALLOCATE","Agent 2",4096,"0x000074c76fffe000",3106,96040910221734,96040910222426
"MEMORY_ALLOCATION","MEMORY_ALLOCATION_ALLOCATE","Agent 2",4096,"0x000074c76ffff000",3107,96040910224790,96040910225191
"MEMORY_ALLOCATION","MEMORY_ALLOCATION_ALLOCATE","Agent 2",24576,"0x000074c76cb9e000",3108,96040910226544,96040910227045
"MEMORY_ALLOCATION","MEMORY_ALLOCATION_ALLOCATE","Agent 2",20480,"0x000074c76cba4000",3109,96040910229109,96040910229529
"MEMORY_ALLOCATION","MEMORY_ALLOCATION_ALLOCATE","Agent 2",69632,"0x000074c76cba9000",3110,96040910230962,96040910231343
"MEMORY_ALLOCATION","MEMORY_ALLOCATION_ALLOCATE","Agent 2",69632,"0x000074c76cbba000",3111,96040910232786,96040910233176
"MEMORY_ALLOCATION","MEMORY_ALLOCATION_ALLOCATE","Agent 2",69632,"0x000074c76cbcb000",3112,96040910234529,96040910234970
"MEMORY_ALLOCATION","MEMORY_ALLOCATION_ALLOCATE","Agent 2",20480,"0x000074c76cbdc000",3113,96040910236793,96040910237184
"MEMORY_ALLOCATION","MEMORY_ALLOCATION_ALLOCATE","Agent 2",993280,"0x000074c75e200000",3114,96040910238727,96040910271320
"MEMORY_ALLOCATION","MEMORY_ALLOCATION_ALLOCATE","Agent 2",256,"0x000074c7703fe000",3115,96040910274526,96040910275277
"MEMORY_ALLOCATION","MEMORY_ALLOCATION_ALLOCATE","Agent 2",512,"0x000074c7703ff000",3116,96040910277021,96040910277411
"MEMORY_ALLOCATION","MEMORY_ALLOCATION_ALLOCATE","Agent 2",69632,"0x000074c76cbe1000",3117,96040910278834,96040910279606
"MEMORY_ALLOCATION","MEMORY_ALLOCATION_ALLOCATE","Agent 2",203692032,"0x000074c751c00000",3118,96040910289565,96040910335263
"MEMORY_ALLOCATION","MEMORY_ALLOCATION_ALLOCATE","Agent 2",268435456,"0x000074c741a00000",3119,96040910360892,96040910399807
"MEMORY_ALLOCATION","MEMORY_ALLOCATION_FREE","",0,"0x000074c741a00000",26242,96045910490530,96045910610521
"MEMORY_ALLOCATION","MEMORY_ALLOCATION_ALLOCATE","Agent 2",41943040,"0x000074c74f200000",26243,96045910657501,96045910719410
"MEMORY_ALLOCATION","MEMORY_ALLOCATION_ALLOCATE","Agent 2",41943040,"0x000074c74c800000",26244,96045910724670,96045910766009
"MEMORY_ALLOCATION","MEMORY_ALLOCATION_ALLOCATE","Agent 2",41943040,"0x000074c749e00000",26245,96045910770278,96045910814553
"MEMORY_ALLOCATION","MEMORY_ALLOCATION_ALLOCATE","Agent 2",83886080,"0x000074c744c00000",26246,96045910818039,96045910853087
"MEMORY_ALLOCATION","MEMORY_ALLOCATION_ALLOCATE","Agent 2",50331648,"0x000074c741a00000",26247,96045910856423,96045910889968
"MEMORY_ALLOCATION","MEMORY_ALLOCATION_ALLOCATE","Agent 2",393216,"0x000074c76c380000",26248,96045910897762,96045910900167
"MEMORY_ALLOCATION","MEMORY_ALLOCATION_ALLOCATE","Agent 2",393216,"0x000074c76c780000",26249,96045910903183,96045910904105
"MEMORY_ALLOCATION","MEMORY_ALLOCATION_ALLOCATE","Agent 2",16777216,"0x000074c740800000",26250,96045910906209,96045910946356
"MEMORY_ALLOCATION","MEMORY_ALLOCATION_ALLOCATE","Agent 2",16777216,"0x000074c73f600000",26251,96045910957227,96045911065715
"MEMORY_ALLOCATION","MEMORY_ALLOCATION_ALLOCATE","Agent 2",50331648,"0x000074c73c400000",26252,96045911073550,96045911133986
"MEMORY_ALLOCATION","MEMORY_ALLOCATION_ALLOCATE","Agent 2",50331648,"0x000074c739200000",26253,96045911138635,96045911180867
"MEMORY_ALLOCATION","MEMORY_ALLOCATION_ALLOCATE","Agent 2",50331648,"0x000074c736000000",26254,96045911188080,96045911239028
"MEMORY_ALLOCATION","MEMORY_ALLOCATION_ALLOCATE","Agent 2",50331648,"0x000074c732e00000",26255,96045911242525,96045911277001
"MEMORY_ALLOCATION","MEMORY_ALLOCATION_ALLOCATE","Agent 2",50331648,"0x000074c72fc00000",26256,96045911280698,96045911322378
"MEMORY_ALLOCATION","MEMORY_ALLOCATION_ALLOCATE","Agent 2",142606336,"0x000074c727200000",26257,96045911326677,96045911361313
"MEMORY_ALLOCATION","MEMORY_ALLOCATION_ALLOCATE","Agent 2",142606336,"0x000074c71e800000",26258,96045911364179,96045911402302
"MEMORY_ALLOCATION","MEMORY_ALLOCATION_ALLOCATE","Agent 2",142606336,"0x000074c715e00000",26259,96045911408654,96045911443541
"MEMORY_ALLOCATION","MEMORY_ALLOCATION_ALLOCATE","Agent 2",50331648,"0x000074c712c00000",26260,96045911447399,96045911482406
"MEMORY_ALLOCATION","MEMORY_ALLOCATION_ALLOCATE","Agent 2",8192,"0x000074c76fbfe000",26261,96045911486163,96045911488548
"MEMORY_ALLOCATION","MEMORY_ALLOCATION_ALLOCATE","Agent 2",8192,"0x000074c76f3fe000",26262,96045911491273,96045911495551
"MEMORY_ALLOCATION","MEMORY_ALLOCATION_ALLOCATE","Agent 2",8192,"0x000074c76f7fe000",26263,96045911499469,96045911500861
"MEMORY_ALLOCATION","MEMORY_ALLOCATION_ALLOCATE","Agent 2",100663296,"0x000074c70ca00000",26264,96045911504118,96045911549345
"MEMORY_ALLOCATION","MEMORY_ALLOCATION_ALLOCATE","Agent 2",50331648,"0x000074c709800000",26265,96045911552561,96045911584131
"MEMORY_ALLOCATION","MEMORY_ALLOCATION_ALLOCATE","Agent 2",50331648,"0x000074c706600000",26266,96045911590413,96045911623307
"MEMORY_ALLOCATION","MEMORY_ALLOCATION_ALLOCATE","Agent 2",8388608,"0x000074c705c00000",26267,96045911626934,96045911664255
"MEMORY_ALLOCATION","MEMORY_ALLOCATION_ALLOCATE","Agent 2",8388608,"0x000074c705200000",26268,96045911667973,96045911709923
"MEMORY_ALLOCATION","MEMORY_ALLOCATION_ALLOCATE","Agent 2",50331648,"0x000074c702000000",26269,96045911713139,96045911744449
"MEMORY_ALLOCATION","MEMORY_ALLOCATION_ALLOCATE","Agent 2",50331648,"0x000074c6fee00000",26270,96045911747255,96045911831136
"MEMORY_ALLOCATION","MEMORY_ALLOCATION_ALLOCATE","Agent 2",1024,"0x000074c76effe000",26276,96045912877627,96045912880212
"MEMORY_ALLOCATION","MEMORY_ALLOCATION_ALLOCATE","Agent 2",1024,"0x000074c76efff000",26277,96045912884440,96045912885222
"MEMORY_ALLOCATION","MEMORY_ALLOCATION_ALLOCATE","Agent 2",131072,"0x000074c76c3e0000",26280,96045912936430,96045912937332
"MEMORY_ALLOCATION","MEMORY_ALLOCATION_ALLOCATE","Agent 2",32768,"0x000074c76cbf2000",26281,96045912939336,96045912941470
"MEMORY_ALLOCATION","MEMORY_ALLOCATION_ALLOCATE","Agent 2",512,"0x000074c76e7fe000",26282,96045912944385,96045912946209
"MEMORY_ALLOCATION","MEMORY_ALLOCATION_ALLOCATE","Agent 2",11796480,"0x000074c6fe000000",26288,96045915290514,96045915361610
"MEMORY_ALLOCATION","MEMORY_ALLOCATION_ALLOCATE","Agent 2",20971520,"0x000074c6fca00000",26298,96045918108398,96045918155088
"MEMORY_ALLOCATION","MEMORY_ALLOCATION_ALLOCATE","Agent 2",14155776,"0x000074c6fba00000",26319,96045920804098,96045920852782
"MEMORY_ALLOCATION","MEMORY_ALLOCATION_ALLOCATE","Agent 2",40108032,"0x000074c6f9000000",26330,96045921441774,96045921489185
"MEMORY_ALLOCATION","MEMORY_ALLOCATION_ALLOCATE","Agent 2",268435456,"0x000074c6e8800000",32114,96053121487453,96053121562837
"MEMORY_ALLOCATION","MEMORY_ALLOCATION_FREE","",0,"0x000074c6e8800000",54935,96058121731787,96058121827081
